"";"Chemin";"Positions";"Distance"
"Helsinski";"Murmansk - ID5 - ID3 - Petrograd - ID42 - Helsinski";"1204;-4256|1140;-4378|1209;-4843|1089;-4834|1006;-4742|886;-4736";972,25355769784
"Helsinski1";"Helsinski - ID42 - Petrograd - ID3 - ID5 - Murmansk";"886;-4736|1006;-4742|1089;-4834|1209;-4843|1140;-4378|1204;-4256";972,25355769784
"ID3";"Murmansk - ID5 - ID3";"1204;-4256|1140;-4378|1209;-4843";607,859401253213
"ID31";"ID3 - ID5 - Murmansk";"1209;-4843|1140;-4378|1204;-4256";607,859401253213
"Petrograd";"Murmansk - ID5 - ID3 - Petrograd";"1204;-4256|1140;-4378|1209;-4843|1089;-4834";728,196427974003
"Petrograd1";"Petrograd - ID3 - ID5 - Murmansk";"1089;-4834|1209;-4843|1140;-4378|1204;-4256";728,196427974003
"ID5";"Murmansk - ID5";"1204;-4256|1140;-4378";137,767920794356
"ID51";"ID5 - Murmansk";"1140;-4378|1204;-4256";137,767920794356
"Archangel";"Murmansk - ID5 - ID3 - Moscou - Archangel";"1204;-4256|1140;-4378|1209;-4843|1352;-5056|1481;-4548";1388,53266842345
"Archangel1";"Archangel - Moscou - ID3 - ID5 - Murmansk";"1481;-4548|1352;-5056|1209;-4843|1140;-4378|1204;-4256";1388,53266842345
"Tallin";"Murmansk - ID5 - ID3 - Petrograd - ID43 - Tallin";"1204;-4256|1140;-4378|1209;-4843|1089;-4834|1033;-4904|940;-4853";923,906184476045
"Tallin1";"Tallin - ID43 - Petrograd - ID3 - ID5 - Murmansk";"940;-4853|1033;-4904|1089;-4834|1209;-4843|1140;-4378|1204;-4256";923,906184476045
"Riga";"Murmansk - ID5 - ID3 - Petrograd - ID43 - Riga";"1204;-4256|1140;-4378|1209;-4843|1089;-4834|1033;-4904|890;-5014";998,253581433487
"Riga1";"Riga - ID43 - Petrograd - ID3 - ID5 - Murmansk";"890;-5014|1033;-4904|1089;-4834|1209;-4843|1140;-4378|1204;-4256";998,253581433487
"Minsk";"Murmansk - ID5 - ID3 - Petrograd - ID43 - Riga - Minsk";"1204;-4256|1140;-4378|1209;-4843|1089;-4834|1033;-4904|890;-5014|1016;-5187";1212,27460843784
"Minsk1";"Minsk - Riga - ID43 - Petrograd - ID3 - ID5 - Murmansk";"1016;-5187|890;-5014|1033;-4904|1089;-4834|1209;-4843|1140;-4378|1204;-4256";1212,27460843784
"Br.Litovsk";"Murmansk - ID5 - ID3 - Petrograd - ID43 - Riga - Br.Litovsk";"1204;-4256|1140;-4378|1209;-4843|1089;-4834|1033;-4904|890;-5014|873;-5278";1262,8003636857
"Br.Litovsk1";"Br.Litovsk - Riga - ID43 - Petrograd - ID3 - ID5 - Murmansk";"873;-5278|890;-5014|1033;-4904|1089;-4834|1209;-4843|1140;-4378|1204;-4256";1262,8003636857
"Moscou";"Murmansk - ID5 - ID3 - Moscou";"1204;-4256|1140;-4378|1209;-4843|1352;-5056";864,409591274581
"Moscou1";"Moscou - ID3 - ID5 - Murmansk";"1352;-5056|1209;-4843|1140;-4378|1204;-4256";864,409591274581
"Kiev";"Murmansk - ID5 - ID3 - Moscou - Kiev";"1204;-4256|1140;-4378|1209;-4843|1352;-5056|1131;-5381";1257,43121917819
"Kiev1";"Kiev - Moscou - ID3 - ID5 - Murmansk";"1131;-5381|1352;-5056|1209;-4843|1140;-4378|1204;-4256";1257,43121917819
"Kharkov";"Murmansk - ID5 - ID3 - Moscou - Kharkov";"1204;-4256|1140;-4378|1209;-4843|1352;-5056|1284;-5427";1241,58991949969
"Kharkov1";"Kharkov - Moscou - ID3 - ID5 - Murmansk";"1284;-5427|1352;-5056|1209;-4843|1140;-4378|1204;-4256";1241,58991949969
"Sebastopol";"Murmansk - ID5 - ID3 - Moscou - Kharkov - Sebastopol";"1204;-4256|1140;-4378|1209;-4843|1352;-5056|1284;-5427|1221;-5670";1492,62378175735
"Sebastopol1";"Sebastopol - Kharkov - Moscou - ID3 - ID5 - Murmansk";"1221;-5670|1284;-5427|1352;-5056|1209;-4843|1140;-4378|1204;-4256";1492,62378175735
"Rostov";"Murmansk - ID5 - ID3 - Moscou - ID17 - Rostov";"1204;-4256|1140;-4378|1209;-4843|1352;-5056|1485;-5272|1448;-5553";1401,49822896936
"Rostov1";"Rostov - ID17 - Moscou - ID3 - ID5 - Murmansk";"1448;-5553|1485;-5272|1352;-5056|1209;-4843|1140;-4378|1204;-4256";1401,49822896936
"Tsaritsyn";"Murmansk - ID5 - ID3 - Moscou - ID17 - Tsaritsyn";"1204;-4256|1140;-4378|1209;-4843|1352;-5056|1485;-5272|1618;-5475";1360,76185528289
"Tsaritsyn1";"Tsaritsyn - ID17 - Moscou - ID3 - ID5 - Murmansk";"1618;-5475|1485;-5272|1352;-5056|1209;-4843|1140;-4378|1204;-4256";1360,76185528289
"ID17";"Murmansk - ID5 - ID3 - Moscou - ID17";"1204;-4256|1140;-4378|1209;-4843|1352;-5056|1485;-5272";1118,07275375585
"ID171";"ID17 - Moscou - ID3 - ID5 - Murmansk";"1485;-5272|1352;-5056|1209;-4843|1140;-4378|1204;-4256";1118,07275375585
"ID18";"Murmansk - ID5 - ID3 - Moscou - ID18";"1204;-4256|1140;-4378|1209;-4843|1352;-5056|1650;-5185";1189,13255011796
"ID181";"ID18 - Moscou - ID3 - ID5 - Murmansk";"1650;-5185|1352;-5056|1209;-4843|1140;-4378|1204;-4256";1189,13255011796
"Kazan";"Murmansk - ID5 - ID3 - Moscou - Kazan";"1204;-4256|1140;-4378|1209;-4843|1352;-5056|1784;-5076";1296,87230643047
"Kazan1";"Kazan - Moscou - ID3 - ID5 - Murmansk";"1784;-5076|1352;-5056|1209;-4843|1140;-4378|1204;-4256";1296,87230643047
"Samara";"Murmansk - ID5 - ID3 - Moscou - ID18 - Samara";"1204;-4256|1140;-4378|1209;-4843|1352;-5056|1650;-5185|1827;-5227";1371,04736534751
"Samara1";"Samara - ID18 - Moscou - ID3 - ID5 - Murmansk";"1827;-5227|1650;-5185|1352;-5056|1209;-4843|1140;-4378|1204;-4256";1371,04736534751
"Tbilissi";"Murmansk - ID5 - ID3 - Moscou - ID17 - Tsaritsyn - Tbilissi";"1204;-4256|1140;-4378|1209;-4843|1352;-5056|1485;-5272|1618;-5475|1514;-5675";1586,18590014057
"Tbilissi1";"Tbilissi - Tsaritsyn - ID17 - Moscou - ID3 - ID5 - Murmansk";"1514;-5675|1618;-5475|1485;-5272|1352;-5056|1209;-4843|1140;-4378|1204;-4256";1586,18590014057
"Erevan";"Murmansk - ID5 - ID3 - Moscou - ID17 - Tsaritsyn - Tbilissi - Erevan";"1204;-4256|1140;-4378|1209;-4843|1352;-5056|1485;-5272|1618;-5475|1514;-5675|1529;-5820";1731,95969751171
"Erevan1";"Erevan - Tbilissi - Tsaritsyn - ID17 - Moscou - ID3 - ID5 - Murmansk";"1529;-5820|1514;-5675|1618;-5475|1485;-5272|1352;-5056|1209;-4843|1140;-4378|1204;-4256";1731,95969751171
"Bakou";"Murmansk - ID5 - ID3 - Moscou - ID17 - Tsaritsyn - Tbilissi - Bakou";"1204;-4256|1140;-4378|1209;-4843|1352;-5056|1485;-5272|1618;-5475|1514;-5675|1710;-5819";1829,39774195754
"Bakou1";"Bakou - Tbilissi - Tsaritsyn - ID17 - Moscou - ID3 - ID5 - Murmansk";"1710;-5819|1514;-5675|1618;-5475|1485;-5272|1352;-5056|1209;-4843|1140;-4378|1204;-4256";1829,39774195754
"ID24";"Murmansk - ID5 - ID3 - Moscou - ID18 - Samara - ID24";"1204;-4256|1140;-4378|1209;-4843|1352;-5056|1650;-5185|1827;-5227|2263;-5525";1899,15720240794
"ID241";"ID24 - Samara - ID18 - Moscou - ID3 - ID5 - Murmansk";"2263;-5525|1827;-5227|1650;-5185|1352;-5056|1209;-4843|1140;-4378|1204;-4256";1899,15720240794
"Tashkent";"Murmansk - ID5 - ID3 - Moscou - ID18 - Samara - ID24 - Tashkent";"1204;-4256|1140;-4378|1209;-4843|1352;-5056|1650;-5185|1827;-5227|2263;-5525|2469;-5875";2305,2803364449
"Tashkent1";"Tashkent - ID24 - Samara - ID18 - Moscou - ID3 - ID5 - Murmansk";"2469;-5875|2263;-5525|1827;-5227|1650;-5185|1352;-5056|1209;-4843|1140;-4378|1204;-4256";2305,2803364449
"Perm";"Murmansk - ID5 - ID3 - Moscou - Kazan - Perm";"1204;-4256|1140;-4378|1209;-4843|1352;-5056|1784;-5076|2111;-4978";1638,2416079208
"Perm1";"Perm - Kazan - Moscou - ID3 - ID5 - Murmansk";"2111;-4978|1784;-5076|1352;-5056|1209;-4843|1140;-4378|1204;-4256";1638,2416079208
"Yekaterin...";"Murmansk - ID5 - ID3 - Moscou - Kazan - Perm - Yekaterin...";"1204;-4256|1140;-4378|1209;-4843|1352;-5056|1784;-5076|2111;-4978|2238;-5034";1777,04002289734
"Yekaterin...1";"Yekaterin... - Perm - Kazan - Moscou - ID3 - ID5 - Murmansk";"2238;-5034|2111;-4978|1784;-5076|1352;-5056|1209;-4843|1140;-4378|1204;-4256";1777,04002289734
"Omsk";"Murmansk - ID5 - ID3 - Moscou - ID18 - Samara - Omsk";"1204;-4256|1140;-4378|1209;-4843|1352;-5056|1650;-5185|1827;-5227|2661;-5156";2208,06409158421
"Omsk1";"Omsk - Samara - ID18 - Moscou - ID3 - ID5 - Murmansk";"2661;-5156|1827;-5227|1650;-5185|1352;-5056|1209;-4843|1140;-4378|1204;-4256";2208,06409158421
"Novosibirsk";"Murmansk - ID5 - ID3 - Moscou - ID18 - Samara - Omsk - Novosibirsk";"1204;-4256|1140;-4378|1209;-4843|1352;-5056|1650;-5185|1827;-5227|2661;-5156|2992;-5135";2539,72958571949
"Novosibirsk1";"Novosibirsk - Omsk - Samara - ID18 - Moscou - ID3 - ID5 - Murmansk";"2992;-5135|2661;-5156|1827;-5227|1650;-5185|1352;-5056|1209;-4843|1140;-4378|1204;-4256";2539,72958571949
"Irkustk";"Murmansk - ID5 - ID3 - Moscou - ID18 - Samara - Omsk - Novosibirsk - ID31 - Irkustk";"1204;-4256|1140;-4378|1209;-4843|1352;-5056|1650;-5185|1827;-5227|2661;-5156|2992;-5135|3675;-5202|3775;-5327";3386,08606083213
"Irkustk1";"Irkustk - ID31 - Novosibirsk - Omsk - Samara - ID18 - Moscou - ID3 - ID5 - Murmansk";"3775;-5327|3675;-5202|2992;-5135|2661;-5156|1827;-5227|1650;-5185|1352;-5056|1209;-4843|1140;-4378|1204;-4256";3386,08606083213
"ID311";"Murmansk - ID5 - ID3 - Moscou - ID18 - Samara - Omsk - Novosibirsk - ID31";"1204;-4256|1140;-4378|1209;-4843|1352;-5056|1650;-5185|1827;-5227|2661;-5156|2992;-5135|3675;-5202";3226,00795489631
"ID312";"ID31 - Novosibirsk - Omsk - Samara - ID18 - Moscou - ID3 - ID5 - Murmansk";"3675;-5202|2992;-5135|2661;-5156|1827;-5227|1650;-5185|1352;-5056|1209;-4843|1140;-4378|1204;-4256";3226,00795489631
"ID32";"Murmansk - ID5 - ID3 - Moscou - ID18 - Samara - Omsk - Novosibirsk - ID31 - Irkustk - ID32";"1204;-4256|1140;-4378|1209;-4843|1352;-5056|1650;-5185|1827;-5227|2661;-5156|2992;-5135|3675;-5202|3775;-5327|4263;-5345";3874,41791520987
"ID321";"ID32 - Irkustk - ID31 - Novosibirsk - Omsk - Samara - ID18 - Moscou - ID3 - ID5 - Murmansk";"4263;-5345|3775;-5327|3675;-5202|2992;-5135|2661;-5156|1827;-5227|1650;-5185|1352;-5056|1209;-4843|1140;-4378|1204;-4256";3874,41791520987
"ID33";"Murmansk - ID5 - ID3 - Moscou - ID18 - Samara - Omsk - Novosibirsk - ID31 - Irkustk - ID32 - ID33";"1204;-4256|1140;-4378|1209;-4843|1352;-5056|1650;-5185|1827;-5227|2661;-5156|2992;-5135|3675;-5202|3775;-5327|4263;-5345|4361;-5198";4051,08992770761
"ID331";"ID33 - ID32 - Irkustk - ID31 - Novosibirsk - Omsk - Samara - ID18 - Moscou - ID3 - ID5 - Murmansk";"4361;-5198|4263;-5345|3775;-5327|3675;-5202|2992;-5135|2661;-5156|1827;-5227|1650;-5185|1352;-5056|1209;-4843|1140;-4378|1204;-4256";4051,08992770761
"ID34";"Murmansk - ID5 - ID3 - Moscou - ID18 - Samara - Omsk - Novosibirsk - ID31 - Irkustk - ID32 - ID33 - ID34";"1204;-4256|1140;-4378|1209;-4843|1352;-5056|1650;-5185|1827;-5227|2661;-5156|2992;-5135|3675;-5202|3775;-5327|4263;-5345|4361;-5198|4496;-5185";4186,71440927343
"ID341";"ID34 - ID33 - ID32 - Irkustk - ID31 - Novosibirsk - Omsk - Samara - ID18 - Moscou - ID3 - ID5 - Murmansk";"4496;-5185|4361;-5198|4263;-5345|3775;-5327|3675;-5202|2992;-5135|2661;-5156|1827;-5227|1650;-5185|1352;-5056|1209;-4843|1140;-4378|1204;-4256";4186,71440927343
"ID35";"Murmansk - ID5 - ID3 - Moscou - ID18 - Samara - Omsk - Novosibirsk - ID31 - Irkustk - ID32 - ID33 - ID34 - ID44 - ID35";"1204;-4256|1140;-4378|1209;-4843|1352;-5056|1650;-5185|1827;-5227|2661;-5156|2992;-5135|3675;-5202|3775;-5327|4263;-5345|4361;-5198|4496;-5185|4616;-5246|4635;-5322";4399,66767989177
"ID351";"ID35 - ID44 - ID34 - ID33 - ID32 - Irkustk - ID31 - Novosibirsk - Omsk - Samara - ID18 - Moscou - ID3 - ID5 - Murmansk";"4635;-5322|4616;-5246|4496;-5185|4361;-5198|4263;-5345|3775;-5327|3675;-5202|2992;-5135|2661;-5156|1827;-5227|1650;-5185|1352;-5056|1209;-4843|1140;-4378|1204;-4256";4399,66767989177
"ID36";"Murmansk - ID5 - ID3 - Moscou - ID18 - Samara - Omsk - Novosibirsk - ID31 - Irkustk - ID32 - ID33 - ID34 - ID44 - ID35 - ID36";"1204;-4256|1140;-4378|1209;-4843|1352;-5056|1650;-5185|1827;-5227|2661;-5156|2992;-5135|3675;-5202|3775;-5327|4263;-5345|4361;-5198|4496;-5185|4616;-5246|4635;-5322|4789;-5479";4619,58812005138
"ID361";"ID36 - ID35 - ID44 - ID34 - ID33 - ID32 - Irkustk - ID31 - Novosibirsk - Omsk - Samara - ID18 - Moscou - ID3 - ID5 - Murmansk";"4789;-5479|4635;-5322|4616;-5246|4496;-5185|4361;-5198|4263;-5345|3775;-5327|3675;-5202|2992;-5135|2661;-5156|1827;-5227|1650;-5185|1352;-5056|1209;-4843|1140;-4378|1204;-4256";4619,58812005138
"Khabarovsk";"Murmansk - ID5 - ID3 - Moscou - ID18 - Samara - Omsk - Novosibirsk - ID31 - Irkustk - ID32 - ID33 - ID34 - ID44 - ID35 - ID36 - Khabarovsk";"1204;-4256|1140;-4378|1209;-4843|1352;-5056|1650;-5185|1827;-5227|2661;-5156|2992;-5135|3675;-5202|3775;-5327|4263;-5345|4361;-5198|4496;-5185|4616;-5246|4635;-5322|4789;-5479|4895;-5447";4730,31300433672
"Khabarovsk1";"Khabarovsk - ID36 - ID35 - ID44 - ID34 - ID33 - ID32 - Irkustk - ID31 - Novosibirsk - Omsk - Samara - ID18 - Moscou - ID3 - ID5 - Murmansk";"4895;-5447|4789;-5479|4635;-5322|4616;-5246|4496;-5185|4361;-5198|4263;-5345|3775;-5327|3675;-5202|2992;-5135|2661;-5156|1827;-5227|1650;-5185|1352;-5056|1209;-4843|1140;-4378|1204;-4256";4730,31300433672
"ID38";"Murmansk - ID5 - ID3 - Moscou - ID18 - Samara - Omsk - Novosibirsk - ID31 - Irkustk - ID32 - ID33 - ID34 - ID44 - ID35 - ID36 - Khabarovsk - ID38";"1204;-4256|1140;-4378|1209;-4843|1352;-5056|1650;-5185|1827;-5227|2661;-5156|2992;-5135|3675;-5202|3775;-5327|4263;-5345|4361;-5198|4496;-5185|4616;-5246|4635;-5322|4789;-5479|4895;-5447|4953;-5523";4825,91635155845
"ID381";"ID38 - Khabarovsk - ID36 - ID35 - ID44 - ID34 - ID33 - ID32 - Irkustk - ID31 - Novosibirsk - Omsk - Samara - ID18 - Moscou - ID3 - ID5 - Murmansk";"4953;-5523|4895;-5447|4789;-5479|4635;-5322|4616;-5246|4496;-5185|4361;-5198|4263;-5345|3775;-5327|3675;-5202|2992;-5135|2661;-5156|1827;-5227|1650;-5185|1352;-5056|1209;-4843|1140;-4378|1204;-4256";4825,91635155845
"Vladivostok";"Murmansk - ID5 - ID3 - Moscou - ID18 - Samara - Omsk - Novosibirsk - ID31 - Irkustk - ID32 - ID33 - ID34 - ID44 - ID35 - ID36 - Khabarovsk - ID38 - Vladivostok";"1204;-4256|1140;-4378|1209;-4843|1352;-5056|1650;-5185|1827;-5227|2661;-5156|2992;-5135|3675;-5202|3775;-5327|4263;-5345|4361;-5198|4496;-5185|4616;-5246|4635;-5322|4789;-5479|4895;-5447|4953;-5523|4843;-5751";5079,06452950963
"Vladivostok1";"Vladivostok - ID38 - Khabarovsk - ID36 - ID35 - ID44 - ID34 - ID33 - ID32 - Irkustk - ID31 - Novosibirsk - Omsk - Samara - ID18 - Moscou - ID3 - ID5 - Murmansk";"4843;-5751|4953;-5523|4895;-5447|4789;-5479|4635;-5322|4616;-5246|4496;-5185|4361;-5198|4263;-5345|3775;-5327|3675;-5202|2992;-5135|2661;-5156|1827;-5227|1650;-5185|1352;-5056|1209;-4843|1140;-4378|1204;-4256";5079,06452950963
"ID40";"Murmansk - ID5 - ID3 - Moscou - Kazan - Perm - ID40";"1204;-4256|1140;-4378|1209;-4843|1352;-5056|1784;-5076|2111;-4978|2446;-4971";1973,31473426787
"ID401";"ID40 - Perm - Kazan - Moscou - ID3 - ID5 - Murmansk";"2446;-4971|2111;-4978|1784;-5076|1352;-5056|1209;-4843|1140;-4378|1204;-4256";1973,31473426787
"ID41";"Murmansk - ID5 - ID3 - Moscou - Kazan - Perm - ID40 - ID41";"1204;-4256|1140;-4378|1209;-4843|1352;-5056|1784;-5076|2111;-4978|2446;-4971|2583;-5016";2117,51598252877
"ID411";"ID41 - ID40 - Perm - Kazan - Moscou - ID3 - ID5 - Murmansk";"2583;-5016|2446;-4971|2111;-4978|1784;-5076|1352;-5056|1209;-4843|1140;-4378|1204;-4256";2117,51598252877
"ID42";"Murmansk - ID5 - ID3 - Petrograd - ID42";"1204;-4256|1140;-4378|1209;-4843|1089;-4834|1006;-4742";852,103651330835
"ID421";"ID42 - Petrograd - ID3 - ID5 - Murmansk";"1006;-4742|1089;-4834|1209;-4843|1140;-4378|1204;-4256";852,103651330835
"ID43";"Murmansk - ID5 - ID3 - Petrograd - ID43";"1204;-4256|1140;-4378|1209;-4843|1089;-4834|1033;-4904";817,840167298063
"ID431";"ID43 - Petrograd - ID3 - ID5 - Murmansk";"1033;-4904|1089;-4834|1209;-4843|1140;-4378|1204;-4256";817,840167298063
"ID44";"Murmansk - ID5 - ID3 - Moscou - ID18 - Samara - Omsk - Novosibirsk - ID31 - Irkustk - ID32 - ID33 - ID34 - ID44";"1204;-4256|1140;-4378|1209;-4843|1352;-5056|1650;-5185|1827;-5227|2661;-5156|2992;-5135|3675;-5202|3775;-5327|4263;-5345|4361;-5198|4496;-5185|4616;-5246";4321,32867300503
"ID441";"ID44 - ID34 - ID33 - ID32 - Irkustk - ID31 - Novosibirsk - Omsk - Samara - ID18 - Moscou - ID3 - ID5 - Murmansk";"4616;-5246|4496;-5185|4361;-5198|4263;-5345|3775;-5327|3675;-5202|2992;-5135|2661;-5156|1827;-5227|1650;-5185|1352;-5056|1209;-4843|1140;-4378|1204;-4256";4321,32867300503
"ID37";"Helsinski - ID42 - Petrograd - ID3";"886;-4736|1006;-4742|1089;-4834|1209;-4843";364,394156444627
"ID39";"ID3 - Petrograd - ID42 - Helsinski";"1209;-4843|1089;-4834|1006;-4742|886;-4736";364,394156444627
"Petrograd2";"Helsinski - ID42 - Petrograd";"886;-4736|1006;-4742|1089;-4834";244,057129723837
"Petrograd3";"Petrograd - ID42 - Helsinski";"1089;-4834|1006;-4742|886;-4736";244,057129723837
"ID52";"Helsinski - ID42 - Petrograd - ID3 - ID5";"886;-4736|1006;-4742|1089;-4834|1209;-4843|1140;-4378";834,485636903484
"ID53";"ID5 - ID3 - Petrograd - ID42 - Helsinski";"1140;-4378|1209;-4843|1089;-4834|1006;-4742|886;-4736";834,485636903484
"Archangel2";"Helsinski - ID42 - Petrograd - ID3 - Moscou - Archangel";"886;-4736|1006;-4742|1089;-4834|1209;-4843|1352;-5056|1481;-4548";1145,06742361486
"Archangel3";"Archangel - Moscou - ID3 - Petrograd - ID42 - Helsinski";"1481;-4548|1352;-5056|1209;-4843|1089;-4834|1006;-4742|886;-4736";1145,06742361486
"Tallin2";"Helsinski - ID42 - Petrograd - ID43 - Tallin";"886;-4736|1006;-4742|1089;-4834|1033;-4904|940;-4853";439,766886225879
"Tallin3";"Tallin - ID43 - Petrograd - ID42 - Helsinski";"940;-4853|1033;-4904|1089;-4834|1006;-4742|886;-4736";439,766886225879
"Riga2";"Helsinski - ID42 - Petrograd - ID43 - Riga";"886;-4736|1006;-4742|1089;-4834|1033;-4904|890;-5014";514,114283183321
"Riga3";"Riga - ID43 - Petrograd - ID42 - Helsinski";"890;-5014|1033;-4904|1089;-4834|1006;-4742|886;-4736";514,114283183321
"Minsk2";"Helsinski - ID42 - Petrograd - ID43 - Riga - Minsk";"886;-4736|1006;-4742|1089;-4834|1033;-4904|890;-5014|1016;-5187";728,135310187679
"Minsk3";"Minsk - Riga - ID43 - Petrograd - ID42 - Helsinski";"1016;-5187|890;-5014|1033;-4904|1089;-4834|1006;-4742|886;-4736";728,135310187679
"Br.Litovsk2";"Helsinski - ID42 - Petrograd - ID43 - Riga - Br.Litovsk";"886;-4736|1006;-4742|1089;-4834|1033;-4904|890;-5014|873;-5278";778,661065435535
"Br.Litovsk3";"Br.Litovsk - Riga - ID43 - Petrograd - ID42 - Helsinski";"873;-5278|890;-5014|1033;-4904|1089;-4834|1006;-4742|886;-4736";778,661065435535
"Moscou2";"Helsinski - ID42 - Petrograd - ID3 - Moscou";"886;-4736|1006;-4742|1089;-4834|1209;-4843|1352;-5056";620,944346465995
"Moscou3";"Moscou - ID3 - Petrograd - ID42 - Helsinski";"1352;-5056|1209;-4843|1089;-4834|1006;-4742|886;-4736";620,944346465995
"Kiev2";"Helsinski - ID42 - Petrograd - ID43 - Riga - Minsk - Kiev";"886;-4736|1006;-4742|1089;-4834|1033;-4904|890;-5014|1016;-5187|1131;-5381";953,659144848231
"Kiev3";"Kiev - Minsk - Riga - ID43 - Petrograd - ID42 - Helsinski";"1131;-5381|1016;-5187|890;-5014|1033;-4904|1089;-4834|1006;-4742|886;-4736";953,659144848231
"Kharkov2";"Helsinski - ID42 - Petrograd - ID3 - Moscou - Kharkov";"886;-4736|1006;-4742|1089;-4834|1209;-4843|1352;-5056|1284;-5427";998,124674691102
"Kharkov3";"Kharkov - Moscou - ID3 - Petrograd - ID42 - Helsinski";"1284;-5427|1352;-5056|1209;-4843|1089;-4834|1006;-4742|886;-4736";998,124674691102
"Sebastopol2";"Helsinski - ID42 - Petrograd - ID3 - Moscou - Kharkov - Sebastopol";"886;-4736|1006;-4742|1089;-4834|1209;-4843|1352;-5056|1284;-5427|1221;-5670";1249,15853694877
"Sebastopol3";"Sebastopol - Kharkov - Moscou - ID3 - Petrograd - ID42 - Helsinski";"1221;-5670|1284;-5427|1352;-5056|1209;-4843|1089;-4834|1006;-4742|886;-4736";1249,15853694877
"Rostov2";"Helsinski - ID42 - Petrograd - ID3 - Moscou - ID17 - Rostov";"886;-4736|1006;-4742|1089;-4834|1209;-4843|1352;-5056|1485;-5272|1448;-5553";1158,03298416077
"Rostov3";"Rostov - ID17 - Moscou - ID3 - Petrograd - ID42 - Helsinski";"1448;-5553|1485;-5272|1352;-5056|1209;-4843|1089;-4834|1006;-4742|886;-4736";1158,03298416077
"Tsaritsyn2";"Helsinski - ID42 - Petrograd - ID3 - Moscou - ID17 - Tsaritsyn";"886;-4736|1006;-4742|1089;-4834|1209;-4843|1352;-5056|1485;-5272|1618;-5475";1117,2966104743
"Tsaritsyn3";"Tsaritsyn - ID17 - Moscou - ID3 - Petrograd - ID42 - Helsinski";"1618;-5475|1485;-5272|1352;-5056|1209;-4843|1089;-4834|1006;-4742|886;-4736";1117,2966104743
"ID172";"Helsinski - ID42 - Petrograd - ID3 - Moscou - ID17";"886;-4736|1006;-4742|1089;-4834|1209;-4843|1352;-5056|1485;-5272";874,607508947266
"ID173";"ID17 - Moscou - ID3 - Petrograd - ID42 - Helsinski";"1485;-5272|1352;-5056|1209;-4843|1089;-4834|1006;-4742|886;-4736";874,607508947266
"ID182";"Helsinski - ID42 - Petrograd - ID3 - Moscou - ID18";"886;-4736|1006;-4742|1089;-4834|1209;-4843|1352;-5056|1650;-5185";945,667305309375
"ID183";"ID18 - Moscou - ID3 - Petrograd - ID42 - Helsinski";"1650;-5185|1352;-5056|1209;-4843|1089;-4834|1006;-4742|886;-4736";945,667305309375
"Kazan2";"Helsinski - ID42 - Petrograd - ID3 - Moscou - Kazan";"886;-4736|1006;-4742|1089;-4834|1209;-4843|1352;-5056|1784;-5076";1053,40706162188
"Kazan3";"Kazan - Moscou - ID3 - Petrograd - ID42 - Helsinski";"1784;-5076|1352;-5056|1209;-4843|1089;-4834|1006;-4742|886;-4736";1053,40706162188
"Samara2";"Helsinski - ID42 - Petrograd - ID3 - Moscou - ID18 - Samara";"886;-4736|1006;-4742|1089;-4834|1209;-4843|1352;-5056|1650;-5185|1827;-5227";1127,58212053892
"Samara3";"Samara - ID18 - Moscou - ID3 - Petrograd - ID42 - Helsinski";"1827;-5227|1650;-5185|1352;-5056|1209;-4843|1089;-4834|1006;-4742|886;-4736";1127,58212053892
"Tbilissi2";"Helsinski - ID42 - Petrograd - ID3 - Moscou - ID17 - Tsaritsyn - Tbilissi";"886;-4736|1006;-4742|1089;-4834|1209;-4843|1352;-5056|1485;-5272|1618;-5475|1514;-5675";1342,72065533199
"Tbilissi3";"Tbilissi - Tsaritsyn - ID17 - Moscou - ID3 - Petrograd - ID42 - Helsinski";"1514;-5675|1618;-5475|1485;-5272|1352;-5056|1209;-4843|1089;-4834|1006;-4742|886;-4736";1342,72065533199
"Erevan2";"Helsinski - ID42 - Petrograd - ID3 - Moscou - ID17 - Tsaritsyn - Tbilissi - Erevan";"886;-4736|1006;-4742|1089;-4834|1209;-4843|1352;-5056|1485;-5272|1618;-5475|1514;-5675|1529;-5820";1488,49445270312
"Erevan3";"Erevan - Tbilissi - Tsaritsyn - ID17 - Moscou - ID3 - Petrograd - ID42 - Helsinski";"1529;-5820|1514;-5675|1618;-5475|1485;-5272|1352;-5056|1209;-4843|1089;-4834|1006;-4742|886;-4736";1488,49445270312
"Bakou2";"Helsinski - ID42 - Petrograd - ID3 - Moscou - ID17 - Tsaritsyn - Tbilissi - Bakou";"886;-4736|1006;-4742|1089;-4834|1209;-4843|1352;-5056|1485;-5272|1618;-5475|1514;-5675|1710;-5819";1585,93249714895
"Bakou3";"Bakou - Tbilissi - Tsaritsyn - ID17 - Moscou - ID3 - Petrograd - ID42 - Helsinski";"1710;-5819|1514;-5675|1618;-5475|1485;-5272|1352;-5056|1209;-4843|1089;-4834|1006;-4742|886;-4736";1585,93249714895
"ID242";"Helsinski - ID42 - Petrograd - ID3 - Moscou - ID18 - Samara - ID24";"886;-4736|1006;-4742|1089;-4834|1209;-4843|1352;-5056|1650;-5185|1827;-5227|2263;-5525";1655,69195759936
"ID243";"ID24 - Samara - ID18 - Moscou - ID3 - Petrograd - ID42 - Helsinski";"2263;-5525|1827;-5227|1650;-5185|1352;-5056|1209;-4843|1089;-4834|1006;-4742|886;-4736";1655,69195759936
"Tashkent2";"Helsinski - ID42 - Petrograd - ID3 - Moscou - ID18 - Samara - ID24 - Tashkent";"886;-4736|1006;-4742|1089;-4834|1209;-4843|1352;-5056|1650;-5185|1827;-5227|2263;-5525|2469;-5875";2061,81509163631
"Tashkent3";"Tashkent - ID24 - Samara - ID18 - Moscou - ID3 - Petrograd - ID42 - Helsinski";"2469;-5875|2263;-5525|1827;-5227|1650;-5185|1352;-5056|1209;-4843|1089;-4834|1006;-4742|886;-4736";2061,81509163631
"Perm2";"Helsinski - ID42 - Petrograd - ID3 - Moscou - Kazan - Perm";"886;-4736|1006;-4742|1089;-4834|1209;-4843|1352;-5056|1784;-5076|2111;-4978";1394,77636311222
"Perm3";"Perm - Kazan - Moscou - ID3 - Petrograd - ID42 - Helsinski";"2111;-4978|1784;-5076|1352;-5056|1209;-4843|1089;-4834|1006;-4742|886;-4736";1394,77636311222
"Yekaterin...2";"Helsinski - ID42 - Petrograd - ID3 - Moscou - Kazan - Perm - Yekaterin...";"886;-4736|1006;-4742|1089;-4834|1209;-4843|1352;-5056|1784;-5076|2111;-4978|2238;-5034";1533,57477808876
"Yekaterin...3";"Yekaterin... - Perm - Kazan - Moscou - ID3 - Petrograd - ID42 - Helsinski";"2238;-5034|2111;-4978|1784;-5076|1352;-5056|1209;-4843|1089;-4834|1006;-4742|886;-4736";1533,57477808876
"Omsk2";"Helsinski - ID42 - Petrograd - ID3 - Moscou - ID18 - Samara - Omsk";"886;-4736|1006;-4742|1089;-4834|1209;-4843|1352;-5056|1650;-5185|1827;-5227|2661;-5156";1964,59884677562
"Omsk3";"Omsk - Samara - ID18 - Moscou - ID3 - Petrograd - ID42 - Helsinski";"2661;-5156|1827;-5227|1650;-5185|1352;-5056|1209;-4843|1089;-4834|1006;-4742|886;-4736";1964,59884677562
"Novosibirsk2";"Helsinski - ID42 - Petrograd - ID3 - Moscou - ID18 - Samara - Omsk - Novosibirsk";"886;-4736|1006;-4742|1089;-4834|1209;-4843|1352;-5056|1650;-5185|1827;-5227|2661;-5156|2992;-5135";2296,2643409109
"Novosibirsk3";"Novosibirsk - Omsk - Samara - ID18 - Moscou - ID3 - Petrograd - ID42 - Helsinski";"2992;-5135|2661;-5156|1827;-5227|1650;-5185|1352;-5056|1209;-4843|1089;-4834|1006;-4742|886;-4736";2296,2643409109
"Irkustk2";"Helsinski - ID42 - Petrograd - ID3 - Moscou - ID18 - Samara - Omsk - Novosibirsk - ID31 - Irkustk";"886;-4736|1006;-4742|1089;-4834|1209;-4843|1352;-5056|1650;-5185|1827;-5227|2661;-5156|2992;-5135|3675;-5202|3775;-5327";3142,62081602355
"Irkustk3";"Irkustk - ID31 - Novosibirsk - Omsk - Samara - ID18 - Moscou - ID3 - Petrograd - ID42 - Helsinski";"3775;-5327|3675;-5202|2992;-5135|2661;-5156|1827;-5227|1650;-5185|1352;-5056|1209;-4843|1089;-4834|1006;-4742|886;-4736";3142,62081602355
"ID313";"Helsinski - ID42 - Petrograd - ID3 - Moscou - ID18 - Samara - Omsk - Novosibirsk - ID31";"886;-4736|1006;-4742|1089;-4834|1209;-4843|1352;-5056|1650;-5185|1827;-5227|2661;-5156|2992;-5135|3675;-5202";2982,54271008772
"ID314";"ID31 - Novosibirsk - Omsk - Samara - ID18 - Moscou - ID3 - Petrograd - ID42 - Helsinski";"3675;-5202|2992;-5135|2661;-5156|1827;-5227|1650;-5185|1352;-5056|1209;-4843|1089;-4834|1006;-4742|886;-4736";2982,54271008772
"ID322";"Helsinski - ID42 - Petrograd - ID3 - Moscou - ID18 - Samara - Omsk - Novosibirsk - ID31 - Irkustk - ID32";"886;-4736|1006;-4742|1089;-4834|1209;-4843|1352;-5056|1650;-5185|1827;-5227|2661;-5156|2992;-5135|3675;-5202|3775;-5327|4263;-5345";3630,95267040128
"ID323";"ID32 - Irkustk - ID31 - Novosibirsk - Omsk - Samara - ID18 - Moscou - ID3 - Petrograd - ID42 - Helsinski";"4263;-5345|3775;-5327|3675;-5202|2992;-5135|2661;-5156|1827;-5227|1650;-5185|1352;-5056|1209;-4843|1089;-4834|1006;-4742|886;-4736";3630,95267040128
"ID332";"Helsinski - ID42 - Petrograd - ID3 - Moscou - ID18 - Samara - Omsk - Novosibirsk - ID31 - Irkustk - ID32 - ID33";"886;-4736|1006;-4742|1089;-4834|1209;-4843|1352;-5056|1650;-5185|1827;-5227|2661;-5156|2992;-5135|3675;-5202|3775;-5327|4263;-5345|4361;-5198";3807,62468289902
"ID333";"ID33 - ID32 - Irkustk - ID31 - Novosibirsk - Omsk - Samara - ID18 - Moscou - ID3 - Petrograd - ID42 - Helsinski";"4361;-5198|4263;-5345|3775;-5327|3675;-5202|2992;-5135|2661;-5156|1827;-5227|1650;-5185|1352;-5056|1209;-4843|1089;-4834|1006;-4742|886;-4736";3807,62468289902
"ID342";"Helsinski - ID42 - Petrograd - ID3 - Moscou - ID18 - Samara - Omsk - Novosibirsk - ID31 - Irkustk - ID32 - ID33 - ID34";"886;-4736|1006;-4742|1089;-4834|1209;-4843|1352;-5056|1650;-5185|1827;-5227|2661;-5156|2992;-5135|3675;-5202|3775;-5327|4263;-5345|4361;-5198|4496;-5185";3943,24916446485
"ID343";"ID34 - ID33 - ID32 - Irkustk - ID31 - Novosibirsk - Omsk - Samara - ID18 - Moscou - ID3 - Petrograd - ID42 - Helsinski";"4496;-5185|4361;-5198|4263;-5345|3775;-5327|3675;-5202|2992;-5135|2661;-5156|1827;-5227|1650;-5185|1352;-5056|1209;-4843|1089;-4834|1006;-4742|886;-4736";3943,24916446485
"ID352";"Helsinski - ID42 - Petrograd - ID3 - Moscou - ID18 - Samara - Omsk - Novosibirsk - ID31 - Irkustk - ID32 - ID33 - ID34 - ID44 - ID35";"886;-4736|1006;-4742|1089;-4834|1209;-4843|1352;-5056|1650;-5185|1827;-5227|2661;-5156|2992;-5135|3675;-5202|3775;-5327|4263;-5345|4361;-5198|4496;-5185|4616;-5246|4635;-5322";4156,20243508318
"ID353";"ID35 - ID44 - ID34 - ID33 - ID32 - Irkustk - ID31 - Novosibirsk - Omsk - Samara - ID18 - Moscou - ID3 - Petrograd - ID42 - Helsinski";"4635;-5322|4616;-5246|4496;-5185|4361;-5198|4263;-5345|3775;-5327|3675;-5202|2992;-5135|2661;-5156|1827;-5227|1650;-5185|1352;-5056|1209;-4843|1089;-4834|1006;-4742|886;-4736";4156,20243508318
"ID362";"Helsinski - ID42 - Petrograd - ID3 - Moscou - ID18 - Samara - Omsk - Novosibirsk - ID31 - Irkustk - ID32 - ID33 - ID34 - ID44 - ID35 - ID36";"886;-4736|1006;-4742|1089;-4834|1209;-4843|1352;-5056|1650;-5185|1827;-5227|2661;-5156|2992;-5135|3675;-5202|3775;-5327|4263;-5345|4361;-5198|4496;-5185|4616;-5246|4635;-5322|4789;-5479";4376,1228752428
"ID363";"ID36 - ID35 - ID44 - ID34 - ID33 - ID32 - Irkustk - ID31 - Novosibirsk - Omsk - Samara - ID18 - Moscou - ID3 - Petrograd - ID42 - Helsinski";"4789;-5479|4635;-5322|4616;-5246|4496;-5185|4361;-5198|4263;-5345|3775;-5327|3675;-5202|2992;-5135|2661;-5156|1827;-5227|1650;-5185|1352;-5056|1209;-4843|1089;-4834|1006;-4742|886;-4736";4376,1228752428
"Khabarovsk2";"Helsinski - ID42 - Petrograd - ID3 - Moscou - ID18 - Samara - Omsk - Novosibirsk - ID31 - Irkustk - ID32 - ID33 - ID34 - ID44 - ID35 - ID36 - Khabarovsk";"886;-4736|1006;-4742|1089;-4834|1209;-4843|1352;-5056|1650;-5185|1827;-5227|2661;-5156|2992;-5135|3675;-5202|3775;-5327|4263;-5345|4361;-5198|4496;-5185|4616;-5246|4635;-5322|4789;-5479|4895;-5447";4486,84775952813
"Khabarovsk3";"Khabarovsk - ID36 - ID35 - ID44 - ID34 - ID33 - ID32 - Irkustk - ID31 - Novosibirsk - Omsk - Samara - ID18 - Moscou - ID3 - Petrograd - ID42 - Helsinski";"4895;-5447|4789;-5479|4635;-5322|4616;-5246|4496;-5185|4361;-5198|4263;-5345|3775;-5327|3675;-5202|2992;-5135|2661;-5156|1827;-5227|1650;-5185|1352;-5056|1209;-4843|1089;-4834|1006;-4742|886;-4736";4486,84775952813
"ID382";"Helsinski - ID42 - Petrograd - ID3 - Moscou - ID18 - Samara - Omsk - Novosibirsk - ID31 - Irkustk - ID32 - ID33 - ID34 - ID44 - ID35 - ID36 - Khabarovsk - ID38";"886;-4736|1006;-4742|1089;-4834|1209;-4843|1352;-5056|1650;-5185|1827;-5227|2661;-5156|2992;-5135|3675;-5202|3775;-5327|4263;-5345|4361;-5198|4496;-5185|4616;-5246|4635;-5322|4789;-5479|4895;-5447|4953;-5523";4582,45110674987
"ID383";"ID38 - Khabarovsk - ID36 - ID35 - ID44 - ID34 - ID33 - ID32 - Irkustk - ID31 - Novosibirsk - Omsk - Samara - ID18 - Moscou - ID3 - Petrograd - ID42 - Helsinski";"4953;-5523|4895;-5447|4789;-5479|4635;-5322|4616;-5246|4496;-5185|4361;-5198|4263;-5345|3775;-5327|3675;-5202|2992;-5135|2661;-5156|1827;-5227|1650;-5185|1352;-5056|1209;-4843|1089;-4834|1006;-4742|886;-4736";4582,45110674987
"Vladivostok2";"Helsinski - ID42 - Petrograd - ID3 - Moscou - ID18 - Samara - Omsk - Novosibirsk - ID31 - Irkustk - ID32 - ID33 - ID34 - ID44 - ID35 - ID36 - Khabarovsk - ID38 - Vladivostok";"886;-4736|1006;-4742|1089;-4834|1209;-4843|1352;-5056|1650;-5185|1827;-5227|2661;-5156|2992;-5135|3675;-5202|3775;-5327|4263;-5345|4361;-5198|4496;-5185|4616;-5246|4635;-5322|4789;-5479|4895;-5447|4953;-5523|4843;-5751";4835,59928470104
"Vladivostok3";"Vladivostok - ID38 - Khabarovsk - ID36 - ID35 - ID44 - ID34 - ID33 - ID32 - Irkustk - ID31 - Novosibirsk - Omsk - Samara - ID18 - Moscou - ID3 - Petrograd - ID42 - Helsinski";"4843;-5751|4953;-5523|4895;-5447|4789;-5479|4635;-5322|4616;-5246|4496;-5185|4361;-5198|4263;-5345|3775;-5327|3675;-5202|2992;-5135|2661;-5156|1827;-5227|1650;-5185|1352;-5056|1209;-4843|1089;-4834|1006;-4742|886;-4736";4835,59928470104
"ID402";"Helsinski - ID42 - Petrograd - ID3 - Moscou - Kazan - Perm - ID40";"886;-4736|1006;-4742|1089;-4834|1209;-4843|1352;-5056|1784;-5076|2111;-4978|2446;-4971";1729,84948945929
"ID403";"ID40 - Perm - Kazan - Moscou - ID3 - Petrograd - ID42 - Helsinski";"2446;-4971|2111;-4978|1784;-5076|1352;-5056|1209;-4843|1089;-4834|1006;-4742|886;-4736";1729,84948945929
"ID412";"Helsinski - ID42 - Petrograd - ID3 - Moscou - Kazan - Perm - ID40 - ID41";"886;-4736|1006;-4742|1089;-4834|1209;-4843|1352;-5056|1784;-5076|2111;-4978|2446;-4971|2583;-5016";1874,05073772018
"ID413";"ID41 - ID40 - Perm - Kazan - Moscou - ID3 - Petrograd - ID42 - Helsinski";"2583;-5016|2446;-4971|2111;-4978|1784;-5076|1352;-5056|1209;-4843|1089;-4834|1006;-4742|886;-4736";1874,05073772018
"ID422";"Helsinski - ID42";"886;-4736|1006;-4742";120,149906367005
"ID423";"ID42 - Helsinski";"1006;-4742|886;-4736";120,149906367005
"ID432";"Helsinski - ID42 - Petrograd - ID43";"886;-4736|1006;-4742|1089;-4834|1033;-4904";333,700869047897
"ID433";"ID43 - Petrograd - ID42 - Helsinski";"1033;-4904|1089;-4834|1006;-4742|886;-4736";333,700869047897
"ID442";"Helsinski - ID42 - Petrograd - ID3 - Moscou - ID18 - Samara - Omsk - Novosibirsk - ID31 - Irkustk - ID32 - ID33 - ID34 - ID44";"886;-4736|1006;-4742|1089;-4834|1209;-4843|1352;-5056|1650;-5185|1827;-5227|2661;-5156|2992;-5135|3675;-5202|3775;-5327|4263;-5345|4361;-5198|4496;-5185|4616;-5246";4077,86342819645
"ID443";"ID44 - ID34 - ID33 - ID32 - Irkustk - ID31 - Novosibirsk - Omsk - Samara - ID18 - Moscou - ID3 - Petrograd - ID42 - Helsinski";"4616;-5246|4496;-5185|4361;-5198|4263;-5345|3775;-5327|3675;-5202|2992;-5135|2661;-5156|1827;-5227|1650;-5185|1352;-5056|1209;-4843|1089;-4834|1006;-4742|886;-4736";4077,86342819645
"Petrograd4";"ID3 - Petrograd";"1209;-4843|1089;-4834";120,337026720789
"Petrograd5";"Petrograd - ID3";"1089;-4834|1209;-4843";120,337026720789
"ID54";"ID3 - ID5";"1209;-4843|1140;-4378";470,091480458857
"ID55";"ID5 - ID3";"1140;-4378|1209;-4843";470,091480458857
"Archangel4";"ID3 - Moscou - Archangel";"1209;-4843|1352;-5056|1481;-4548";780,673267170238
"Archangel5";"Archangel - Moscou - ID3";"1481;-4548|1352;-5056|1209;-4843";780,673267170238
"Tallin4";"ID3 - Petrograd - ID43 - Tallin";"1209;-4843|1089;-4834|1033;-4904|940;-4853";316,046783222831
"Tallin5";"Tallin - ID43 - Petrograd - ID3";"940;-4853|1033;-4904|1089;-4834|1209;-4843";316,046783222831
"Riga4";"ID3 - Petrograd - ID43 - Riga";"1209;-4843|1089;-4834|1033;-4904|890;-5014";390,394180180273
"Riga5";"Riga - ID43 - Petrograd - ID3";"890;-5014|1033;-4904|1089;-4834|1209;-4843";390,394180180273
"Minsk4";"ID3 - Petrograd - ID43 - Riga - Minsk";"1209;-4843|1089;-4834|1033;-4904|890;-5014|1016;-5187";604,415207184631
"Minsk5";"Minsk - Riga - ID43 - Petrograd - ID3";"1016;-5187|890;-5014|1033;-4904|1089;-4834|1209;-4843";604,415207184631
"Br.Litovsk4";"ID3 - Petrograd - ID43 - Riga - Br.Litovsk";"1209;-4843|1089;-4834|1033;-4904|890;-5014|873;-5278";654,940962432487
"Br.Litovsk5";"Br.Litovsk - Riga - ID43 - Petrograd - ID3";"873;-5278|890;-5014|1033;-4904|1089;-4834|1209;-4843";654,940962432487
"Moscou4";"ID3 - Moscou";"1209;-4843|1352;-5056";256,550190021368
"Moscou5";"Moscou - ID3";"1352;-5056|1209;-4843";256,550190021368
"Kiev4";"ID3 - Moscou - Kiev";"1209;-4843|1352;-5056|1131;-5381";649,571817924973
"Kiev5";"Kiev - Moscou - ID3";"1131;-5381|1352;-5056|1209;-4843";649,571817924973
"Kharkov4";"ID3 - Moscou - Kharkov";"1209;-4843|1352;-5056|1284;-5427";633,730518246476
"Kharkov5";"Kharkov - Moscou - ID3";"1284;-5427|1352;-5056|1209;-4843";633,730518246476
"Sebastopol4";"ID3 - Moscou - Kharkov - Sebastopol";"1209;-4843|1352;-5056|1284;-5427|1221;-5670";884,76438050414
"Sebastopol5";"Sebastopol - Kharkov - Moscou - ID3";"1221;-5670|1284;-5427|1352;-5056|1209;-4843";884,76438050414
"Rostov4";"ID3 - Moscou - ID17 - Rostov";"1209;-4843|1352;-5056|1485;-5272|1448;-5553";793,638827716142
"Rostov5";"Rostov - ID17 - Moscou - ID3";"1448;-5553|1485;-5272|1352;-5056|1209;-4843";793,638827716142
"Tsaritsyn4";"ID3 - Moscou - ID17 - Tsaritsyn";"1209;-4843|1352;-5056|1485;-5272|1618;-5475";752,902454029675
"Tsaritsyn5";"Tsaritsyn - ID17 - Moscou - ID3";"1618;-5475|1485;-5272|1352;-5056|1209;-4843";752,902454029675
"ID174";"ID3 - Moscou - ID17";"1209;-4843|1352;-5056|1485;-5272";510,21335250264
"ID175";"ID17 - Moscou - ID3";"1485;-5272|1352;-5056|1209;-4843";510,21335250264
"ID184";"ID3 - Moscou - ID18";"1209;-4843|1352;-5056|1650;-5185";581,273148864749
"ID185";"ID18 - Moscou - ID3";"1650;-5185|1352;-5056|1209;-4843";581,273148864749
"Kazan4";"ID3 - Moscou - Kazan";"1209;-4843|1352;-5056|1784;-5076";689,012905177253
"Kazan5";"Kazan - Moscou - ID3";"1784;-5076|1352;-5056|1209;-4843";689,012905177253
"Samara4";"ID3 - Moscou - ID18 - Samara";"1209;-4843|1352;-5056|1650;-5185|1827;-5227";763,187964094295
"Samara5";"Samara - ID18 - Moscou - ID3";"1827;-5227|1650;-5185|1352;-5056|1209;-4843";763,187964094295
"Tbilissi4";"ID3 - Moscou - ID17 - Tsaritsyn - Tbilissi";"1209;-4843|1352;-5056|1485;-5272|1618;-5475|1514;-5675";978,326498887361
"Tbilissi5";"Tbilissi - Tsaritsyn - ID17 - Moscou - ID3";"1514;-5675|1618;-5475|1485;-5272|1352;-5056|1209;-4843";978,326498887361
"Erevan4";"ID3 - Moscou - ID17 - Tsaritsyn - Tbilissi - Erevan";"1209;-4843|1352;-5056|1485;-5272|1618;-5475|1514;-5675|1529;-5820";1124,10029625849
"Erevan5";"Erevan - Tbilissi - Tsaritsyn - ID17 - Moscou - ID3";"1529;-5820|1514;-5675|1618;-5475|1485;-5272|1352;-5056|1209;-4843";1124,10029625849
"Bakou4";"ID3 - Moscou - ID17 - Tsaritsyn - Tbilissi - Bakou";"1209;-4843|1352;-5056|1485;-5272|1618;-5475|1514;-5675|1710;-5819";1221,53834070433
"Bakou5";"Bakou - Tbilissi - Tsaritsyn - ID17 - Moscou - ID3";"1710;-5819|1514;-5675|1618;-5475|1485;-5272|1352;-5056|1209;-4843";1221,53834070433
"ID244";"ID3 - Moscou - ID18 - Samara - ID24";"1209;-4843|1352;-5056|1650;-5185|1827;-5227|2263;-5525";1291,29780115473
"ID245";"ID24 - Samara - ID18 - Moscou - ID3";"2263;-5525|1827;-5227|1650;-5185|1352;-5056|1209;-4843";1291,29780115473
"Tashkent4";"ID3 - Moscou - ID18 - Samara - ID24 - Tashkent";"1209;-4843|1352;-5056|1650;-5185|1827;-5227|2263;-5525|2469;-5875";1697,42093519169
"Tashkent5";"Tashkent - ID24 - Samara - ID18 - Moscou - ID3";"2469;-5875|2263;-5525|1827;-5227|1650;-5185|1352;-5056|1209;-4843";1697,42093519169
"Perm4";"ID3 - Moscou - Kazan - Perm";"1209;-4843|1352;-5056|1784;-5076|2111;-4978";1030,38220666759
"Perm5";"Perm - Kazan - Moscou - ID3";"2111;-4978|1784;-5076|1352;-5056|1209;-4843";1030,38220666759
"Yekaterin...4";"ID3 - Moscou - Kazan - Perm - Yekaterin...";"1209;-4843|1352;-5056|1784;-5076|2111;-4978|2238;-5034";1169,18062164413
"Yekaterin...5";"Yekaterin... - Perm - Kazan - Moscou - ID3";"2238;-5034|2111;-4978|1784;-5076|1352;-5056|1209;-4843";1169,18062164413
"Omsk4";"ID3 - Moscou - ID18 - Samara - Omsk";"1209;-4843|1352;-5056|1650;-5185|1827;-5227|2661;-5156";1600,20469033099
"Omsk5";"Omsk - Samara - ID18 - Moscou - ID3";"2661;-5156|1827;-5227|1650;-5185|1352;-5056|1209;-4843";1600,20469033099
"Novosibirsk4";"ID3 - Moscou - ID18 - Samara - Omsk - Novosibirsk";"1209;-4843|1352;-5056|1650;-5185|1827;-5227|2661;-5156|2992;-5135";1931,87018446627
"Novosibirsk5";"Novosibirsk - Omsk - Samara - ID18 - Moscou - ID3";"2992;-5135|2661;-5156|1827;-5227|1650;-5185|1352;-5056|1209;-4843";1931,87018446627
"Irkustk4";"ID3 - Moscou - ID18 - Samara - Omsk - Novosibirsk - ID31 - Irkustk";"1209;-4843|1352;-5056|1650;-5185|1827;-5227|2661;-5156|2992;-5135|3675;-5202|3775;-5327";2778,22665957892
"Irkustk5";"Irkustk - ID31 - Novosibirsk - Omsk - Samara - ID18 - Moscou - ID3";"3775;-5327|3675;-5202|2992;-5135|2661;-5156|1827;-5227|1650;-5185|1352;-5056|1209;-4843";2778,22665957892
"ID315";"ID3 - Moscou - ID18 - Samara - Omsk - Novosibirsk - ID31";"1209;-4843|1352;-5056|1650;-5185|1827;-5227|2661;-5156|2992;-5135|3675;-5202";2618,1485536431
"ID316";"ID31 - Novosibirsk - Omsk - Samara - ID18 - Moscou - ID3";"3675;-5202|2992;-5135|2661;-5156|1827;-5227|1650;-5185|1352;-5056|1209;-4843";2618,1485536431
"ID324";"ID3 - Moscou - ID18 - Samara - Omsk - Novosibirsk - ID31 - Irkustk - ID32";"1209;-4843|1352;-5056|1650;-5185|1827;-5227|2661;-5156|2992;-5135|3675;-5202|3775;-5327|4263;-5345";3266,55851395666
"ID325";"ID32 - Irkustk - ID31 - Novosibirsk - Omsk - Samara - ID18 - Moscou - ID3";"4263;-5345|3775;-5327|3675;-5202|2992;-5135|2661;-5156|1827;-5227|1650;-5185|1352;-5056|1209;-4843";3266,55851395666
"ID334";"ID3 - Moscou - ID18 - Samara - Omsk - Novosibirsk - ID31 - Irkustk - ID32 - ID33";"1209;-4843|1352;-5056|1650;-5185|1827;-5227|2661;-5156|2992;-5135|3675;-5202|3775;-5327|4263;-5345|4361;-5198";3443,23052645439
"ID335";"ID33 - ID32 - Irkustk - ID31 - Novosibirsk - Omsk - Samara - ID18 - Moscou - ID3";"4361;-5198|4263;-5345|3775;-5327|3675;-5202|2992;-5135|2661;-5156|1827;-5227|1650;-5185|1352;-5056|1209;-4843";3443,23052645439
"ID344";"ID3 - Moscou - ID18 - Samara - Omsk - Novosibirsk - ID31 - Irkustk - ID32 - ID33 - ID34";"1209;-4843|1352;-5056|1650;-5185|1827;-5227|2661;-5156|2992;-5135|3675;-5202|3775;-5327|4263;-5345|4361;-5198|4496;-5185";3578,85500802022
"ID345";"ID34 - ID33 - ID32 - Irkustk - ID31 - Novosibirsk - Omsk - Samara - ID18 - Moscou - ID3";"4496;-5185|4361;-5198|4263;-5345|3775;-5327|3675;-5202|2992;-5135|2661;-5156|1827;-5227|1650;-5185|1352;-5056|1209;-4843";3578,85500802022
"ID354";"ID3 - Moscou - ID18 - Samara - Omsk - Novosibirsk - ID31 - Irkustk - ID32 - ID33 - ID34 - ID44 - ID35";"1209;-4843|1352;-5056|1650;-5185|1827;-5227|2661;-5156|2992;-5135|3675;-5202|3775;-5327|4263;-5345|4361;-5198|4496;-5185|4616;-5246|4635;-5322";3791,80827863855
"ID355";"ID35 - ID44 - ID34 - ID33 - ID32 - Irkustk - ID31 - Novosibirsk - Omsk - Samara - ID18 - Moscou - ID3";"4635;-5322|4616;-5246|4496;-5185|4361;-5198|4263;-5345|3775;-5327|3675;-5202|2992;-5135|2661;-5156|1827;-5227|1650;-5185|1352;-5056|1209;-4843";3791,80827863855
"ID364";"ID3 - Moscou - ID18 - Samara - Omsk - Novosibirsk - ID31 - Irkustk - ID32 - ID33 - ID34 - ID44 - ID35 - ID36";"1209;-4843|1352;-5056|1650;-5185|1827;-5227|2661;-5156|2992;-5135|3675;-5202|3775;-5327|4263;-5345|4361;-5198|4496;-5185|4616;-5246|4635;-5322|4789;-5479";4011,72871879817
"ID365";"ID36 - ID35 - ID44 - ID34 - ID33 - ID32 - Irkustk - ID31 - Novosibirsk - Omsk - Samara - ID18 - Moscou - ID3";"4789;-5479|4635;-5322|4616;-5246|4496;-5185|4361;-5198|4263;-5345|3775;-5327|3675;-5202|2992;-5135|2661;-5156|1827;-5227|1650;-5185|1352;-5056|1209;-4843";4011,72871879817
"Khabarovsk4";"ID3 - Moscou - ID18 - Samara - Omsk - Novosibirsk - ID31 - Irkustk - ID32 - ID33 - ID34 - ID44 - ID35 - ID36 - Khabarovsk";"1209;-4843|1352;-5056|1650;-5185|1827;-5227|2661;-5156|2992;-5135|3675;-5202|3775;-5327|4263;-5345|4361;-5198|4496;-5185|4616;-5246|4635;-5322|4789;-5479|4895;-5447";4122,4536030835
"Khabarovsk5";"Khabarovsk - ID36 - ID35 - ID44 - ID34 - ID33 - ID32 - Irkustk - ID31 - Novosibirsk - Omsk - Samara - ID18 - Moscou - ID3";"4895;-5447|4789;-5479|4635;-5322|4616;-5246|4496;-5185|4361;-5198|4263;-5345|3775;-5327|3675;-5202|2992;-5135|2661;-5156|1827;-5227|1650;-5185|1352;-5056|1209;-4843";4122,4536030835
"ID384";"ID3 - Moscou - ID18 - Samara - Omsk - Novosibirsk - ID31 - Irkustk - ID32 - ID33 - ID34 - ID44 - ID35 - ID36 - Khabarovsk - ID38";"1209;-4843|1352;-5056|1650;-5185|1827;-5227|2661;-5156|2992;-5135|3675;-5202|3775;-5327|4263;-5345|4361;-5198|4496;-5185|4616;-5246|4635;-5322|4789;-5479|4895;-5447|4953;-5523";4218,05695030524
"ID385";"ID38 - Khabarovsk - ID36 - ID35 - ID44 - ID34 - ID33 - ID32 - Irkustk - ID31 - Novosibirsk - Omsk - Samara - ID18 - Moscou - ID3";"4953;-5523|4895;-5447|4789;-5479|4635;-5322|4616;-5246|4496;-5185|4361;-5198|4263;-5345|3775;-5327|3675;-5202|2992;-5135|2661;-5156|1827;-5227|1650;-5185|1352;-5056|1209;-4843";4218,05695030524
"Vladivostok4";"ID3 - Moscou - ID18 - Samara - Omsk - Novosibirsk - ID31 - Irkustk - ID32 - ID33 - ID34 - ID44 - ID35 - ID36 - Khabarovsk - ID38 - Vladivostok";"1209;-4843|1352;-5056|1650;-5185|1827;-5227|2661;-5156|2992;-5135|3675;-5202|3775;-5327|4263;-5345|4361;-5198|4496;-5185|4616;-5246|4635;-5322|4789;-5479|4895;-5447|4953;-5523|4843;-5751";4471,20512825641
"Vladivostok5";"Vladivostok - ID38 - Khabarovsk - ID36 - ID35 - ID44 - ID34 - ID33 - ID32 - Irkustk - ID31 - Novosibirsk - Omsk - Samara - ID18 - Moscou - ID3";"4843;-5751|4953;-5523|4895;-5447|4789;-5479|4635;-5322|4616;-5246|4496;-5185|4361;-5198|4263;-5345|3775;-5327|3675;-5202|2992;-5135|2661;-5156|1827;-5227|1650;-5185|1352;-5056|1209;-4843";4471,20512825641
"ID404";"ID3 - Moscou - Kazan - Perm - ID40";"1209;-4843|1352;-5056|1784;-5076|2111;-4978|2446;-4971";1365,45533301466
"ID405";"ID40 - Perm - Kazan - Moscou - ID3";"2446;-4971|2111;-4978|1784;-5076|1352;-5056|1209;-4843";1365,45533301466
"ID414";"ID3 - Moscou - Kazan - Perm - ID40 - ID41";"1209;-4843|1352;-5056|1784;-5076|2111;-4978|2446;-4971|2583;-5016";1509,65658127555
"ID415";"ID41 - ID40 - Perm - Kazan - Moscou - ID3";"2583;-5016|2446;-4971|2111;-4978|1784;-5076|1352;-5056|1209;-4843";1509,65658127555
"ID424";"ID3 - Petrograd - ID42";"1209;-4843|1089;-4834|1006;-4742";244,244250077622
"ID425";"ID42 - Petrograd - ID3";"1006;-4742|1089;-4834|1209;-4843";244,244250077622
"ID434";"ID3 - Petrograd - ID43";"1209;-4843|1089;-4834|1033;-4904";209,980766044849
"ID435";"ID43 - Petrograd - ID3";"1033;-4904|1089;-4834|1209;-4843";209,980766044849
"ID444";"ID3 - Moscou - ID18 - Samara - Omsk - Novosibirsk - ID31 - Irkustk - ID32 - ID33 - ID34 - ID44";"1209;-4843|1352;-5056|1650;-5185|1827;-5227|2661;-5156|2992;-5135|3675;-5202|3775;-5327|4263;-5345|4361;-5198|4496;-5185|4616;-5246";3713,46927175182
"ID445";"ID44 - ID34 - ID33 - ID32 - Irkustk - ID31 - Novosibirsk - Omsk - Samara - ID18 - Moscou - ID3";"4616;-5246|4496;-5185|4361;-5198|4263;-5345|3775;-5327|3675;-5202|2992;-5135|2661;-5156|1827;-5227|1650;-5185|1352;-5056|1209;-4843";3713,46927175182
"ID56";"Petrograd - ID3 - ID5";"1089;-4834|1209;-4843|1140;-4378";590,428507179647
"ID57";"ID5 - ID3 - Petrograd";"1140;-4378|1209;-4843|1089;-4834";590,428507179647
"Archangel6";"Petrograd - ID3 - Moscou - Archangel";"1089;-4834|1209;-4843|1352;-5056|1481;-4548";901,010293891027
"Archangel7";"Archangel - Moscou - ID3 - Petrograd";"1481;-4548|1352;-5056|1209;-4843|1089;-4834";901,010293891027
"Tallin6";"Petrograd - ID43 - Tallin";"1089;-4834|1033;-4904|940;-4853";195,709756502042
"Tallin7";"Tallin - ID43 - Petrograd";"940;-4853|1033;-4904|1089;-4834";195,709756502042
"Riga6";"Petrograd - ID43 - Riga";"1089;-4834|1033;-4904|890;-5014";270,057153459484
"Riga7";"Riga - ID43 - Petrograd";"890;-5014|1033;-4904|1089;-4834";270,057153459484
"Minsk6";"Petrograd - ID43 - Riga - Minsk";"1089;-4834|1033;-4904|890;-5014|1016;-5187";484,078180463842
"Minsk7";"Minsk - Riga - ID43 - Petrograd";"1016;-5187|890;-5014|1033;-4904|1089;-4834";484,078180463842
"Br.Litovsk6";"Petrograd - ID43 - Riga - Br.Litovsk";"1089;-4834|1033;-4904|890;-5014|873;-5278";534,603935711697
"Br.Litovsk7";"Br.Litovsk - Riga - ID43 - Petrograd";"873;-5278|890;-5014|1033;-4904|1089;-4834";534,603935711697
"Moscou6";"Petrograd - ID3 - Moscou";"1089;-4834|1209;-4843|1352;-5056";376,887216742157
"Moscou7";"Moscou - ID3 - Petrograd";"1352;-5056|1209;-4843|1089;-4834";376,887216742157
"Kiev6";"Petrograd - ID43 - Riga - Minsk - Kiev";"1089;-4834|1033;-4904|890;-5014|1016;-5187|1131;-5381";709,602015124394
"Kiev7";"Kiev - Minsk - Riga - ID43 - Petrograd";"1131;-5381|1016;-5187|890;-5014|1033;-4904|1089;-4834";709,602015124394
"Kharkov6";"Petrograd - ID3 - Moscou - Kharkov";"1089;-4834|1209;-4843|1352;-5056|1284;-5427";754,067544967265
"Kharkov7";"Kharkov - Moscou - ID3 - Petrograd";"1284;-5427|1352;-5056|1209;-4843|1089;-4834";754,067544967265
"Sebastopol6";"Petrograd - ID3 - Moscou - Kharkov - Sebastopol";"1089;-4834|1209;-4843|1352;-5056|1284;-5427|1221;-5670";1005,10140722493
"Sebastopol7";"Sebastopol - Kharkov - Moscou - ID3 - Petrograd";"1221;-5670|1284;-5427|1352;-5056|1209;-4843|1089;-4834";1005,10140722493
"Rostov6";"Petrograd - ID3 - Moscou - ID17 - Rostov";"1089;-4834|1209;-4843|1352;-5056|1485;-5272|1448;-5553";913,975854436932
"Rostov7";"Rostov - ID17 - Moscou - ID3 - Petrograd";"1448;-5553|1485;-5272|1352;-5056|1209;-4843|1089;-4834";913,975854436932
"Tsaritsyn6";"Petrograd - ID3 - Moscou - ID17 - Tsaritsyn";"1089;-4834|1209;-4843|1352;-5056|1485;-5272|1618;-5475";873,239480750465
"Tsaritsyn7";"Tsaritsyn - ID17 - Moscou - ID3 - Petrograd";"1618;-5475|1485;-5272|1352;-5056|1209;-4843|1089;-4834";873,239480750465
"ID176";"Petrograd - ID3 - Moscou - ID17";"1089;-4834|1209;-4843|1352;-5056|1485;-5272";630,550379223429
"ID177";"ID17 - Moscou - ID3 - Petrograd";"1485;-5272|1352;-5056|1209;-4843|1089;-4834";630,550379223429
"ID186";"Petrograd - ID3 - Moscou - ID18";"1089;-4834|1209;-4843|1352;-5056|1650;-5185";701,610175585538
"ID187";"ID18 - Moscou - ID3 - Petrograd";"1650;-5185|1352;-5056|1209;-4843|1089;-4834";701,610175585538
"Kazan6";"Petrograd - ID3 - Moscou - Kazan";"1089;-4834|1209;-4843|1352;-5056|1784;-5076";809,349931898042
"Kazan7";"Kazan - Moscou - ID3 - Petrograd";"1784;-5076|1352;-5056|1209;-4843|1089;-4834";809,349931898042
"Samara6";"Petrograd - ID3 - Moscou - ID18 - Samara";"1089;-4834|1209;-4843|1352;-5056|1650;-5185|1827;-5227";883,524990815084
"Samara7";"Samara - ID18 - Moscou - ID3 - Petrograd";"1827;-5227|1650;-5185|1352;-5056|1209;-4843|1089;-4834";883,524990815084
"Tbilissi6";"Petrograd - ID3 - Moscou - ID17 - Tsaritsyn - Tbilissi";"1089;-4834|1209;-4843|1352;-5056|1485;-5272|1618;-5475|1514;-5675";1098,66352560815
"Tbilissi7";"Tbilissi - Tsaritsyn - ID17 - Moscou - ID3 - Petrograd";"1514;-5675|1618;-5475|1485;-5272|1352;-5056|1209;-4843|1089;-4834";1098,66352560815
"Erevan6";"Petrograd - ID3 - Moscou - ID17 - Tsaritsyn - Tbilissi - Erevan";"1089;-4834|1209;-4843|1352;-5056|1485;-5272|1618;-5475|1514;-5675|1529;-5820";1244,43732297928
"Erevan7";"Erevan - Tbilissi - Tsaritsyn - ID17 - Moscou - ID3 - Petrograd";"1529;-5820|1514;-5675|1618;-5475|1485;-5272|1352;-5056|1209;-4843|1089;-4834";1244,43732297928
"Bakou6";"Petrograd - ID3 - Moscou - ID17 - Tsaritsyn - Tbilissi - Bakou";"1089;-4834|1209;-4843|1352;-5056|1485;-5272|1618;-5475|1514;-5675|1710;-5819";1341,87536742511
"Bakou7";"Bakou - Tbilissi - Tsaritsyn - ID17 - Moscou - ID3 - Petrograd";"1710;-5819|1514;-5675|1618;-5475|1485;-5272|1352;-5056|1209;-4843|1089;-4834";1341,87536742511
"ID246";"Petrograd - ID3 - Moscou - ID18 - Samara - ID24";"1089;-4834|1209;-4843|1352;-5056|1650;-5185|1827;-5227|2263;-5525";1411,63482787552
"ID247";"ID24 - Samara - ID18 - Moscou - ID3 - Petrograd";"2263;-5525|1827;-5227|1650;-5185|1352;-5056|1209;-4843|1089;-4834";1411,63482787552
"Tashkent6";"Petrograd - ID3 - Moscou - ID18 - Samara - ID24 - Tashkent";"1089;-4834|1209;-4843|1352;-5056|1650;-5185|1827;-5227|2263;-5525|2469;-5875";1817,75796191248
"Tashkent7";"Tashkent - ID24 - Samara - ID18 - Moscou - ID3 - Petrograd";"2469;-5875|2263;-5525|1827;-5227|1650;-5185|1352;-5056|1209;-4843|1089;-4834";1817,75796191248
"Perm6";"Petrograd - ID3 - Moscou - Kazan - Perm";"1089;-4834|1209;-4843|1352;-5056|1784;-5076|2111;-4978";1150,71923338838
"Perm7";"Perm - Kazan - Moscou - ID3 - Petrograd";"2111;-4978|1784;-5076|1352;-5056|1209;-4843|1089;-4834";1150,71923338838
"Yekaterin...6";"Petrograd - ID3 - Moscou - Kazan - Perm - Yekaterin...";"1089;-4834|1209;-4843|1352;-5056|1784;-5076|2111;-4978|2238;-5034";1289,51764836492
"Yekaterin...7";"Yekaterin... - Perm - Kazan - Moscou - ID3 - Petrograd";"2238;-5034|2111;-4978|1784;-5076|1352;-5056|1209;-4843|1089;-4834";1289,51764836492
"Omsk6";"Petrograd - ID3 - Moscou - ID18 - Samara - Omsk";"1089;-4834|1209;-4843|1352;-5056|1650;-5185|1827;-5227|2661;-5156";1720,54171705178
"Omsk7";"Omsk - Samara - ID18 - Moscou - ID3 - Petrograd";"2661;-5156|1827;-5227|1650;-5185|1352;-5056|1209;-4843|1089;-4834";1720,54171705178
"Novosibirsk6";"Petrograd - ID3 - Moscou - ID18 - Samara - Omsk - Novosibirsk";"1089;-4834|1209;-4843|1352;-5056|1650;-5185|1827;-5227|2661;-5156|2992;-5135";2052,20721118706
"Novosibirsk7";"Novosibirsk - Omsk - Samara - ID18 - Moscou - ID3 - Petrograd";"2992;-5135|2661;-5156|1827;-5227|1650;-5185|1352;-5056|1209;-4843|1089;-4834";2052,20721118706
"Irkustk6";"Petrograd - ID3 - Moscou - ID18 - Samara - Omsk - Novosibirsk - ID31 - Irkustk";"1089;-4834|1209;-4843|1352;-5056|1650;-5185|1827;-5227|2661;-5156|2992;-5135|3675;-5202|3775;-5327";2898,56368629971
"Irkustk7";"Irkustk - ID31 - Novosibirsk - Omsk - Samara - ID18 - Moscou - ID3 - Petrograd";"3775;-5327|3675;-5202|2992;-5135|2661;-5156|1827;-5227|1650;-5185|1352;-5056|1209;-4843|1089;-4834";2898,56368629971
"ID317";"Petrograd - ID3 - Moscou - ID18 - Samara - Omsk - Novosibirsk - ID31";"1089;-4834|1209;-4843|1352;-5056|1650;-5185|1827;-5227|2661;-5156|2992;-5135|3675;-5202";2738,48558036389
"ID318";"ID31 - Novosibirsk - Omsk - Samara - ID18 - Moscou - ID3 - Petrograd";"3675;-5202|2992;-5135|2661;-5156|1827;-5227|1650;-5185|1352;-5056|1209;-4843|1089;-4834";2738,48558036389
"ID326";"Petrograd - ID3 - Moscou - ID18 - Samara - Omsk - Novosibirsk - ID31 - Irkustk - ID32";"1089;-4834|1209;-4843|1352;-5056|1650;-5185|1827;-5227|2661;-5156|2992;-5135|3675;-5202|3775;-5327|4263;-5345";3386,89554067745
"ID327";"ID32 - Irkustk - ID31 - Novosibirsk - Omsk - Samara - ID18 - Moscou - ID3 - Petrograd";"4263;-5345|3775;-5327|3675;-5202|2992;-5135|2661;-5156|1827;-5227|1650;-5185|1352;-5056|1209;-4843|1089;-4834";3386,89554067745
"ID336";"Petrograd - ID3 - Moscou - ID18 - Samara - Omsk - Novosibirsk - ID31 - Irkustk - ID32 - ID33";"1089;-4834|1209;-4843|1352;-5056|1650;-5185|1827;-5227|2661;-5156|2992;-5135|3675;-5202|3775;-5327|4263;-5345|4361;-5198";3563,56755317518
"ID337";"ID33 - ID32 - Irkustk - ID31 - Novosibirsk - Omsk - Samara - ID18 - Moscou - ID3 - Petrograd";"4361;-5198|4263;-5345|3775;-5327|3675;-5202|2992;-5135|2661;-5156|1827;-5227|1650;-5185|1352;-5056|1209;-4843|1089;-4834";3563,56755317518
"ID346";"Petrograd - ID3 - Moscou - ID18 - Samara - Omsk - Novosibirsk - ID31 - Irkustk - ID32 - ID33 - ID34";"1089;-4834|1209;-4843|1352;-5056|1650;-5185|1827;-5227|2661;-5156|2992;-5135|3675;-5202|3775;-5327|4263;-5345|4361;-5198|4496;-5185";3699,19203474101
"ID347";"ID34 - ID33 - ID32 - Irkustk - ID31 - Novosibirsk - Omsk - Samara - ID18 - Moscou - ID3 - Petrograd";"4496;-5185|4361;-5198|4263;-5345|3775;-5327|3675;-5202|2992;-5135|2661;-5156|1827;-5227|1650;-5185|1352;-5056|1209;-4843|1089;-4834";3699,19203474101
"ID356";"Petrograd - ID3 - Moscou - ID18 - Samara - Omsk - Novosibirsk - ID31 - Irkustk - ID32 - ID33 - ID34 - ID44 - ID35";"1089;-4834|1209;-4843|1352;-5056|1650;-5185|1827;-5227|2661;-5156|2992;-5135|3675;-5202|3775;-5327|4263;-5345|4361;-5198|4496;-5185|4616;-5246|4635;-5322";3912,14530535934
"ID357";"ID35 - ID44 - ID34 - ID33 - ID32 - Irkustk - ID31 - Novosibirsk - Omsk - Samara - ID18 - Moscou - ID3 - Petrograd";"4635;-5322|4616;-5246|4496;-5185|4361;-5198|4263;-5345|3775;-5327|3675;-5202|2992;-5135|2661;-5156|1827;-5227|1650;-5185|1352;-5056|1209;-4843|1089;-4834";3912,14530535934
"ID366";"Petrograd - ID3 - Moscou - ID18 - Samara - Omsk - Novosibirsk - ID31 - Irkustk - ID32 - ID33 - ID34 - ID44 - ID35 - ID36";"1089;-4834|1209;-4843|1352;-5056|1650;-5185|1827;-5227|2661;-5156|2992;-5135|3675;-5202|3775;-5327|4263;-5345|4361;-5198|4496;-5185|4616;-5246|4635;-5322|4789;-5479";4132,06574551896
"ID367";"ID36 - ID35 - ID44 - ID34 - ID33 - ID32 - Irkustk - ID31 - Novosibirsk - Omsk - Samara - ID18 - Moscou - ID3 - Petrograd";"4789;-5479|4635;-5322|4616;-5246|4496;-5185|4361;-5198|4263;-5345|3775;-5327|3675;-5202|2992;-5135|2661;-5156|1827;-5227|1650;-5185|1352;-5056|1209;-4843|1089;-4834";4132,06574551896
"Khabarovsk6";"Petrograd - ID3 - Moscou - ID18 - Samara - Omsk - Novosibirsk - ID31 - Irkustk - ID32 - ID33 - ID34 - ID44 - ID35 - ID36 - Khabarovsk";"1089;-4834|1209;-4843|1352;-5056|1650;-5185|1827;-5227|2661;-5156|2992;-5135|3675;-5202|3775;-5327|4263;-5345|4361;-5198|4496;-5185|4616;-5246|4635;-5322|4789;-5479|4895;-5447";4242,79062980429
"Khabarovsk7";"Khabarovsk - ID36 - ID35 - ID44 - ID34 - ID33 - ID32 - Irkustk - ID31 - Novosibirsk - Omsk - Samara - ID18 - Moscou - ID3 - Petrograd";"4895;-5447|4789;-5479|4635;-5322|4616;-5246|4496;-5185|4361;-5198|4263;-5345|3775;-5327|3675;-5202|2992;-5135|2661;-5156|1827;-5227|1650;-5185|1352;-5056|1209;-4843|1089;-4834";4242,79062980429
"ID386";"Petrograd - ID3 - Moscou - ID18 - Samara - Omsk - Novosibirsk - ID31 - Irkustk - ID32 - ID33 - ID34 - ID44 - ID35 - ID36 - Khabarovsk - ID38";"1089;-4834|1209;-4843|1352;-5056|1650;-5185|1827;-5227|2661;-5156|2992;-5135|3675;-5202|3775;-5327|4263;-5345|4361;-5198|4496;-5185|4616;-5246|4635;-5322|4789;-5479|4895;-5447|4953;-5523";4338,39397702603
"ID387";"ID38 - Khabarovsk - ID36 - ID35 - ID44 - ID34 - ID33 - ID32 - Irkustk - ID31 - Novosibirsk - Omsk - Samara - ID18 - Moscou - ID3 - Petrograd";"4953;-5523|4895;-5447|4789;-5479|4635;-5322|4616;-5246|4496;-5185|4361;-5198|4263;-5345|3775;-5327|3675;-5202|2992;-5135|2661;-5156|1827;-5227|1650;-5185|1352;-5056|1209;-4843|1089;-4834";4338,39397702603
"Vladivostok6";"Petrograd - ID3 - Moscou - ID18 - Samara - Omsk - Novosibirsk - ID31 - Irkustk - ID32 - ID33 - ID34 - ID44 - ID35 - ID36 - Khabarovsk - ID38 - Vladivostok";"1089;-4834|1209;-4843|1352;-5056|1650;-5185|1827;-5227|2661;-5156|2992;-5135|3675;-5202|3775;-5327|4263;-5345|4361;-5198|4496;-5185|4616;-5246|4635;-5322|4789;-5479|4895;-5447|4953;-5523|4843;-5751";4591,5421549772
"Vladivostok7";"Vladivostok - ID38 - Khabarovsk - ID36 - ID35 - ID44 - ID34 - ID33 - ID32 - Irkustk - ID31 - Novosibirsk - Omsk - Samara - ID18 - Moscou - ID3 - Petrograd";"4843;-5751|4953;-5523|4895;-5447|4789;-5479|4635;-5322|4616;-5246|4496;-5185|4361;-5198|4263;-5345|3775;-5327|3675;-5202|2992;-5135|2661;-5156|1827;-5227|1650;-5185|1352;-5056|1209;-4843|1089;-4834";4591,5421549772
"ID406";"Petrograd - ID3 - Moscou - Kazan - Perm - ID40";"1089;-4834|1209;-4843|1352;-5056|1784;-5076|2111;-4978|2446;-4971";1485,79235973545
"ID407";"ID40 - Perm - Kazan - Moscou - ID3 - Petrograd";"2446;-4971|2111;-4978|1784;-5076|1352;-5056|1209;-4843|1089;-4834";1485,79235973545
"ID416";"Petrograd - ID3 - Moscou - Kazan - Perm - ID40 - ID41";"1089;-4834|1209;-4843|1352;-5056|1784;-5076|2111;-4978|2446;-4971|2583;-5016";1629,99360799634
"ID417";"ID41 - ID40 - Perm - Kazan - Moscou - ID3 - Petrograd";"2583;-5016|2446;-4971|2111;-4978|1784;-5076|1352;-5056|1209;-4843|1089;-4834";1629,99360799634
"ID426";"Petrograd - ID42";"1089;-4834|1006;-4742";123,907223356833
"ID427";"ID42 - Petrograd";"1006;-4742|1089;-4834";123,907223356833
"ID436";"Petrograd - ID43";"1089;-4834|1033;-4904";89,6437393240599
"ID437";"ID43 - Petrograd";"1033;-4904|1089;-4834";89,6437393240599
"ID446";"Petrograd - ID3 - Moscou - ID18 - Samara - Omsk - Novosibirsk - ID31 - Irkustk - ID32 - ID33 - ID34 - ID44";"1089;-4834|1209;-4843|1352;-5056|1650;-5185|1827;-5227|2661;-5156|2992;-5135|3675;-5202|3775;-5327|4263;-5345|4361;-5198|4496;-5185|4616;-5246";3833,80629847261
"ID447";"ID44 - ID34 - ID33 - ID32 - Irkustk - ID31 - Novosibirsk - Omsk - Samara - ID18 - Moscou - ID3 - Petrograd";"4616;-5246|4496;-5185|4361;-5198|4263;-5345|3775;-5327|3675;-5202|2992;-5135|2661;-5156|1827;-5227|1650;-5185|1352;-5056|1209;-4843|1089;-4834";3833,80629847261
"Archangel8";"ID5 - ID3 - Moscou - Archangel";"1140;-4378|1209;-4843|1352;-5056|1481;-4548";1250,76474762909
"Archangel9";"Archangel - Moscou - ID3 - ID5";"1481;-4548|1352;-5056|1209;-4843|1140;-4378";1250,76474762909
"Tallin8";"ID5 - ID3 - Petrograd - ID43 - Tallin";"1140;-4378|1209;-4843|1089;-4834|1033;-4904|940;-4853";786,138263681689
"Tallin9";"Tallin - ID43 - Petrograd - ID3 - ID5";"940;-4853|1033;-4904|1089;-4834|1209;-4843|1140;-4378";786,138263681689
"Riga8";"ID5 - ID3 - Petrograd - ID43 - Riga";"1140;-4378|1209;-4843|1089;-4834|1033;-4904|890;-5014";860,48566063913
"Riga9";"Riga - ID43 - Petrograd - ID3 - ID5";"890;-5014|1033;-4904|1089;-4834|1209;-4843|1140;-4378";860,48566063913
"Minsk8";"ID5 - ID3 - Petrograd - ID43 - Riga - Minsk";"1140;-4378|1209;-4843|1089;-4834|1033;-4904|890;-5014|1016;-5187";1074,50668764349
"Minsk9";"Minsk - Riga - ID43 - Petrograd - ID3 - ID5";"1016;-5187|890;-5014|1033;-4904|1089;-4834|1209;-4843|1140;-4378";1074,50668764349
"Br.Litovsk8";"ID5 - ID3 - Petrograd - ID43 - Riga - Br.Litovsk";"1140;-4378|1209;-4843|1089;-4834|1033;-4904|890;-5014|873;-5278";1125,03244289134
"Br.Litovsk9";"Br.Litovsk - Riga - ID43 - Petrograd - ID3 - ID5";"873;-5278|890;-5014|1033;-4904|1089;-4834|1209;-4843|1140;-4378";1125,03244289134
"Moscou8";"ID5 - ID3 - Moscou";"1140;-4378|1209;-4843|1352;-5056";726,641670480225
"Moscou9";"Moscou - ID3 - ID5";"1352;-5056|1209;-4843|1140;-4378";726,641670480225
"Kiev8";"ID5 - ID3 - Moscou - Kiev";"1140;-4378|1209;-4843|1352;-5056|1131;-5381";1119,66329838383
"Kiev9";"Kiev - Moscou - ID3 - ID5";"1131;-5381|1352;-5056|1209;-4843|1140;-4378";1119,66329838383
"Kharkov8";"ID5 - ID3 - Moscou - Kharkov";"1140;-4378|1209;-4843|1352;-5056|1284;-5427";1103,82199870533
"Kharkov9";"Kharkov - Moscou - ID3 - ID5";"1284;-5427|1352;-5056|1209;-4843|1140;-4378";1103,82199870533
"Sebastopol8";"ID5 - ID3 - Moscou - Kharkov - Sebastopol";"1140;-4378|1209;-4843|1352;-5056|1284;-5427|1221;-5670";1354,855860963
"Sebastopol9";"Sebastopol - Kharkov - Moscou - ID3 - ID5";"1221;-5670|1284;-5427|1352;-5056|1209;-4843|1140;-4378";1354,855860963
"Rostov8";"ID5 - ID3 - Moscou - ID17 - Rostov";"1140;-4378|1209;-4843|1352;-5056|1485;-5272|1448;-5553";1263,730308175
"Rostov9";"Rostov - ID17 - Moscou - ID3 - ID5";"1448;-5553|1485;-5272|1352;-5056|1209;-4843|1140;-4378";1263,730308175
"Tsaritsyn8";"ID5 - ID3 - Moscou - ID17 - Tsaritsyn";"1140;-4378|1209;-4843|1352;-5056|1485;-5272|1618;-5475";1222,99393448853
"Tsaritsyn9";"Tsaritsyn - ID17 - Moscou - ID3 - ID5";"1618;-5475|1485;-5272|1352;-5056|1209;-4843|1140;-4378";1222,99393448853
"ID178";"ID5 - ID3 - Moscou - ID17";"1140;-4378|1209;-4843|1352;-5056|1485;-5272";980,304832961497
"ID179";"ID17 - Moscou - ID3 - ID5";"1485;-5272|1352;-5056|1209;-4843|1140;-4378";980,304832961497
"ID188";"ID5 - ID3 - Moscou - ID18";"1140;-4378|1209;-4843|1352;-5056|1650;-5185";1051,36462932361
"ID189";"ID18 - Moscou - ID3 - ID5";"1650;-5185|1352;-5056|1209;-4843|1140;-4378";1051,36462932361
"Kazan8";"ID5 - ID3 - Moscou - Kazan";"1140;-4378|1209;-4843|1352;-5056|1784;-5076";1159,10438563611
"Kazan9";"Kazan - Moscou - ID3 - ID5";"1784;-5076|1352;-5056|1209;-4843|1140;-4378";1159,10438563611
"Samara8";"ID5 - ID3 - Moscou - ID18 - Samara";"1140;-4378|1209;-4843|1352;-5056|1650;-5185|1827;-5227";1233,27944455315
"Samara9";"Samara - ID18 - Moscou - ID3 - ID5";"1827;-5227|1650;-5185|1352;-5056|1209;-4843|1140;-4378";1233,27944455315
"Tbilissi8";"ID5 - ID3 - Moscou - ID17 - Tsaritsyn - Tbilissi";"1140;-4378|1209;-4843|1352;-5056|1485;-5272|1618;-5475|1514;-5675";1448,41797934622
"Tbilissi9";"Tbilissi - Tsaritsyn - ID17 - Moscou - ID3 - ID5";"1514;-5675|1618;-5475|1485;-5272|1352;-5056|1209;-4843|1140;-4378";1448,41797934622
"Erevan8";"ID5 - ID3 - Moscou - ID17 - Tsaritsyn - Tbilissi - Erevan";"1140;-4378|1209;-4843|1352;-5056|1485;-5272|1618;-5475|1514;-5675|1529;-5820";1594,19177671735
"Erevan9";"Erevan - Tbilissi - Tsaritsyn - ID17 - Moscou - ID3 - ID5";"1529;-5820|1514;-5675|1618;-5475|1485;-5272|1352;-5056|1209;-4843|1140;-4378";1594,19177671735
"Bakou8";"ID5 - ID3 - Moscou - ID17 - Tsaritsyn - Tbilissi - Bakou";"1140;-4378|1209;-4843|1352;-5056|1485;-5272|1618;-5475|1514;-5675|1710;-5819";1691,62982116318
"Bakou9";"Bakou - Tbilissi - Tsaritsyn - ID17 - Moscou - ID3 - ID5";"1710;-5819|1514;-5675|1618;-5475|1485;-5272|1352;-5056|1209;-4843|1140;-4378";1691,62982116318
"ID248";"ID5 - ID3 - Moscou - ID18 - Samara - ID24";"1140;-4378|1209;-4843|1352;-5056|1650;-5185|1827;-5227|2263;-5525";1761,38928161359
"ID249";"ID24 - Samara - ID18 - Moscou - ID3 - ID5";"2263;-5525|1827;-5227|1650;-5185|1352;-5056|1209;-4843|1140;-4378";1761,38928161359
"Tashkent8";"ID5 - ID3 - Moscou - ID18 - Samara - ID24 - Tashkent";"1140;-4378|1209;-4843|1352;-5056|1650;-5185|1827;-5227|2263;-5525|2469;-5875";2167,51241565054
"Tashkent9";"Tashkent - ID24 - Samara - ID18 - Moscou - ID3 - ID5";"2469;-5875|2263;-5525|1827;-5227|1650;-5185|1352;-5056|1209;-4843|1140;-4378";2167,51241565054
"Perm8";"ID5 - ID3 - Moscou - Kazan - Perm";"1140;-4378|1209;-4843|1352;-5056|1784;-5076|2111;-4978";1500,47368712645
"Perm9";"Perm - Kazan - Moscou - ID3 - ID5";"2111;-4978|1784;-5076|1352;-5056|1209;-4843|1140;-4378";1500,47368712645
"Yekaterin...8";"ID5 - ID3 - Moscou - Kazan - Perm - Yekaterin...";"1140;-4378|1209;-4843|1352;-5056|1784;-5076|2111;-4978|2238;-5034";1639,27210210299
"Yekaterin...9";"Yekaterin... - Perm - Kazan - Moscou - ID3 - ID5";"2238;-5034|2111;-4978|1784;-5076|1352;-5056|1209;-4843|1140;-4378";1639,27210210299
"Omsk8";"ID5 - ID3 - Moscou - ID18 - Samara - Omsk";"1140;-4378|1209;-4843|1352;-5056|1650;-5185|1827;-5227|2661;-5156";2070,29617078985
"Omsk9";"Omsk - Samara - ID18 - Moscou - ID3 - ID5";"2661;-5156|1827;-5227|1650;-5185|1352;-5056|1209;-4843|1140;-4378";2070,29617078985
"Novosibirsk8";"ID5 - ID3 - Moscou - ID18 - Samara - Omsk - Novosibirsk";"1140;-4378|1209;-4843|1352;-5056|1650;-5185|1827;-5227|2661;-5156|2992;-5135";2401,96166492513
"Novosibirsk9";"Novosibirsk - Omsk - Samara - ID18 - Moscou - ID3 - ID5";"2992;-5135|2661;-5156|1827;-5227|1650;-5185|1352;-5056|1209;-4843|1140;-4378";2401,96166492513
"Irkustk8";"ID5 - ID3 - Moscou - ID18 - Samara - Omsk - Novosibirsk - ID31 - Irkustk";"1140;-4378|1209;-4843|1352;-5056|1650;-5185|1827;-5227|2661;-5156|2992;-5135|3675;-5202|3775;-5327";3248,31814003778
"Irkustk9";"Irkustk - ID31 - Novosibirsk - Omsk - Samara - ID18 - Moscou - ID3 - ID5";"3775;-5327|3675;-5202|2992;-5135|2661;-5156|1827;-5227|1650;-5185|1352;-5056|1209;-4843|1140;-4378";3248,31814003778
"ID319";"ID5 - ID3 - Moscou - ID18 - Samara - Omsk - Novosibirsk - ID31";"1140;-4378|1209;-4843|1352;-5056|1650;-5185|1827;-5227|2661;-5156|2992;-5135|3675;-5202";3088,24003410195
"ID3110";"ID31 - Novosibirsk - Omsk - Samara - ID18 - Moscou - ID3 - ID5";"3675;-5202|2992;-5135|2661;-5156|1827;-5227|1650;-5185|1352;-5056|1209;-4843|1140;-4378";3088,24003410195
"ID328";"ID5 - ID3 - Moscou - ID18 - Samara - Omsk - Novosibirsk - ID31 - Irkustk - ID32";"1140;-4378|1209;-4843|1352;-5056|1650;-5185|1827;-5227|2661;-5156|2992;-5135|3675;-5202|3775;-5327|4263;-5345";3736,64999441551
"ID329";"ID32 - Irkustk - ID31 - Novosibirsk - Omsk - Samara - ID18 - Moscou - ID3 - ID5";"4263;-5345|3775;-5327|3675;-5202|2992;-5135|2661;-5156|1827;-5227|1650;-5185|1352;-5056|1209;-4843|1140;-4378";3736,64999441551
"ID338";"ID5 - ID3 - Moscou - ID18 - Samara - Omsk - Novosibirsk - ID31 - Irkustk - ID32 - ID33";"1140;-4378|1209;-4843|1352;-5056|1650;-5185|1827;-5227|2661;-5156|2992;-5135|3675;-5202|3775;-5327|4263;-5345|4361;-5198";3913,32200691325
"ID339";"ID33 - ID32 - Irkustk - ID31 - Novosibirsk - Omsk - Samara - ID18 - Moscou - ID3 - ID5";"4361;-5198|4263;-5345|3775;-5327|3675;-5202|2992;-5135|2661;-5156|1827;-5227|1650;-5185|1352;-5056|1209;-4843|1140;-4378";3913,32200691325
"ID348";"ID5 - ID3 - Moscou - ID18 - Samara - Omsk - Novosibirsk - ID31 - Irkustk - ID32 - ID33 - ID34";"1140;-4378|1209;-4843|1352;-5056|1650;-5185|1827;-5227|2661;-5156|2992;-5135|3675;-5202|3775;-5327|4263;-5345|4361;-5198|4496;-5185";4048,94648847908
"ID349";"ID34 - ID33 - ID32 - Irkustk - ID31 - Novosibirsk - Omsk - Samara - ID18 - Moscou - ID3 - ID5";"4496;-5185|4361;-5198|4263;-5345|3775;-5327|3675;-5202|2992;-5135|2661;-5156|1827;-5227|1650;-5185|1352;-5056|1209;-4843|1140;-4378";4048,94648847908
"ID358";"ID5 - ID3 - Moscou - ID18 - Samara - Omsk - Novosibirsk - ID31 - Irkustk - ID32 - ID33 - ID34 - ID44 - ID35";"1140;-4378|1209;-4843|1352;-5056|1650;-5185|1827;-5227|2661;-5156|2992;-5135|3675;-5202|3775;-5327|4263;-5345|4361;-5198|4496;-5185|4616;-5246|4635;-5322";4261,89975909741
"ID359";"ID35 - ID44 - ID34 - ID33 - ID32 - Irkustk - ID31 - Novosibirsk - Omsk - Samara - ID18 - Moscou - ID3 - ID5";"4635;-5322|4616;-5246|4496;-5185|4361;-5198|4263;-5345|3775;-5327|3675;-5202|2992;-5135|2661;-5156|1827;-5227|1650;-5185|1352;-5056|1209;-4843|1140;-4378";4261,89975909741
"ID368";"ID5 - ID3 - Moscou - ID18 - Samara - Omsk - Novosibirsk - ID31 - Irkustk - ID32 - ID33 - ID34 - ID44 - ID35 - ID36";"1140;-4378|1209;-4843|1352;-5056|1650;-5185|1827;-5227|2661;-5156|2992;-5135|3675;-5202|3775;-5327|4263;-5345|4361;-5198|4496;-5185|4616;-5246|4635;-5322|4789;-5479";4481,82019925703
"ID369";"ID36 - ID35 - ID44 - ID34 - ID33 - ID32 - Irkustk - ID31 - Novosibirsk - Omsk - Samara - ID18 - Moscou - ID3 - ID5";"4789;-5479|4635;-5322|4616;-5246|4496;-5185|4361;-5198|4263;-5345|3775;-5327|3675;-5202|2992;-5135|2661;-5156|1827;-5227|1650;-5185|1352;-5056|1209;-4843|1140;-4378";4481,82019925703
"Khabarovsk8";"ID5 - ID3 - Moscou - ID18 - Samara - Omsk - Novosibirsk - ID31 - Irkustk - ID32 - ID33 - ID34 - ID44 - ID35 - ID36 - Khabarovsk";"1140;-4378|1209;-4843|1352;-5056|1650;-5185|1827;-5227|2661;-5156|2992;-5135|3675;-5202|3775;-5327|4263;-5345|4361;-5198|4496;-5185|4616;-5246|4635;-5322|4789;-5479|4895;-5447";4592,54508354236
"Khabarovsk9";"Khabarovsk - ID36 - ID35 - ID44 - ID34 - ID33 - ID32 - Irkustk - ID31 - Novosibirsk - Omsk - Samara - ID18 - Moscou - ID3 - ID5";"4895;-5447|4789;-5479|4635;-5322|4616;-5246|4496;-5185|4361;-5198|4263;-5345|3775;-5327|3675;-5202|2992;-5135|2661;-5156|1827;-5227|1650;-5185|1352;-5056|1209;-4843|1140;-4378";4592,54508354236
"ID388";"ID5 - ID3 - Moscou - ID18 - Samara - Omsk - Novosibirsk - ID31 - Irkustk - ID32 - ID33 - ID34 - ID44 - ID35 - ID36 - Khabarovsk - ID38";"1140;-4378|1209;-4843|1352;-5056|1650;-5185|1827;-5227|2661;-5156|2992;-5135|3675;-5202|3775;-5327|4263;-5345|4361;-5198|4496;-5185|4616;-5246|4635;-5322|4789;-5479|4895;-5447|4953;-5523";4688,1484307641
"ID389";"ID38 - Khabarovsk - ID36 - ID35 - ID44 - ID34 - ID33 - ID32 - Irkustk - ID31 - Novosibirsk - Omsk - Samara - ID18 - Moscou - ID3 - ID5";"4953;-5523|4895;-5447|4789;-5479|4635;-5322|4616;-5246|4496;-5185|4361;-5198|4263;-5345|3775;-5327|3675;-5202|2992;-5135|2661;-5156|1827;-5227|1650;-5185|1352;-5056|1209;-4843|1140;-4378";4688,1484307641
"Vladivostok8";"ID5 - ID3 - Moscou - ID18 - Samara - Omsk - Novosibirsk - ID31 - Irkustk - ID32 - ID33 - ID34 - ID44 - ID35 - ID36 - Khabarovsk - ID38 - Vladivostok";"1140;-4378|1209;-4843|1352;-5056|1650;-5185|1827;-5227|2661;-5156|2992;-5135|3675;-5202|3775;-5327|4263;-5345|4361;-5198|4496;-5185|4616;-5246|4635;-5322|4789;-5479|4895;-5447|4953;-5523|4843;-5751";4941,29660871527
"Vladivostok9";"Vladivostok - ID38 - Khabarovsk - ID36 - ID35 - ID44 - ID34 - ID33 - ID32 - Irkustk - ID31 - Novosibirsk - Omsk - Samara - ID18 - Moscou - ID3 - ID5";"4843;-5751|4953;-5523|4895;-5447|4789;-5479|4635;-5322|4616;-5246|4496;-5185|4361;-5198|4263;-5345|3775;-5327|3675;-5202|2992;-5135|2661;-5156|1827;-5227|1650;-5185|1352;-5056|1209;-4843|1140;-4378";4941,29660871527
"ID408";"ID5 - ID3 - Moscou - Kazan - Perm - ID40";"1140;-4378|1209;-4843|1352;-5056|1784;-5076|2111;-4978|2446;-4971";1835,54681347352
"ID409";"ID40 - Perm - Kazan - Moscou - ID3 - ID5";"2446;-4971|2111;-4978|1784;-5076|1352;-5056|1209;-4843|1140;-4378";1835,54681347352
"ID418";"ID5 - ID3 - Moscou - Kazan - Perm - ID40 - ID41";"1140;-4378|1209;-4843|1352;-5056|1784;-5076|2111;-4978|2446;-4971|2583;-5016";1979,74806173441
"ID419";"ID41 - ID40 - Perm - Kazan - Moscou - ID3 - ID5";"2583;-5016|2446;-4971|2111;-4978|1784;-5076|1352;-5056|1209;-4843|1140;-4378";1979,74806173441
"ID428";"ID5 - ID3 - Petrograd - ID42";"1140;-4378|1209;-4843|1089;-4834|1006;-4742";714,335730536479
"ID429";"ID42 - Petrograd - ID3 - ID5";"1006;-4742|1089;-4834|1209;-4843|1140;-4378";714,335730536479
"ID438";"ID5 - ID3 - Petrograd - ID43";"1140;-4378|1209;-4843|1089;-4834|1033;-4904";680,072246503706
"ID439";"ID43 - Petrograd - ID3 - ID5";"1033;-4904|1089;-4834|1209;-4843|1140;-4378";680,072246503706
"ID448";"ID5 - ID3 - Moscou - ID18 - Samara - Omsk - Novosibirsk - ID31 - Irkustk - ID32 - ID33 - ID34 - ID44";"1140;-4378|1209;-4843|1352;-5056|1650;-5185|1827;-5227|2661;-5156|2992;-5135|3675;-5202|3775;-5327|4263;-5345|4361;-5198|4496;-5185|4616;-5246";4183,56075221067
"ID449";"ID44 - ID34 - ID33 - ID32 - Irkustk - ID31 - Novosibirsk - Omsk - Samara - ID18 - Moscou - ID3 - ID5";"4616;-5246|4496;-5185|4361;-5198|4263;-5345|3775;-5327|3675;-5202|2992;-5135|2661;-5156|1827;-5227|1650;-5185|1352;-5056|1209;-4843|1140;-4378";4183,56075221067
"Tallin10";"Archangel - Moscou - ID3 - Petrograd - ID43 - Tallin";"1481;-4548|1352;-5056|1209;-4843|1089;-4834|1033;-4904|940;-4853";1096,72005039307
"Tallin11";"Tallin - ID43 - Petrograd - ID3 - Moscou - Archangel";"940;-4853|1033;-4904|1089;-4834|1209;-4843|1352;-5056|1481;-4548";1096,72005039307
"Riga10";"Archangel - Moscou - Minsk - Riga";"1481;-4548|1352;-5056|1016;-5187|890;-5014";1098,77826781496
"Riga11";"Riga - Minsk - Moscou - Archangel";"890;-5014|1016;-5187|1352;-5056|1481;-4548";1098,77826781496
"Minsk10";"Archangel - Moscou - Minsk";"1481;-4548|1352;-5056|1016;-5187";884,757240810606
"Minsk11";"Minsk - Moscou - Archangel";"1016;-5187|1352;-5056|1481;-4548";884,757240810606
"Br.Litovsk10";"Archangel - Moscou - Minsk - Br.Litovsk";"1481;-4548|1352;-5056|1016;-5187|873;-5278";1054,25650334587
"Br.Litovsk11";"Br.Litovsk - Minsk - Moscou - Archangel";"873;-5278|1016;-5187|1352;-5056|1481;-4548";1054,25650334587
"Moscou10";"Archangel - Moscou";"1481;-4548|1352;-5056";524,12307714887
"Moscou11";"Moscou - Archangel";"1352;-5056|1481;-4548";524,12307714887
"Kiev10";"Archangel - Moscou - Kiev";"1481;-4548|1352;-5056|1131;-5381";917,144705052475
"Kiev11";"Kiev - Moscou - Archangel";"1131;-5381|1352;-5056|1481;-4548";917,144705052475
"Kharkov10";"Archangel - Moscou - Kharkov";"1481;-4548|1352;-5056|1284;-5427";901,303405373978
"Kharkov11";"Kharkov - Moscou - Archangel";"1284;-5427|1352;-5056|1481;-4548";901,303405373978
"Sebastopol10";"Archangel - Moscou - Kharkov - Sebastopol";"1481;-4548|1352;-5056|1284;-5427|1221;-5670";1152,33726763164
"Sebastopol11";"Sebastopol - Kharkov - Moscou - Archangel";"1221;-5670|1284;-5427|1352;-5056|1481;-4548";1152,33726763164
"Rostov10";"Archangel - Moscou - ID17 - Rostov";"1481;-4548|1352;-5056|1485;-5272|1448;-5553";1061,21171484364
"Rostov11";"Rostov - ID17 - Moscou - Archangel";"1448;-5553|1485;-5272|1352;-5056|1481;-4548";1061,21171484364
"Tsaritsyn10";"Archangel - Moscou - ID17 - Tsaritsyn";"1481;-4548|1352;-5056|1485;-5272|1618;-5475";1020,47534115718
"Tsaritsyn11";"Tsaritsyn - ID17 - Moscou - Archangel";"1618;-5475|1485;-5272|1352;-5056|1481;-4548";1020,47534115718
"ID1710";"Archangel - Moscou - ID17";"1481;-4548|1352;-5056|1485;-5272";777,786239630141
"ID1711";"ID17 - Moscou - Archangel";"1485;-5272|1352;-5056|1481;-4548";777,786239630141
"ID1810";"Archangel - Moscou - ID18";"1481;-4548|1352;-5056|1650;-5185";848,846035992251
"ID1811";"ID18 - Moscou - Archangel";"1650;-5185|1352;-5056|1481;-4548";848,846035992251
"Kazan10";"Archangel - Moscou - Kazan";"1481;-4548|1352;-5056|1784;-5076";956,585792304754
"Kazan11";"Kazan - Moscou - Archangel";"1784;-5076|1352;-5056|1481;-4548";956,585792304754
"Samara10";"Archangel - Moscou - ID18 - Samara";"1481;-4548|1352;-5056|1650;-5185|1827;-5227";1030,7608512218
"Samara11";"Samara - ID18 - Moscou - Archangel";"1827;-5227|1650;-5185|1352;-5056|1481;-4548";1030,7608512218
"Tbilissi10";"Archangel - Moscou - ID17 - Tsaritsyn - Tbilissi";"1481;-4548|1352;-5056|1485;-5272|1618;-5475|1514;-5675";1245,89938601486
"Tbilissi11";"Tbilissi - Tsaritsyn - ID17 - Moscou - Archangel";"1514;-5675|1618;-5475|1485;-5272|1352;-5056|1481;-4548";1245,89938601486
"Erevan10";"Archangel - Moscou - ID17 - Tsaritsyn - Tbilissi - Erevan";"1481;-4548|1352;-5056|1485;-5272|1618;-5475|1514;-5675|1529;-5820";1391,673183386
"Erevan11";"Erevan - Tbilissi - Tsaritsyn - ID17 - Moscou - Archangel";"1529;-5820|1514;-5675|1618;-5475|1485;-5272|1352;-5056|1481;-4548";1391,673183386
"Bakou10";"Archangel - Moscou - ID17 - Tsaritsyn - Tbilissi - Bakou";"1481;-4548|1352;-5056|1485;-5272|1618;-5475|1514;-5675|1710;-5819";1489,11122783183
"Bakou11";"Bakou - Tbilissi - Tsaritsyn - ID17 - Moscou - Archangel";"1710;-5819|1514;-5675|1618;-5475|1485;-5272|1352;-5056|1481;-4548";1489,11122783183
"ID2410";"Archangel - Moscou - ID18 - Samara - ID24";"1481;-4548|1352;-5056|1650;-5185|1827;-5227|2263;-5525";1558,87068828223
"ID2411";"ID24 - Samara - ID18 - Moscou - Archangel";"2263;-5525|1827;-5227|1650;-5185|1352;-5056|1481;-4548";1558,87068828223
"Tashkent10";"Archangel - Moscou - ID18 - Samara - ID24 - Tashkent";"1481;-4548|1352;-5056|1650;-5185|1827;-5227|2263;-5525|2469;-5875";1964,99382231919
"Tashkent11";"Tashkent - ID24 - Samara - ID18 - Moscou - Archangel";"2469;-5875|2263;-5525|1827;-5227|1650;-5185|1352;-5056|1481;-4548";1964,99382231919
"Perm10";"Archangel - Moscou - Kazan - Perm";"1481;-4548|1352;-5056|1784;-5076|2111;-4978";1297,95509379509
"Perm11";"Perm - Kazan - Moscou - Archangel";"2111;-4978|1784;-5076|1352;-5056|1481;-4548";1297,95509379509
"Yekaterin...10";"Archangel - Moscou - Kazan - Perm - Yekaterin...";"1481;-4548|1352;-5056|1784;-5076|2111;-4978|2238;-5034";1436,75350877163
"Yekaterin...11";"Yekaterin... - Perm - Kazan - Moscou - Archangel";"2238;-5034|2111;-4978|1784;-5076|1352;-5056|1481;-4548";1436,75350877163
"Omsk10";"Archangel - Moscou - ID18 - Samara - Omsk";"1481;-4548|1352;-5056|1650;-5185|1827;-5227|2661;-5156";1867,7775774585
"Omsk11";"Omsk - Samara - ID18 - Moscou - Archangel";"2661;-5156|1827;-5227|1650;-5185|1352;-5056|1481;-4548";1867,7775774585
"Novosibirsk10";"Archangel - Moscou - ID18 - Samara - Omsk - Novosibirsk";"1481;-4548|1352;-5056|1650;-5185|1827;-5227|2661;-5156|2992;-5135";2199,44307159378
"Novosibirsk11";"Novosibirsk - Omsk - Samara - ID18 - Moscou - Archangel";"2992;-5135|2661;-5156|1827;-5227|1650;-5185|1352;-5056|1481;-4548";2199,44307159378
"Irkustk10";"Archangel - Moscou - ID18 - Samara - Omsk - Novosibirsk - ID31 - Irkustk";"1481;-4548|1352;-5056|1650;-5185|1827;-5227|2661;-5156|2992;-5135|3675;-5202|3775;-5327";3045,79954670642
"Irkustk11";"Irkustk - ID31 - Novosibirsk - Omsk - Samara - ID18 - Moscou - Archangel";"3775;-5327|3675;-5202|2992;-5135|2661;-5156|1827;-5227|1650;-5185|1352;-5056|1481;-4548";3045,79954670642
"ID3111";"Archangel - Moscou - ID18 - Samara - Omsk - Novosibirsk - ID31";"1481;-4548|1352;-5056|1650;-5185|1827;-5227|2661;-5156|2992;-5135|3675;-5202";2885,7214407706
"ID3112";"ID31 - Novosibirsk - Omsk - Samara - ID18 - Moscou - Archangel";"3675;-5202|2992;-5135|2661;-5156|1827;-5227|1650;-5185|1352;-5056|1481;-4548";2885,7214407706
"ID3210";"Archangel - Moscou - ID18 - Samara - Omsk - Novosibirsk - ID31 - Irkustk - ID32";"1481;-4548|1352;-5056|1650;-5185|1827;-5227|2661;-5156|2992;-5135|3675;-5202|3775;-5327|4263;-5345";3534,13140108416
"ID3211";"ID32 - Irkustk - ID31 - Novosibirsk - Omsk - Samara - ID18 - Moscou - Archangel";"4263;-5345|3775;-5327|3675;-5202|2992;-5135|2661;-5156|1827;-5227|1650;-5185|1352;-5056|1481;-4548";3534,13140108416
"ID3310";"Archangel - Moscou - ID18 - Samara - Omsk - Novosibirsk - ID31 - Irkustk - ID32 - ID33";"1481;-4548|1352;-5056|1650;-5185|1827;-5227|2661;-5156|2992;-5135|3675;-5202|3775;-5327|4263;-5345|4361;-5198";3710,80341358189
"ID3311";"ID33 - ID32 - Irkustk - ID31 - Novosibirsk - Omsk - Samara - ID18 - Moscou - Archangel";"4361;-5198|4263;-5345|3775;-5327|3675;-5202|2992;-5135|2661;-5156|1827;-5227|1650;-5185|1352;-5056|1481;-4548";3710,80341358189
"ID3410";"Archangel - Moscou - ID18 - Samara - Omsk - Novosibirsk - ID31 - Irkustk - ID32 - ID33 - ID34";"1481;-4548|1352;-5056|1650;-5185|1827;-5227|2661;-5156|2992;-5135|3675;-5202|3775;-5327|4263;-5345|4361;-5198|4496;-5185";3846,42789514772
"ID3411";"ID34 - ID33 - ID32 - Irkustk - ID31 - Novosibirsk - Omsk - Samara - ID18 - Moscou - Archangel";"4496;-5185|4361;-5198|4263;-5345|3775;-5327|3675;-5202|2992;-5135|2661;-5156|1827;-5227|1650;-5185|1352;-5056|1481;-4548";3846,42789514772
"ID3510";"Archangel - Moscou - ID18 - Samara - Omsk - Novosibirsk - ID31 - Irkustk - ID32 - ID33 - ID34 - ID44 - ID35";"1481;-4548|1352;-5056|1650;-5185|1827;-5227|2661;-5156|2992;-5135|3675;-5202|3775;-5327|4263;-5345|4361;-5198|4496;-5185|4616;-5246|4635;-5322";4059,38116576606
"ID3511";"ID35 - ID44 - ID34 - ID33 - ID32 - Irkustk - ID31 - Novosibirsk - Omsk - Samara - ID18 - Moscou - Archangel";"4635;-5322|4616;-5246|4496;-5185|4361;-5198|4263;-5345|3775;-5327|3675;-5202|2992;-5135|2661;-5156|1827;-5227|1650;-5185|1352;-5056|1481;-4548";4059,38116576606
"ID3610";"Archangel - Moscou - ID18 - Samara - Omsk - Novosibirsk - ID31 - Irkustk - ID32 - ID33 - ID34 - ID44 - ID35 - ID36";"1481;-4548|1352;-5056|1650;-5185|1827;-5227|2661;-5156|2992;-5135|3675;-5202|3775;-5327|4263;-5345|4361;-5198|4496;-5185|4616;-5246|4635;-5322|4789;-5479";4279,30160592567
"ID3611";"ID36 - ID35 - ID44 - ID34 - ID33 - ID32 - Irkustk - ID31 - Novosibirsk - Omsk - Samara - ID18 - Moscou - Archangel";"4789;-5479|4635;-5322|4616;-5246|4496;-5185|4361;-5198|4263;-5345|3775;-5327|3675;-5202|2992;-5135|2661;-5156|1827;-5227|1650;-5185|1352;-5056|1481;-4548";4279,30160592567
"Khabarovsk10";"Archangel - Moscou - ID18 - Samara - Omsk - Novosibirsk - ID31 - Irkustk - ID32 - ID33 - ID34 - ID44 - ID35 - ID36 - Khabarovsk";"1481;-4548|1352;-5056|1650;-5185|1827;-5227|2661;-5156|2992;-5135|3675;-5202|3775;-5327|4263;-5345|4361;-5198|4496;-5185|4616;-5246|4635;-5322|4789;-5479|4895;-5447";4390,026490211
"Khabarovsk11";"Khabarovsk - ID36 - ID35 - ID44 - ID34 - ID33 - ID32 - Irkustk - ID31 - Novosibirsk - Omsk - Samara - ID18 - Moscou - Archangel";"4895;-5447|4789;-5479|4635;-5322|4616;-5246|4496;-5185|4361;-5198|4263;-5345|3775;-5327|3675;-5202|2992;-5135|2661;-5156|1827;-5227|1650;-5185|1352;-5056|1481;-4548";4390,026490211
"ID3810";"Archangel - Moscou - ID18 - Samara - Omsk - Novosibirsk - ID31 - Irkustk - ID32 - ID33 - ID34 - ID44 - ID35 - ID36 - Khabarovsk - ID38";"1481;-4548|1352;-5056|1650;-5185|1827;-5227|2661;-5156|2992;-5135|3675;-5202|3775;-5327|4263;-5345|4361;-5198|4496;-5185|4616;-5246|4635;-5322|4789;-5479|4895;-5447|4953;-5523";4485,62983743274
"ID3811";"ID38 - Khabarovsk - ID36 - ID35 - ID44 - ID34 - ID33 - ID32 - Irkustk - ID31 - Novosibirsk - Omsk - Samara - ID18 - Moscou - Archangel";"4953;-5523|4895;-5447|4789;-5479|4635;-5322|4616;-5246|4496;-5185|4361;-5198|4263;-5345|3775;-5327|3675;-5202|2992;-5135|2661;-5156|1827;-5227|1650;-5185|1352;-5056|1481;-4548";4485,62983743274
"Vladivostok10";"Archangel - Moscou - ID18 - Samara - Omsk - Novosibirsk - ID31 - Irkustk - ID32 - ID33 - ID34 - ID44 - ID35 - ID36 - Khabarovsk - ID38 - Vladivostok";"1481;-4548|1352;-5056|1650;-5185|1827;-5227|2661;-5156|2992;-5135|3675;-5202|3775;-5327|4263;-5345|4361;-5198|4496;-5185|4616;-5246|4635;-5322|4789;-5479|4895;-5447|4953;-5523|4843;-5751";4738,77801538392
"Vladivostok11";"Vladivostok - ID38 - Khabarovsk - ID36 - ID35 - ID44 - ID34 - ID33 - ID32 - Irkustk - ID31 - Novosibirsk - Omsk - Samara - ID18 - Moscou - Archangel";"4843;-5751|4953;-5523|4895;-5447|4789;-5479|4635;-5322|4616;-5246|4496;-5185|4361;-5198|4263;-5345|3775;-5327|3675;-5202|2992;-5135|2661;-5156|1827;-5227|1650;-5185|1352;-5056|1481;-4548";4738,77801538392
"ID4010";"Archangel - Moscou - Kazan - Perm - ID40";"1481;-4548|1352;-5056|1784;-5076|2111;-4978|2446;-4971";1633,02822014216
"ID4011";"ID40 - Perm - Kazan - Moscou - Archangel";"2446;-4971|2111;-4978|1784;-5076|1352;-5056|1481;-4548";1633,02822014216
"ID4110";"Archangel - Moscou - Kazan - Perm - ID40 - ID41";"1481;-4548|1352;-5056|1784;-5076|2111;-4978|2446;-4971|2583;-5016";1777,22946840306
"ID4111";"ID41 - ID40 - Perm - Kazan - Moscou - Archangel";"2583;-5016|2446;-4971|2111;-4978|1784;-5076|1352;-5056|1481;-4548";1777,22946840306
"ID4210";"Archangel - Moscou - ID3 - Petrograd - ID42";"1481;-4548|1352;-5056|1209;-4843|1089;-4834|1006;-4742";1024,91751724786
"ID4211";"ID42 - Petrograd - ID3 - Moscou - Archangel";"1006;-4742|1089;-4834|1209;-4843|1352;-5056|1481;-4548";1024,91751724786
"ID4310";"Archangel - Moscou - ID3 - Petrograd - ID43";"1481;-4548|1352;-5056|1209;-4843|1089;-4834|1033;-4904";990,654033215087
"ID4311";"ID43 - Petrograd - ID3 - Moscou - Archangel";"1033;-4904|1089;-4834|1209;-4843|1352;-5056|1481;-4548";990,654033215087
"ID4410";"Archangel - Moscou - ID18 - Samara - Omsk - Novosibirsk - ID31 - Irkustk - ID32 - ID33 - ID34 - ID44";"1481;-4548|1352;-5056|1650;-5185|1827;-5227|2661;-5156|2992;-5135|3675;-5202|3775;-5327|4263;-5345|4361;-5198|4496;-5185|4616;-5246";3981,04215887932
"ID4411";"ID44 - ID34 - ID33 - ID32 - Irkustk - ID31 - Novosibirsk - Omsk - Samara - ID18 - Moscou - Archangel";"4616;-5246|4496;-5185|4361;-5198|4263;-5345|3775;-5327|3675;-5202|2992;-5135|2661;-5156|1827;-5227|1650;-5185|1352;-5056|1481;-4548";3981,04215887932
"Riga12";"Tallin - Riga";"940;-4853|890;-5014";168,585289986997
"Riga13";"Riga - Tallin";"890;-5014|940;-4853";168,585289986997
"Minsk12";"Tallin - Riga - Minsk";"940;-4853|890;-5014|1016;-5187";382,606316991355
"Minsk13";"Minsk - Riga - Tallin";"1016;-5187|890;-5014|940;-4853";382,606316991355
"Br.Litovsk12";"Tallin - Riga - Br.Litovsk";"940;-4853|890;-5014|873;-5278";433,132072239211
"Br.Litovsk13";"Br.Litovsk - Riga - Tallin";"873;-5278|890;-5014|940;-4853";433,132072239211
"Moscou12";"Tallin - ID43 - Petrograd - ID3 - Moscou";"940;-4853|1033;-4904|1089;-4834|1209;-4843|1352;-5056";572,596973244199
"Moscou13";"Moscou - ID3 - Petrograd - ID43 - Tallin";"1352;-5056|1209;-4843|1089;-4834|1033;-4904|940;-4853";572,596973244199
"Kiev12";"Tallin - Riga - Minsk - Kiev";"940;-4853|890;-5014|1016;-5187|1131;-5381";608,130151651907
"Kiev13";"Kiev - Minsk - Riga - Tallin";"1131;-5381|1016;-5187|890;-5014|940;-4853";608,130151651907
"Kharkov12";"Tallin - Riga - Minsk - Kiev - Kharkov";"940;-4853|890;-5014|1016;-5187|1131;-5381|1284;-5427";767,895604738612
"Kharkov13";"Kharkov - Kiev - Minsk - Riga - Tallin";"1284;-5427|1131;-5381|1016;-5187|890;-5014|940;-4853";767,895604738612
"Sebastopol12";"Tallin - Riga - Minsk - Kiev - Kharkov - Sebastopol";"940;-4853|890;-5014|1016;-5187|1131;-5381|1284;-5427|1221;-5670";1018,92946699628
"Sebastopol13";"Sebastopol - Kharkov - Kiev - Minsk - Riga - Tallin";"1221;-5670|1284;-5427|1131;-5381|1016;-5187|890;-5014|940;-4853";1018,92946699628
"Rostov12";"Tallin - Riga - Minsk - Kiev - Kharkov - Rostov";"940;-4853|890;-5014|1016;-5187|1131;-5381|1284;-5427|1448;-5553";974,709530768751
"Rostov13";"Rostov - Kharkov - Kiev - Minsk - Riga - Tallin";"1448;-5553|1284;-5427|1131;-5381|1016;-5187|890;-5014|940;-4853";974,709530768751
"Tsaritsyn12";"Tallin - ID43 - Petrograd - ID3 - Moscou - ID17 - Tsaritsyn";"940;-4853|1033;-4904|1089;-4834|1209;-4843|1352;-5056|1485;-5272|1618;-5475";1068,94923725251
"Tsaritsyn13";"Tsaritsyn - ID17 - Moscou - ID3 - Petrograd - ID43 - Tallin";"1618;-5475|1485;-5272|1352;-5056|1209;-4843|1089;-4834|1033;-4904|940;-4853";1068,94923725251
"ID1712";"Tallin - ID43 - Petrograd - ID3 - Moscou - ID17";"940;-4853|1033;-4904|1089;-4834|1209;-4843|1352;-5056|1485;-5272";826,260135725471
"ID1713";"ID17 - Moscou - ID3 - Petrograd - ID43 - Tallin";"1485;-5272|1352;-5056|1209;-4843|1089;-4834|1033;-4904|940;-4853";826,260135725471
"ID1812";"Tallin - ID43 - Petrograd - ID3 - Moscou - ID18";"940;-4853|1033;-4904|1089;-4834|1209;-4843|1352;-5056|1650;-5185";897,31993208758
"ID1813";"ID18 - Moscou - ID3 - Petrograd - ID43 - Tallin";"1650;-5185|1352;-5056|1209;-4843|1089;-4834|1033;-4904|940;-4853";897,31993208758
"Kazan12";"Tallin - ID43 - Petrograd - ID3 - Moscou - Kazan";"940;-4853|1033;-4904|1089;-4834|1209;-4843|1352;-5056|1784;-5076";1005,05968840008
"Kazan13";"Kazan - Moscou - ID3 - Petrograd - ID43 - Tallin";"1784;-5076|1352;-5056|1209;-4843|1089;-4834|1033;-4904|940;-4853";1005,05968840008
"Samara12";"Tallin - ID43 - Petrograd - ID3 - Moscou - ID18 - Samara";"940;-4853|1033;-4904|1089;-4834|1209;-4843|1352;-5056|1650;-5185|1827;-5227";1079,23474731713
"Samara13";"Samara - ID18 - Moscou - ID3 - Petrograd - ID43 - Tallin";"1827;-5227|1650;-5185|1352;-5056|1209;-4843|1089;-4834|1033;-4904|940;-4853";1079,23474731713
"Tbilissi12";"Tallin - ID43 - Petrograd - ID3 - Moscou - ID17 - Tsaritsyn - Tbilissi";"940;-4853|1033;-4904|1089;-4834|1209;-4843|1352;-5056|1485;-5272|1618;-5475|1514;-5675";1294,37328211019
"Tbilissi13";"Tbilissi - Tsaritsyn - ID17 - Moscou - ID3 - Petrograd - ID43 - Tallin";"1514;-5675|1618;-5475|1485;-5272|1352;-5056|1209;-4843|1089;-4834|1033;-4904|940;-4853";1294,37328211019
"Erevan12";"Tallin - ID43 - Petrograd - ID3 - Moscou - ID17 - Tsaritsyn - Tbilissi - Erevan";"940;-4853|1033;-4904|1089;-4834|1209;-4843|1352;-5056|1485;-5272|1618;-5475|1514;-5675|1529;-5820";1440,14707948133
"Erevan13";"Erevan - Tbilissi - Tsaritsyn - ID17 - Moscou - ID3 - Petrograd - ID43 - Tallin";"1529;-5820|1514;-5675|1618;-5475|1485;-5272|1352;-5056|1209;-4843|1089;-4834|1033;-4904|940;-4853";1440,14707948133
"Bakou12";"Tallin - ID43 - Petrograd - ID3 - Moscou - ID17 - Tsaritsyn - Tbilissi - Bakou";"940;-4853|1033;-4904|1089;-4834|1209;-4843|1352;-5056|1485;-5272|1618;-5475|1514;-5675|1710;-5819";1537,58512392716
"Bakou13";"Bakou - Tbilissi - Tsaritsyn - ID17 - Moscou - ID3 - Petrograd - ID43 - Tallin";"1710;-5819|1514;-5675|1618;-5475|1485;-5272|1352;-5056|1209;-4843|1089;-4834|1033;-4904|940;-4853";1537,58512392716
"ID2412";"Tallin - ID43 - Petrograd - ID3 - Moscou - ID18 - Samara - ID24";"940;-4853|1033;-4904|1089;-4834|1209;-4843|1352;-5056|1650;-5185|1827;-5227|2263;-5525";1607,34458437756
"ID2413";"ID24 - Samara - ID18 - Moscou - ID3 - Petrograd - ID43 - Tallin";"2263;-5525|1827;-5227|1650;-5185|1352;-5056|1209;-4843|1089;-4834|1033;-4904|940;-4853";1607,34458437756
"Tashkent12";"Tallin - ID43 - Petrograd - ID3 - Moscou - ID18 - Samara - ID24 - Tashkent";"940;-4853|1033;-4904|1089;-4834|1209;-4843|1352;-5056|1650;-5185|1827;-5227|2263;-5525|2469;-5875";2013,46771841452
"Tashkent13";"Tashkent - ID24 - Samara - ID18 - Moscou - ID3 - Petrograd - ID43 - Tallin";"2469;-5875|2263;-5525|1827;-5227|1650;-5185|1352;-5056|1209;-4843|1089;-4834|1033;-4904|940;-4853";2013,46771841452
"Perm12";"Tallin - ID43 - Petrograd - ID3 - Moscou - Kazan - Perm";"940;-4853|1033;-4904|1089;-4834|1209;-4843|1352;-5056|1784;-5076|2111;-4978";1346,42898989042
"Perm13";"Perm - Kazan - Moscou - ID3 - Petrograd - ID43 - Tallin";"2111;-4978|1784;-5076|1352;-5056|1209;-4843|1089;-4834|1033;-4904|940;-4853";1346,42898989042
"Yekaterin...12";"Tallin - ID43 - Petrograd - ID3 - Moscou - Kazan - Perm - Yekaterin...";"940;-4853|1033;-4904|1089;-4834|1209;-4843|1352;-5056|1784;-5076|2111;-4978|2238;-5034";1485,22740486696
"Yekaterin...13";"Yekaterin... - Perm - Kazan - Moscou - ID3 - Petrograd - ID43 - Tallin";"2238;-5034|2111;-4978|1784;-5076|1352;-5056|1209;-4843|1089;-4834|1033;-4904|940;-4853";1485,22740486696
"Omsk12";"Tallin - ID43 - Petrograd - ID3 - Moscou - ID18 - Samara - Omsk";"940;-4853|1033;-4904|1089;-4834|1209;-4843|1352;-5056|1650;-5185|1827;-5227|2661;-5156";1916,25147355383
"Omsk13";"Omsk - Samara - ID18 - Moscou - ID3 - Petrograd - ID43 - Tallin";"2661;-5156|1827;-5227|1650;-5185|1352;-5056|1209;-4843|1089;-4834|1033;-4904|940;-4853";1916,25147355383
"Novosibirsk12";"Tallin - ID43 - Petrograd - ID3 - Moscou - ID18 - Samara - Omsk - Novosibirsk";"940;-4853|1033;-4904|1089;-4834|1209;-4843|1352;-5056|1650;-5185|1827;-5227|2661;-5156|2992;-5135";2247,91696768911
"Novosibirsk13";"Novosibirsk - Omsk - Samara - ID18 - Moscou - ID3 - Petrograd - ID43 - Tallin";"2992;-5135|2661;-5156|1827;-5227|1650;-5185|1352;-5056|1209;-4843|1089;-4834|1033;-4904|940;-4853";2247,91696768911
"Irkustk12";"Tallin - ID43 - Petrograd - ID3 - Moscou - ID18 - Samara - Omsk - Novosibirsk - ID31 - Irkustk";"940;-4853|1033;-4904|1089;-4834|1209;-4843|1352;-5056|1650;-5185|1827;-5227|2661;-5156|2992;-5135|3675;-5202|3775;-5327";3094,27344280175
"Irkustk13";"Irkustk - ID31 - Novosibirsk - Omsk - Samara - ID18 - Moscou - ID3 - Petrograd - ID43 - Tallin";"3775;-5327|3675;-5202|2992;-5135|2661;-5156|1827;-5227|1650;-5185|1352;-5056|1209;-4843|1089;-4834|1033;-4904|940;-4853";3094,27344280175
"ID3113";"Tallin - ID43 - Petrograd - ID3 - Moscou - ID18 - Samara - Omsk - Novosibirsk - ID31";"940;-4853|1033;-4904|1089;-4834|1209;-4843|1352;-5056|1650;-5185|1827;-5227|2661;-5156|2992;-5135|3675;-5202";2934,19533686593
"ID3114";"ID31 - Novosibirsk - Omsk - Samara - ID18 - Moscou - ID3 - Petrograd - ID43 - Tallin";"3675;-5202|2992;-5135|2661;-5156|1827;-5227|1650;-5185|1352;-5056|1209;-4843|1089;-4834|1033;-4904|940;-4853";2934,19533686593
"ID3212";"Tallin - ID43 - Petrograd - ID3 - Moscou - ID18 - Samara - Omsk - Novosibirsk - ID31 - Irkustk - ID32";"940;-4853|1033;-4904|1089;-4834|1209;-4843|1352;-5056|1650;-5185|1827;-5227|2661;-5156|2992;-5135|3675;-5202|3775;-5327|4263;-5345";3582,60529717949
"ID3213";"ID32 - Irkustk - ID31 - Novosibirsk - Omsk - Samara - ID18 - Moscou - ID3 - Petrograd - ID43 - Tallin";"4263;-5345|3775;-5327|3675;-5202|2992;-5135|2661;-5156|1827;-5227|1650;-5185|1352;-5056|1209;-4843|1089;-4834|1033;-4904|940;-4853";3582,60529717949
"ID3312";"Tallin - ID43 - Petrograd - ID3 - Moscou - ID18 - Samara - Omsk - Novosibirsk - ID31 - Irkustk - ID32 - ID33";"940;-4853|1033;-4904|1089;-4834|1209;-4843|1352;-5056|1650;-5185|1827;-5227|2661;-5156|2992;-5135|3675;-5202|3775;-5327|4263;-5345|4361;-5198";3759,27730967722
"ID3313";"ID33 - ID32 - Irkustk - ID31 - Novosibirsk - Omsk - Samara - ID18 - Moscou - ID3 - Petrograd - ID43 - Tallin";"4361;-5198|4263;-5345|3775;-5327|3675;-5202|2992;-5135|2661;-5156|1827;-5227|1650;-5185|1352;-5056|1209;-4843|1089;-4834|1033;-4904|940;-4853";3759,27730967722
"ID3412";"Tallin - ID43 - Petrograd - ID3 - Moscou - ID18 - Samara - Omsk - Novosibirsk - ID31 - Irkustk - ID32 - ID33 - ID34";"940;-4853|1033;-4904|1089;-4834|1209;-4843|1352;-5056|1650;-5185|1827;-5227|2661;-5156|2992;-5135|3675;-5202|3775;-5327|4263;-5345|4361;-5198|4496;-5185";3894,90179124305
"ID3413";"ID34 - ID33 - ID32 - Irkustk - ID31 - Novosibirsk - Omsk - Samara - ID18 - Moscou - ID3 - Petrograd - ID43 - Tallin";"4496;-5185|4361;-5198|4263;-5345|3775;-5327|3675;-5202|2992;-5135|2661;-5156|1827;-5227|1650;-5185|1352;-5056|1209;-4843|1089;-4834|1033;-4904|940;-4853";3894,90179124305
"ID3512";"Tallin - ID43 - Petrograd - ID3 - Moscou - ID18 - Samara - Omsk - Novosibirsk - ID31 - Irkustk - ID32 - ID33 - ID34 - ID44 - ID35";"940;-4853|1033;-4904|1089;-4834|1209;-4843|1352;-5056|1650;-5185|1827;-5227|2661;-5156|2992;-5135|3675;-5202|3775;-5327|4263;-5345|4361;-5198|4496;-5185|4616;-5246|4635;-5322";4107,85506186139
"ID3513";"ID35 - ID44 - ID34 - ID33 - ID32 - Irkustk - ID31 - Novosibirsk - Omsk - Samara - ID18 - Moscou - ID3 - Petrograd - ID43 - Tallin";"4635;-5322|4616;-5246|4496;-5185|4361;-5198|4263;-5345|3775;-5327|3675;-5202|2992;-5135|2661;-5156|1827;-5227|1650;-5185|1352;-5056|1209;-4843|1089;-4834|1033;-4904|940;-4853";4107,85506186139
"ID3612";"Tallin - ID43 - Petrograd - ID3 - Moscou - ID18 - Samara - Omsk - Novosibirsk - ID31 - Irkustk - ID32 - ID33 - ID34 - ID44 - ID35 - ID36";"940;-4853|1033;-4904|1089;-4834|1209;-4843|1352;-5056|1650;-5185|1827;-5227|2661;-5156|2992;-5135|3675;-5202|3775;-5327|4263;-5345|4361;-5198|4496;-5185|4616;-5246|4635;-5322|4789;-5479";4327,775502021
"ID3613";"ID36 - ID35 - ID44 - ID34 - ID33 - ID32 - Irkustk - ID31 - Novosibirsk - Omsk - Samara - ID18 - Moscou - ID3 - Petrograd - ID43 - Tallin";"4789;-5479|4635;-5322|4616;-5246|4496;-5185|4361;-5198|4263;-5345|3775;-5327|3675;-5202|2992;-5135|2661;-5156|1827;-5227|1650;-5185|1352;-5056|1209;-4843|1089;-4834|1033;-4904|940;-4853";4327,775502021
"Khabarovsk12";"Tallin - ID43 - Petrograd - ID3 - Moscou - ID18 - Samara - Omsk - Novosibirsk - ID31 - Irkustk - ID32 - ID33 - ID34 - ID44 - ID35 - ID36 - Khabarovsk";"940;-4853|1033;-4904|1089;-4834|1209;-4843|1352;-5056|1650;-5185|1827;-5227|2661;-5156|2992;-5135|3675;-5202|3775;-5327|4263;-5345|4361;-5198|4496;-5185|4616;-5246|4635;-5322|4789;-5479|4895;-5447";4438,50038630633
"Khabarovsk13";"Khabarovsk - ID36 - ID35 - ID44 - ID34 - ID33 - ID32 - Irkustk - ID31 - Novosibirsk - Omsk - Samara - ID18 - Moscou - ID3 - Petrograd - ID43 - Tallin";"4895;-5447|4789;-5479|4635;-5322|4616;-5246|4496;-5185|4361;-5198|4263;-5345|3775;-5327|3675;-5202|2992;-5135|2661;-5156|1827;-5227|1650;-5185|1352;-5056|1209;-4843|1089;-4834|1033;-4904|940;-4853";4438,50038630633
"ID3812";"Tallin - ID43 - Petrograd - ID3 - Moscou - ID18 - Samara - Omsk - Novosibirsk - ID31 - Irkustk - ID32 - ID33 - ID34 - ID44 - ID35 - ID36 - Khabarovsk - ID38";"940;-4853|1033;-4904|1089;-4834|1209;-4843|1352;-5056|1650;-5185|1827;-5227|2661;-5156|2992;-5135|3675;-5202|3775;-5327|4263;-5345|4361;-5198|4496;-5185|4616;-5246|4635;-5322|4789;-5479|4895;-5447|4953;-5523";4534,10373352807
"ID3813";"ID38 - Khabarovsk - ID36 - ID35 - ID44 - ID34 - ID33 - ID32 - Irkustk - ID31 - Novosibirsk - Omsk - Samara - ID18 - Moscou - ID3 - Petrograd - ID43 - Tallin";"4953;-5523|4895;-5447|4789;-5479|4635;-5322|4616;-5246|4496;-5185|4361;-5198|4263;-5345|3775;-5327|3675;-5202|2992;-5135|2661;-5156|1827;-5227|1650;-5185|1352;-5056|1209;-4843|1089;-4834|1033;-4904|940;-4853";4534,10373352807
"Vladivostok12";"Tallin - ID43 - Petrograd - ID3 - Moscou - ID18 - Samara - Omsk - Novosibirsk - ID31 - Irkustk - ID32 - ID33 - ID34 - ID44 - ID35 - ID36 - Khabarovsk - ID38 - Vladivostok";"940;-4853|1033;-4904|1089;-4834|1209;-4843|1352;-5056|1650;-5185|1827;-5227|2661;-5156|2992;-5135|3675;-5202|3775;-5327|4263;-5345|4361;-5198|4496;-5185|4616;-5246|4635;-5322|4789;-5479|4895;-5447|4953;-5523|4843;-5751";4787,25191147925
"Vladivostok13";"Vladivostok - ID38 - Khabarovsk - ID36 - ID35 - ID44 - ID34 - ID33 - ID32 - Irkustk - ID31 - Novosibirsk - Omsk - Samara - ID18 - Moscou - ID3 - Petrograd - ID43 - Tallin";"4843;-5751|4953;-5523|4895;-5447|4789;-5479|4635;-5322|4616;-5246|4496;-5185|4361;-5198|4263;-5345|3775;-5327|3675;-5202|2992;-5135|2661;-5156|1827;-5227|1650;-5185|1352;-5056|1209;-4843|1089;-4834|1033;-4904|940;-4853";4787,25191147925
"ID4012";"Tallin - ID43 - Petrograd - ID3 - Moscou - Kazan - Perm - ID40";"940;-4853|1033;-4904|1089;-4834|1209;-4843|1352;-5056|1784;-5076|2111;-4978|2446;-4971";1681,50211623749
"ID4013";"ID40 - Perm - Kazan - Moscou - ID3 - Petrograd - ID43 - Tallin";"2446;-4971|2111;-4978|1784;-5076|1352;-5056|1209;-4843|1089;-4834|1033;-4904|940;-4853";1681,50211623749
"ID4112";"Tallin - ID43 - Petrograd - ID3 - Moscou - Kazan - Perm - ID40 - ID41";"940;-4853|1033;-4904|1089;-4834|1209;-4843|1352;-5056|1784;-5076|2111;-4978|2446;-4971|2583;-5016";1825,70336449839
"ID4113";"ID41 - ID40 - Perm - Kazan - Moscou - ID3 - Petrograd - ID43 - Tallin";"2583;-5016|2446;-4971|2111;-4978|1784;-5076|1352;-5056|1209;-4843|1089;-4834|1033;-4904|940;-4853";1825,70336449839
"ID4212";"Tallin - ID43 - Petrograd - ID42";"940;-4853|1033;-4904|1089;-4834|1006;-4742";319,616979858875
"ID4213";"ID42 - Petrograd - ID43 - Tallin";"1006;-4742|1089;-4834|1033;-4904|940;-4853";319,616979858875
"ID4312";"Tallin - ID43";"940;-4853|1033;-4904";106,066017177982
"ID4313";"ID43 - Tallin";"1033;-4904|940;-4853";106,066017177982
"ID4412";"Tallin - ID43 - Petrograd - ID3 - Moscou - ID18 - Samara - Omsk - Novosibirsk - ID31 - Irkustk - ID32 - ID33 - ID34 - ID44";"940;-4853|1033;-4904|1089;-4834|1209;-4843|1352;-5056|1650;-5185|1827;-5227|2661;-5156|2992;-5135|3675;-5202|3775;-5327|4263;-5345|4361;-5198|4496;-5185|4616;-5246";4029,51605497465
"ID4413";"ID44 - ID34 - ID33 - ID32 - Irkustk - ID31 - Novosibirsk - Omsk - Samara - ID18 - Moscou - ID3 - Petrograd - ID43 - Tallin";"4616;-5246|4496;-5185|4361;-5198|4263;-5345|3775;-5327|3675;-5202|2992;-5135|2661;-5156|1827;-5227|1650;-5185|1352;-5056|1209;-4843|1089;-4834|1033;-4904|940;-4853";4029,51605497465
"Minsk14";"Riga - Minsk";"890;-5014|1016;-5187";214,021027004358
"Minsk15";"Minsk - Riga";"1016;-5187|890;-5014";214,021027004358
"Br.Litovsk14";"Riga - Br.Litovsk";"890;-5014|873;-5278";264,546782252213
"Br.Litovsk15";"Br.Litovsk - Riga";"873;-5278|890;-5014";264,546782252213
"Moscou14";"Riga - Minsk - Moscou";"890;-5014|1016;-5187|1352;-5056";574,655190666094
"Moscou15";"Moscou - Minsk - Riga";"1352;-5056|1016;-5187|890;-5014";574,655190666094
"Kiev14";"Riga - Minsk - Kiev";"890;-5014|1016;-5187|1131;-5381";439,54486166491
"Kiev15";"Kiev - Minsk - Riga";"1131;-5381|1016;-5187|890;-5014";439,54486166491
"Kharkov14";"Riga - Minsk - Kiev - Kharkov";"890;-5014|1016;-5187|1131;-5381|1284;-5427";599,310314751614
"Kharkov15";"Kharkov - Kiev - Minsk - Riga";"1284;-5427|1131;-5381|1016;-5187|890;-5014";599,310314751614
"Sebastopol14";"Riga - Minsk - Kiev - Kharkov - Sebastopol";"890;-5014|1016;-5187|1131;-5381|1284;-5427|1221;-5670";850,344177009279
"Sebastopol15";"Sebastopol - Kharkov - Kiev - Minsk - Riga";"1221;-5670|1284;-5427|1131;-5381|1016;-5187|890;-5014";850,344177009279
"Rostov14";"Riga - Minsk - Kiev - Kharkov - Rostov";"890;-5014|1016;-5187|1131;-5381|1284;-5427|1448;-5553";806,124240781754
"Rostov15";"Rostov - Kharkov - Kiev - Minsk - Riga";"1448;-5553|1284;-5427|1131;-5381|1016;-5187|890;-5014";806,124240781754
"Tsaritsyn14";"Riga - Minsk - Kiev - Kharkov - Rostov - Tsaritsyn";"890;-5014|1016;-5187|1131;-5381|1284;-5427|1448;-5553|1618;-5475";993,164343433565
"Tsaritsyn15";"Tsaritsyn - Rostov - Kharkov - Kiev - Minsk - Riga";"1618;-5475|1448;-5553|1284;-5427|1131;-5381|1016;-5187|890;-5014";993,164343433565
"ID1714";"Riga - Minsk - Moscou - ID17";"890;-5014|1016;-5187|1352;-5056|1485;-5272";828,318353147366
"ID1715";"ID17 - Moscou - Minsk - Riga";"1485;-5272|1352;-5056|1016;-5187|890;-5014";828,318353147366
"ID1814";"Riga - Minsk - Moscou - ID18";"890;-5014|1016;-5187|1352;-5056|1650;-5185";899,378149509475
"ID1815";"ID18 - Moscou - Minsk - Riga";"1650;-5185|1352;-5056|1016;-5187|890;-5014";899,378149509475
"Kazan14";"Riga - Minsk - Moscou - Kazan";"890;-5014|1016;-5187|1352;-5056|1784;-5076";1007,11790582198
"Kazan15";"Kazan - Moscou - Minsk - Riga";"1784;-5076|1352;-5056|1016;-5187|890;-5014";1007,11790582198
"Samara14";"Riga - Minsk - Moscou - ID18 - Samara";"890;-5014|1016;-5187|1352;-5056|1650;-5185|1827;-5227";1081,29296473902
"Samara15";"Samara - ID18 - Moscou - Minsk - Riga";"1827;-5227|1650;-5185|1352;-5056|1016;-5187|890;-5014";1081,29296473902
"Tbilissi14";"Riga - Minsk - Kiev - Kharkov - Rostov - Tsaritsyn - Tbilissi";"890;-5014|1016;-5187|1131;-5381|1284;-5427|1448;-5553|1618;-5475|1514;-5675";1218,58838829125
"Tbilissi15";"Tbilissi - Tsaritsyn - Rostov - Kharkov - Kiev - Minsk - Riga";"1514;-5675|1618;-5475|1448;-5553|1284;-5427|1131;-5381|1016;-5187|890;-5014";1218,58838829125
"Erevan14";"Riga - Minsk - Kiev - Kharkov - Rostov - Tsaritsyn - Tbilissi - Erevan";"890;-5014|1016;-5187|1131;-5381|1284;-5427|1448;-5553|1618;-5475|1514;-5675|1529;-5820";1364,36218566238
"Erevan15";"Erevan - Tbilissi - Tsaritsyn - Rostov - Kharkov - Kiev - Minsk - Riga";"1529;-5820|1514;-5675|1618;-5475|1448;-5553|1284;-5427|1131;-5381|1016;-5187|890;-5014";1364,36218566238
"Bakou14";"Riga - Minsk - Kiev - Kharkov - Rostov - Tsaritsyn - Tbilissi - Bakou";"890;-5014|1016;-5187|1131;-5381|1284;-5427|1448;-5553|1618;-5475|1514;-5675|1710;-5819";1461,80023010821
"Bakou15";"Bakou - Tbilissi - Tsaritsyn - Rostov - Kharkov - Kiev - Minsk - Riga";"1710;-5819|1514;-5675|1618;-5475|1448;-5553|1284;-5427|1131;-5381|1016;-5187|890;-5014";1461,80023010821
"ID2414";"Riga - Minsk - Moscou - ID18 - Samara - ID24";"890;-5014|1016;-5187|1352;-5056|1650;-5185|1827;-5227|2263;-5525";1609,40280179946
"ID2415";"ID24 - Samara - ID18 - Moscou - Minsk - Riga";"2263;-5525|1827;-5227|1650;-5185|1352;-5056|1016;-5187|890;-5014";1609,40280179946
"Tashkent14";"Riga - Minsk - Moscou - ID18 - Samara - ID24 - Tashkent";"890;-5014|1016;-5187|1352;-5056|1650;-5185|1827;-5227|2263;-5525|2469;-5875";2015,52593583641
"Tashkent15";"Tashkent - ID24 - Samara - ID18 - Moscou - Minsk - Riga";"2469;-5875|2263;-5525|1827;-5227|1650;-5185|1352;-5056|1016;-5187|890;-5014";2015,52593583641
"Perm14";"Riga - Minsk - Moscou - Kazan - Perm";"890;-5014|1016;-5187|1352;-5056|1784;-5076|2111;-4978";1348,48720731231
"Perm15";"Perm - Kazan - Moscou - Minsk - Riga";"2111;-4978|1784;-5076|1352;-5056|1016;-5187|890;-5014";1348,48720731231
"Yekaterin...14";"Riga - Minsk - Moscou - Kazan - Perm - Yekaterin...";"890;-5014|1016;-5187|1352;-5056|1784;-5076|2111;-4978|2238;-5034";1487,28562228886
"Yekaterin...15";"Yekaterin... - Perm - Kazan - Moscou - Minsk - Riga";"2238;-5034|2111;-4978|1784;-5076|1352;-5056|1016;-5187|890;-5014";1487,28562228886
"Omsk14";"Riga - Minsk - Moscou - ID18 - Samara - Omsk";"890;-5014|1016;-5187|1352;-5056|1650;-5185|1827;-5227|2661;-5156";1918,30969097572
"Omsk15";"Omsk - Samara - ID18 - Moscou - Minsk - Riga";"2661;-5156|1827;-5227|1650;-5185|1352;-5056|1016;-5187|890;-5014";1918,30969097572
"Novosibirsk14";"Riga - Minsk - Moscou - ID18 - Samara - Omsk - Novosibirsk";"890;-5014|1016;-5187|1352;-5056|1650;-5185|1827;-5227|2661;-5156|2992;-5135";2249,975185111
"Novosibirsk15";"Novosibirsk - Omsk - Samara - ID18 - Moscou - Minsk - Riga";"2992;-5135|2661;-5156|1827;-5227|1650;-5185|1352;-5056|1016;-5187|890;-5014";2249,975185111
"Irkustk14";"Riga - Minsk - Moscou - ID18 - Samara - Omsk - Novosibirsk - ID31 - Irkustk";"890;-5014|1016;-5187|1352;-5056|1650;-5185|1827;-5227|2661;-5156|2992;-5135|3675;-5202|3775;-5327";3096,33166022364
"Irkustk15";"Irkustk - ID31 - Novosibirsk - Omsk - Samara - ID18 - Moscou - Minsk - Riga";"3775;-5327|3675;-5202|2992;-5135|2661;-5156|1827;-5227|1650;-5185|1352;-5056|1016;-5187|890;-5014";3096,33166022364
"ID3115";"Riga - Minsk - Moscou - ID18 - Samara - Omsk - Novosibirsk - ID31";"890;-5014|1016;-5187|1352;-5056|1650;-5185|1827;-5227|2661;-5156|2992;-5135|3675;-5202";2936,25355428782
"ID3116";"ID31 - Novosibirsk - Omsk - Samara - ID18 - Moscou - Minsk - Riga";"3675;-5202|2992;-5135|2661;-5156|1827;-5227|1650;-5185|1352;-5056|1016;-5187|890;-5014";2936,25355428782
"ID3214";"Riga - Minsk - Moscou - ID18 - Samara - Omsk - Novosibirsk - ID31 - Irkustk - ID32";"890;-5014|1016;-5187|1352;-5056|1650;-5185|1827;-5227|2661;-5156|2992;-5135|3675;-5202|3775;-5327|4263;-5345";3584,66351460138
"ID3215";"ID32 - Irkustk - ID31 - Novosibirsk - Omsk - Samara - ID18 - Moscou - Minsk - Riga";"4263;-5345|3775;-5327|3675;-5202|2992;-5135|2661;-5156|1827;-5227|1650;-5185|1352;-5056|1016;-5187|890;-5014";3584,66351460138
"ID3314";"Riga - Minsk - Moscou - ID18 - Samara - Omsk - Novosibirsk - ID31 - Irkustk - ID32 - ID33";"890;-5014|1016;-5187|1352;-5056|1650;-5185|1827;-5227|2661;-5156|2992;-5135|3675;-5202|3775;-5327|4263;-5345|4361;-5198";3761,33552709912
"ID3315";"ID33 - ID32 - Irkustk - ID31 - Novosibirsk - Omsk - Samara - ID18 - Moscou - Minsk - Riga";"4361;-5198|4263;-5345|3775;-5327|3675;-5202|2992;-5135|2661;-5156|1827;-5227|1650;-5185|1352;-5056|1016;-5187|890;-5014";3761,33552709912
"ID3414";"Riga - Minsk - Moscou - ID18 - Samara - Omsk - Novosibirsk - ID31 - Irkustk - ID32 - ID33 - ID34";"890;-5014|1016;-5187|1352;-5056|1650;-5185|1827;-5227|2661;-5156|2992;-5135|3675;-5202|3775;-5327|4263;-5345|4361;-5198|4496;-5185";3896,96000866495
"ID3415";"ID34 - ID33 - ID32 - Irkustk - ID31 - Novosibirsk - Omsk - Samara - ID18 - Moscou - Minsk - Riga";"4496;-5185|4361;-5198|4263;-5345|3775;-5327|3675;-5202|2992;-5135|2661;-5156|1827;-5227|1650;-5185|1352;-5056|1016;-5187|890;-5014";3896,96000866495
"ID3514";"Riga - Minsk - Moscou - ID18 - Samara - Omsk - Novosibirsk - ID31 - Irkustk - ID32 - ID33 - ID34 - ID44 - ID35";"890;-5014|1016;-5187|1352;-5056|1650;-5185|1827;-5227|2661;-5156|2992;-5135|3675;-5202|3775;-5327|4263;-5345|4361;-5198|4496;-5185|4616;-5246|4635;-5322";4109,91327928328
"ID3515";"ID35 - ID44 - ID34 - ID33 - ID32 - Irkustk - ID31 - Novosibirsk - Omsk - Samara - ID18 - Moscou - Minsk - Riga";"4635;-5322|4616;-5246|4496;-5185|4361;-5198|4263;-5345|3775;-5327|3675;-5202|2992;-5135|2661;-5156|1827;-5227|1650;-5185|1352;-5056|1016;-5187|890;-5014";4109,91327928328
"ID3614";"Riga - Minsk - Moscou - ID18 - Samara - Omsk - Novosibirsk - ID31 - Irkustk - ID32 - ID33 - ID34 - ID44 - ID35 - ID36";"890;-5014|1016;-5187|1352;-5056|1650;-5185|1827;-5227|2661;-5156|2992;-5135|3675;-5202|3775;-5327|4263;-5345|4361;-5198|4496;-5185|4616;-5246|4635;-5322|4789;-5479";4329,8337194429
"ID3615";"ID36 - ID35 - ID44 - ID34 - ID33 - ID32 - Irkustk - ID31 - Novosibirsk - Omsk - Samara - ID18 - Moscou - Minsk - Riga";"4789;-5479|4635;-5322|4616;-5246|4496;-5185|4361;-5198|4263;-5345|3775;-5327|3675;-5202|2992;-5135|2661;-5156|1827;-5227|1650;-5185|1352;-5056|1016;-5187|890;-5014";4329,8337194429
"Khabarovsk14";"Riga - Minsk - Moscou - ID18 - Samara - Omsk - Novosibirsk - ID31 - Irkustk - ID32 - ID33 - ID34 - ID44 - ID35 - ID36 - Khabarovsk";"890;-5014|1016;-5187|1352;-5056|1650;-5185|1827;-5227|2661;-5156|2992;-5135|3675;-5202|3775;-5327|4263;-5345|4361;-5198|4496;-5185|4616;-5246|4635;-5322|4789;-5479|4895;-5447";4440,55860372823
"Khabarovsk15";"Khabarovsk - ID36 - ID35 - ID44 - ID34 - ID33 - ID32 - Irkustk - ID31 - Novosibirsk - Omsk - Samara - ID18 - Moscou - Minsk - Riga";"4895;-5447|4789;-5479|4635;-5322|4616;-5246|4496;-5185|4361;-5198|4263;-5345|3775;-5327|3675;-5202|2992;-5135|2661;-5156|1827;-5227|1650;-5185|1352;-5056|1016;-5187|890;-5014";4440,55860372823
"ID3814";"Riga - Minsk - Moscou - ID18 - Samara - Omsk - Novosibirsk - ID31 - Irkustk - ID32 - ID33 - ID34 - ID44 - ID35 - ID36 - Khabarovsk - ID38";"890;-5014|1016;-5187|1352;-5056|1650;-5185|1827;-5227|2661;-5156|2992;-5135|3675;-5202|3775;-5327|4263;-5345|4361;-5198|4496;-5185|4616;-5246|4635;-5322|4789;-5479|4895;-5447|4953;-5523";4536,16195094997
"ID3815";"ID38 - Khabarovsk - ID36 - ID35 - ID44 - ID34 - ID33 - ID32 - Irkustk - ID31 - Novosibirsk - Omsk - Samara - ID18 - Moscou - Minsk - Riga";"4953;-5523|4895;-5447|4789;-5479|4635;-5322|4616;-5246|4496;-5185|4361;-5198|4263;-5345|3775;-5327|3675;-5202|2992;-5135|2661;-5156|1827;-5227|1650;-5185|1352;-5056|1016;-5187|890;-5014";4536,16195094997
"Vladivostok14";"Riga - Minsk - Moscou - ID18 - Samara - Omsk - Novosibirsk - ID31 - Irkustk - ID32 - ID33 - ID34 - ID44 - ID35 - ID36 - Khabarovsk - ID38 - Vladivostok";"890;-5014|1016;-5187|1352;-5056|1650;-5185|1827;-5227|2661;-5156|2992;-5135|3675;-5202|3775;-5327|4263;-5345|4361;-5198|4496;-5185|4616;-5246|4635;-5322|4789;-5479|4895;-5447|4953;-5523|4843;-5751";4789,31012890114
"Vladivostok15";"Vladivostok - ID38 - Khabarovsk - ID36 - ID35 - ID44 - ID34 - ID33 - ID32 - Irkustk - ID31 - Novosibirsk - Omsk - Samara - ID18 - Moscou - Minsk - Riga";"4843;-5751|4953;-5523|4895;-5447|4789;-5479|4635;-5322|4616;-5246|4496;-5185|4361;-5198|4263;-5345|3775;-5327|3675;-5202|2992;-5135|2661;-5156|1827;-5227|1650;-5185|1352;-5056|1016;-5187|890;-5014";4789,31012890114
"ID4014";"Riga - Minsk - Moscou - Kazan - Perm - ID40";"890;-5014|1016;-5187|1352;-5056|1784;-5076|2111;-4978|2446;-4971";1683,56033365939
"ID4015";"ID40 - Perm - Kazan - Moscou - Minsk - Riga";"2446;-4971|2111;-4978|1784;-5076|1352;-5056|1016;-5187|890;-5014";1683,56033365939
"ID4114";"Riga - Minsk - Moscou - Kazan - Perm - ID40 - ID41";"890;-5014|1016;-5187|1352;-5056|1784;-5076|2111;-4978|2446;-4971|2583;-5016";1827,76158192028
"ID4115";"ID41 - ID40 - Perm - Kazan - Moscou - Minsk - Riga";"2583;-5016|2446;-4971|2111;-4978|1784;-5076|1352;-5056|1016;-5187|890;-5014";1827,76158192028
"ID4214";"Riga - ID43 - Petrograd - ID42";"890;-5014|1033;-4904|1089;-4834|1006;-4742";393,964376816316
"ID4215";"ID42 - Petrograd - ID43 - Riga";"1006;-4742|1089;-4834|1033;-4904|890;-5014";393,964376816316
"ID4314";"Riga - ID43";"890;-5014|1033;-4904";180,413414135424
"ID4315";"ID43 - Riga";"1033;-4904|890;-5014";180,413414135424
"ID4414";"Riga - Minsk - Moscou - ID18 - Samara - Omsk - Novosibirsk - ID31 - Irkustk - ID32 - ID33 - ID34 - ID44";"890;-5014|1016;-5187|1352;-5056|1650;-5185|1827;-5227|2661;-5156|2992;-5135|3675;-5202|3775;-5327|4263;-5345|4361;-5198|4496;-5185|4616;-5246";4031,57427239654
"ID4415";"ID44 - ID34 - ID33 - ID32 - Irkustk - ID31 - Novosibirsk - Omsk - Samara - ID18 - Moscou - Minsk - Riga";"4616;-5246|4496;-5185|4361;-5198|4263;-5345|3775;-5327|3675;-5202|2992;-5135|2661;-5156|1827;-5227|1650;-5185|1352;-5056|1016;-5187|890;-5014";4031,57427239654
"Br.Litovsk16";"Minsk - Br.Litovsk";"1016;-5187|873;-5278";169,499262535269
"Br.Litovsk17";"Br.Litovsk - Minsk";"873;-5278|1016;-5187";169,499262535269
"Moscou16";"Minsk - Moscou";"1016;-5187|1352;-5056";360,634163661736
"Moscou17";"Moscou - Minsk";"1352;-5056|1016;-5187";360,634163661736
"Kiev16";"Minsk - Kiev";"1016;-5187|1131;-5381";225,523834660552
"Kiev17";"Kiev - Minsk";"1131;-5381|1016;-5187";225,523834660552
"Kharkov16";"Minsk - Kiev - Kharkov";"1016;-5187|1131;-5381|1284;-5427";385,289287747257
"Kharkov17";"Kharkov - Kiev - Minsk";"1284;-5427|1131;-5381|1016;-5187";385,289287747257
"Sebastopol16";"Minsk - Kiev - Kharkov - Sebastopol";"1016;-5187|1131;-5381|1284;-5427|1221;-5670";636,323150004921
"Sebastopol17";"Sebastopol - Kharkov - Kiev - Minsk";"1221;-5670|1284;-5427|1131;-5381|1016;-5187";636,323150004921
"Rostov16";"Minsk - Kiev - Kharkov - Rostov";"1016;-5187|1131;-5381|1284;-5427|1448;-5553";592,103213777396
"Rostov17";"Rostov - Kharkov - Kiev - Minsk";"1448;-5553|1284;-5427|1131;-5381|1016;-5187";592,103213777396
"Tsaritsyn16";"Minsk - Kiev - Kharkov - Rostov - Tsaritsyn";"1016;-5187|1131;-5381|1284;-5427|1448;-5553|1618;-5475";779,143316429207
"Tsaritsyn17";"Tsaritsyn - Rostov - Kharkov - Kiev - Minsk";"1618;-5475|1448;-5553|1284;-5427|1131;-5381|1016;-5187";779,143316429207
"ID1716";"Minsk - Moscou - ID17";"1016;-5187|1352;-5056|1485;-5272";614,297326143008
"ID1717";"ID17 - Moscou - Minsk";"1485;-5272|1352;-5056|1016;-5187";614,297326143008
"ID1816";"Minsk - Moscou - ID18";"1016;-5187|1352;-5056|1650;-5185";685,357122505117
"ID1817";"ID18 - Moscou - Minsk";"1650;-5185|1352;-5056|1016;-5187";685,357122505117
"Kazan16";"Minsk - Moscou - Kazan";"1016;-5187|1352;-5056|1784;-5076";793,096878817621
"Kazan17";"Kazan - Moscou - Minsk";"1784;-5076|1352;-5056|1016;-5187";793,096878817621
"Samara16";"Minsk - Moscou - ID18 - Samara";"1016;-5187|1352;-5056|1650;-5185|1827;-5227";867,271937734663
"Samara17";"Samara - ID18 - Moscou - Minsk";"1827;-5227|1650;-5185|1352;-5056|1016;-5187";867,271937734663
"Tbilissi16";"Minsk - Kiev - Kharkov - Rostov - Tsaritsyn - Tbilissi";"1016;-5187|1131;-5381|1284;-5427|1448;-5553|1618;-5475|1514;-5675";1004,56736128689
"Tbilissi17";"Tbilissi - Tsaritsyn - Rostov - Kharkov - Kiev - Minsk";"1514;-5675|1618;-5475|1448;-5553|1284;-5427|1131;-5381|1016;-5187";1004,56736128689
"Erevan16";"Minsk - Kiev - Kharkov - Rostov - Tsaritsyn - Tbilissi - Erevan";"1016;-5187|1131;-5381|1284;-5427|1448;-5553|1618;-5475|1514;-5675|1529;-5820";1150,34115865803
"Erevan17";"Erevan - Tbilissi - Tsaritsyn - Rostov - Kharkov - Kiev - Minsk";"1529;-5820|1514;-5675|1618;-5475|1448;-5553|1284;-5427|1131;-5381|1016;-5187";1150,34115865803
"Bakou16";"Minsk - Kiev - Kharkov - Rostov - Tsaritsyn - Tbilissi - Bakou";"1016;-5187|1131;-5381|1284;-5427|1448;-5553|1618;-5475|1514;-5675|1710;-5819";1247,77920310386
"Bakou17";"Bakou - Tbilissi - Tsaritsyn - Rostov - Kharkov - Kiev - Minsk";"1710;-5819|1514;-5675|1618;-5475|1448;-5553|1284;-5427|1131;-5381|1016;-5187";1247,77920310386
"ID2416";"Minsk - Moscou - ID18 - Samara - ID24";"1016;-5187|1352;-5056|1650;-5185|1827;-5227|2263;-5525";1395,3817747951
"ID2417";"ID24 - Samara - ID18 - Moscou - Minsk";"2263;-5525|1827;-5227|1650;-5185|1352;-5056|1016;-5187";1395,3817747951
"Tashkent16";"Minsk - Moscou - ID18 - Samara - ID24 - Tashkent";"1016;-5187|1352;-5056|1650;-5185|1827;-5227|2263;-5525|2469;-5875";1801,50490883206
"Tashkent17";"Tashkent - ID24 - Samara - ID18 - Moscou - Minsk";"2469;-5875|2263;-5525|1827;-5227|1650;-5185|1352;-5056|1016;-5187";1801,50490883206
"Perm16";"Minsk - Moscou - Kazan - Perm";"1016;-5187|1352;-5056|1784;-5076|2111;-4978";1134,46618030796
"Perm17";"Perm - Kazan - Moscou - Minsk";"2111;-4978|1784;-5076|1352;-5056|1016;-5187";1134,46618030796
"Yekaterin...16";"Minsk - Moscou - Kazan - Perm - Yekaterin...";"1016;-5187|1352;-5056|1784;-5076|2111;-4978|2238;-5034";1273,2645952845
"Yekaterin...17";"Yekaterin... - Perm - Kazan - Moscou - Minsk";"2238;-5034|2111;-4978|1784;-5076|1352;-5056|1016;-5187";1273,2645952845
"Omsk16";"Minsk - Moscou - ID18 - Samara - Omsk";"1016;-5187|1352;-5056|1650;-5185|1827;-5227|2661;-5156";1704,28866397136
"Omsk17";"Omsk - Samara - ID18 - Moscou - Minsk";"2661;-5156|1827;-5227|1650;-5185|1352;-5056|1016;-5187";1704,28866397136
"Novosibirsk16";"Minsk - Moscou - ID18 - Samara - Omsk - Novosibirsk";"1016;-5187|1352;-5056|1650;-5185|1827;-5227|2661;-5156|2992;-5135";2035,95415810664
"Novosibirsk17";"Novosibirsk - Omsk - Samara - ID18 - Moscou - Minsk";"2992;-5135|2661;-5156|1827;-5227|1650;-5185|1352;-5056|1016;-5187";2035,95415810664
"Irkustk16";"Minsk - Moscou - ID18 - Samara - Omsk - Novosibirsk - ID31 - Irkustk";"1016;-5187|1352;-5056|1650;-5185|1827;-5227|2661;-5156|2992;-5135|3675;-5202|3775;-5327";2882,31063321929
"Irkustk17";"Irkustk - ID31 - Novosibirsk - Omsk - Samara - ID18 - Moscou - Minsk";"3775;-5327|3675;-5202|2992;-5135|2661;-5156|1827;-5227|1650;-5185|1352;-5056|1016;-5187";2882,31063321929
"ID3117";"Minsk - Moscou - ID18 - Samara - Omsk - Novosibirsk - ID31";"1016;-5187|1352;-5056|1650;-5185|1827;-5227|2661;-5156|2992;-5135|3675;-5202";2722,23252728347
"ID3118";"ID31 - Novosibirsk - Omsk - Samara - ID18 - Moscou - Minsk";"3675;-5202|2992;-5135|2661;-5156|1827;-5227|1650;-5185|1352;-5056|1016;-5187";2722,23252728347
"ID3216";"Minsk - Moscou - ID18 - Samara - Omsk - Novosibirsk - ID31 - Irkustk - ID32";"1016;-5187|1352;-5056|1650;-5185|1827;-5227|2661;-5156|2992;-5135|3675;-5202|3775;-5327|4263;-5345";3370,64248759703
"ID3217";"ID32 - Irkustk - ID31 - Novosibirsk - Omsk - Samara - ID18 - Moscou - Minsk";"4263;-5345|3775;-5327|3675;-5202|2992;-5135|2661;-5156|1827;-5227|1650;-5185|1352;-5056|1016;-5187";3370,64248759703
"ID3316";"Minsk - Moscou - ID18 - Samara - Omsk - Novosibirsk - ID31 - Irkustk - ID32 - ID33";"1016;-5187|1352;-5056|1650;-5185|1827;-5227|2661;-5156|2992;-5135|3675;-5202|3775;-5327|4263;-5345|4361;-5198";3547,31450009476
"ID3317";"ID33 - ID32 - Irkustk - ID31 - Novosibirsk - Omsk - Samara - ID18 - Moscou - Minsk";"4361;-5198|4263;-5345|3775;-5327|3675;-5202|2992;-5135|2661;-5156|1827;-5227|1650;-5185|1352;-5056|1016;-5187";3547,31450009476
"ID3416";"Minsk - Moscou - ID18 - Samara - Omsk - Novosibirsk - ID31 - Irkustk - ID32 - ID33 - ID34";"1016;-5187|1352;-5056|1650;-5185|1827;-5227|2661;-5156|2992;-5135|3675;-5202|3775;-5327|4263;-5345|4361;-5198|4496;-5185";3682,93898166059
"ID3417";"ID34 - ID33 - ID32 - Irkustk - ID31 - Novosibirsk - Omsk - Samara - ID18 - Moscou - Minsk";"4496;-5185|4361;-5198|4263;-5345|3775;-5327|3675;-5202|2992;-5135|2661;-5156|1827;-5227|1650;-5185|1352;-5056|1016;-5187";3682,93898166059
"ID3516";"Minsk - Moscou - ID18 - Samara - Omsk - Novosibirsk - ID31 - Irkustk - ID32 - ID33 - ID34 - ID44 - ID35";"1016;-5187|1352;-5056|1650;-5185|1827;-5227|2661;-5156|2992;-5135|3675;-5202|3775;-5327|4263;-5345|4361;-5198|4496;-5185|4616;-5246|4635;-5322";3895,89225227892
"ID3517";"ID35 - ID44 - ID34 - ID33 - ID32 - Irkustk - ID31 - Novosibirsk - Omsk - Samara - ID18 - Moscou - Minsk";"4635;-5322|4616;-5246|4496;-5185|4361;-5198|4263;-5345|3775;-5327|3675;-5202|2992;-5135|2661;-5156|1827;-5227|1650;-5185|1352;-5056|1016;-5187";3895,89225227892
"ID3616";"Minsk - Moscou - ID18 - Samara - Omsk - Novosibirsk - ID31 - Irkustk - ID32 - ID33 - ID34 - ID44 - ID35 - ID36";"1016;-5187|1352;-5056|1650;-5185|1827;-5227|2661;-5156|2992;-5135|3675;-5202|3775;-5327|4263;-5345|4361;-5198|4496;-5185|4616;-5246|4635;-5322|4789;-5479";4115,81269243854
"ID3617";"ID36 - ID35 - ID44 - ID34 - ID33 - ID32 - Irkustk - ID31 - Novosibirsk - Omsk - Samara - ID18 - Moscou - Minsk";"4789;-5479|4635;-5322|4616;-5246|4496;-5185|4361;-5198|4263;-5345|3775;-5327|3675;-5202|2992;-5135|2661;-5156|1827;-5227|1650;-5185|1352;-5056|1016;-5187";4115,81269243854
"Khabarovsk16";"Minsk - Moscou - ID18 - Samara - Omsk - Novosibirsk - ID31 - Irkustk - ID32 - ID33 - ID34 - ID44 - ID35 - ID36 - Khabarovsk";"1016;-5187|1352;-5056|1650;-5185|1827;-5227|2661;-5156|2992;-5135|3675;-5202|3775;-5327|4263;-5345|4361;-5198|4496;-5185|4616;-5246|4635;-5322|4789;-5479|4895;-5447";4226,53757672387
"Khabarovsk17";"Khabarovsk - ID36 - ID35 - ID44 - ID34 - ID33 - ID32 - Irkustk - ID31 - Novosibirsk - Omsk - Samara - ID18 - Moscou - Minsk";"4895;-5447|4789;-5479|4635;-5322|4616;-5246|4496;-5185|4361;-5198|4263;-5345|3775;-5327|3675;-5202|2992;-5135|2661;-5156|1827;-5227|1650;-5185|1352;-5056|1016;-5187";4226,53757672387
"ID3816";"Minsk - Moscou - ID18 - Samara - Omsk - Novosibirsk - ID31 - Irkustk - ID32 - ID33 - ID34 - ID44 - ID35 - ID36 - Khabarovsk - ID38";"1016;-5187|1352;-5056|1650;-5185|1827;-5227|2661;-5156|2992;-5135|3675;-5202|3775;-5327|4263;-5345|4361;-5198|4496;-5185|4616;-5246|4635;-5322|4789;-5479|4895;-5447|4953;-5523";4322,14092394561
"ID3817";"ID38 - Khabarovsk - ID36 - ID35 - ID44 - ID34 - ID33 - ID32 - Irkustk - ID31 - Novosibirsk - Omsk - Samara - ID18 - Moscou - Minsk";"4953;-5523|4895;-5447|4789;-5479|4635;-5322|4616;-5246|4496;-5185|4361;-5198|4263;-5345|3775;-5327|3675;-5202|2992;-5135|2661;-5156|1827;-5227|1650;-5185|1352;-5056|1016;-5187";4322,14092394561
"Vladivostok16";"Minsk - Moscou - ID18 - Samara - Omsk - Novosibirsk - ID31 - Irkustk - ID32 - ID33 - ID34 - ID44 - ID35 - ID36 - Khabarovsk - ID38 - Vladivostok";"1016;-5187|1352;-5056|1650;-5185|1827;-5227|2661;-5156|2992;-5135|3675;-5202|3775;-5327|4263;-5345|4361;-5198|4496;-5185|4616;-5246|4635;-5322|4789;-5479|4895;-5447|4953;-5523|4843;-5751";4575,28910189678
"Vladivostok17";"Vladivostok - ID38 - Khabarovsk - ID36 - ID35 - ID44 - ID34 - ID33 - ID32 - Irkustk - ID31 - Novosibirsk - Omsk - Samara - ID18 - Moscou - Minsk";"4843;-5751|4953;-5523|4895;-5447|4789;-5479|4635;-5322|4616;-5246|4496;-5185|4361;-5198|4263;-5345|3775;-5327|3675;-5202|2992;-5135|2661;-5156|1827;-5227|1650;-5185|1352;-5056|1016;-5187";4575,28910189678
"ID4016";"Minsk - Moscou - Kazan - Perm - ID40";"1016;-5187|1352;-5056|1784;-5076|2111;-4978|2446;-4971";1469,53930665503
"ID4017";"ID40 - Perm - Kazan - Moscou - Minsk";"2446;-4971|2111;-4978|1784;-5076|1352;-5056|1016;-5187";1469,53930665503
"ID4116";"Minsk - Moscou - Kazan - Perm - ID40 - ID41";"1016;-5187|1352;-5056|1784;-5076|2111;-4978|2446;-4971|2583;-5016";1613,74055491592
"ID4117";"ID41 - ID40 - Perm - Kazan - Moscou - Minsk";"2583;-5016|2446;-4971|2111;-4978|1784;-5076|1352;-5056|1016;-5187";1613,74055491592
"ID4216";"Minsk - Riga - ID43 - Petrograd - ID42";"1016;-5187|890;-5014|1033;-4904|1089;-4834|1006;-4742";607,985403820674
"ID4217";"ID42 - Petrograd - ID43 - Riga - Minsk";"1006;-4742|1089;-4834|1033;-4904|890;-5014|1016;-5187";607,985403820674
"ID4316";"Minsk - Riga - ID43";"1016;-5187|890;-5014|1033;-4904";394,434441139782
"ID4317";"ID43 - Riga - Minsk";"1033;-4904|890;-5014|1016;-5187";394,434441139782
"ID4416";"Minsk - Moscou - ID18 - Samara - Omsk - Novosibirsk - ID31 - Irkustk - ID32 - ID33 - ID34 - ID44";"1016;-5187|1352;-5056|1650;-5185|1827;-5227|2661;-5156|2992;-5135|3675;-5202|3775;-5327|4263;-5345|4361;-5198|4496;-5185|4616;-5246";3817,55324539219
"ID4417";"ID44 - ID34 - ID33 - ID32 - Irkustk - ID31 - Novosibirsk - Omsk - Samara - ID18 - Moscou - Minsk";"4616;-5246|4496;-5185|4361;-5198|4263;-5345|3775;-5327|3675;-5202|2992;-5135|2661;-5156|1827;-5227|1650;-5185|1352;-5056|1016;-5187";3817,55324539219
"Moscou18";"Br.Litovsk - Minsk - Moscou";"873;-5278|1016;-5187|1352;-5056";530,133426197005
"Moscou19";"Moscou - Minsk - Br.Litovsk";"1352;-5056|1016;-5187|873;-5278";530,133426197005
"Kiev18";"Br.Litovsk - Minsk - Kiev";"873;-5278|1016;-5187|1131;-5381";395,023097195821
"Kiev19";"Kiev - Minsk - Br.Litovsk";"1131;-5381|1016;-5187|873;-5278";395,023097195821
"Kharkov18";"Br.Litovsk - Minsk - Kiev - Kharkov";"873;-5278|1016;-5187|1131;-5381|1284;-5427";554,788550282525
"Kharkov19";"Kharkov - Kiev - Minsk - Br.Litovsk";"1284;-5427|1131;-5381|1016;-5187|873;-5278";554,788550282525
"Sebastopol18";"Br.Litovsk - Minsk - Kiev - Kharkov - Sebastopol";"873;-5278|1016;-5187|1131;-5381|1284;-5427|1221;-5670";805,82241254019
"Sebastopol19";"Sebastopol - Kharkov - Kiev - Minsk - Br.Litovsk";"1221;-5670|1284;-5427|1131;-5381|1016;-5187|873;-5278";805,82241254019
"Rostov18";"Br.Litovsk - Minsk - Kiev - Kharkov - Rostov";"873;-5278|1016;-5187|1131;-5381|1284;-5427|1448;-5553";761,602476312665
"Rostov19";"Rostov - Kharkov - Kiev - Minsk - Br.Litovsk";"1448;-5553|1284;-5427|1131;-5381|1016;-5187|873;-5278";761,602476312665
"Tsaritsyn18";"Br.Litovsk - Minsk - Kiev - Kharkov - Rostov - Tsaritsyn";"873;-5278|1016;-5187|1131;-5381|1284;-5427|1448;-5553|1618;-5475";948,642578964476
"Tsaritsyn19";"Tsaritsyn - Rostov - Kharkov - Kiev - Minsk - Br.Litovsk";"1618;-5475|1448;-5553|1284;-5427|1131;-5381|1016;-5187|873;-5278";948,642578964476
"ID1718";"Br.Litovsk - Minsk - Moscou - ID17";"873;-5278|1016;-5187|1352;-5056|1485;-5272";783,796588678277
"ID1719";"ID17 - Moscou - Minsk - Br.Litovsk";"1485;-5272|1352;-5056|1016;-5187|873;-5278";783,796588678277
"ID1818";"Br.Litovsk - Minsk - Moscou - ID18";"873;-5278|1016;-5187|1352;-5056|1650;-5185";854,856385040386
"ID1819";"ID18 - Moscou - Minsk - Br.Litovsk";"1650;-5185|1352;-5056|1016;-5187|873;-5278";854,856385040386
"Kazan18";"Br.Litovsk - Minsk - Moscou - Kazan";"873;-5278|1016;-5187|1352;-5056|1784;-5076";962,59614135289
"Kazan19";"Kazan - Moscou - Minsk - Br.Litovsk";"1784;-5076|1352;-5056|1016;-5187|873;-5278";962,59614135289
"Samara18";"Br.Litovsk - Minsk - Moscou - ID18 - Samara";"873;-5278|1016;-5187|1352;-5056|1650;-5185|1827;-5227";1036,77120026993
"Samara19";"Samara - ID18 - Moscou - Minsk - Br.Litovsk";"1827;-5227|1650;-5185|1352;-5056|1016;-5187|873;-5278";1036,77120026993
"Tbilissi18";"Br.Litovsk - Minsk - Kiev - Kharkov - Rostov - Tsaritsyn - Tbilissi";"873;-5278|1016;-5187|1131;-5381|1284;-5427|1448;-5553|1618;-5475|1514;-5675";1174,06662382216
"Tbilissi19";"Tbilissi - Tsaritsyn - Rostov - Kharkov - Kiev - Minsk - Br.Litovsk";"1514;-5675|1618;-5475|1448;-5553|1284;-5427|1131;-5381|1016;-5187|873;-5278";1174,06662382216
"Erevan18";"Br.Litovsk - Minsk - Kiev - Kharkov - Rostov - Tsaritsyn - Tbilissi - Erevan";"873;-5278|1016;-5187|1131;-5381|1284;-5427|1448;-5553|1618;-5475|1514;-5675|1529;-5820";1319,84042119329
"Erevan19";"Erevan - Tbilissi - Tsaritsyn - Rostov - Kharkov - Kiev - Minsk - Br.Litovsk";"1529;-5820|1514;-5675|1618;-5475|1448;-5553|1284;-5427|1131;-5381|1016;-5187|873;-5278";1319,84042119329
"Bakou18";"Br.Litovsk - Minsk - Kiev - Kharkov - Rostov - Tsaritsyn - Tbilissi - Bakou";"873;-5278|1016;-5187|1131;-5381|1284;-5427|1448;-5553|1618;-5475|1514;-5675|1710;-5819";1417,27846563913
"Bakou19";"Bakou - Tbilissi - Tsaritsyn - Rostov - Kharkov - Kiev - Minsk - Br.Litovsk";"1710;-5819|1514;-5675|1618;-5475|1448;-5553|1284;-5427|1131;-5381|1016;-5187|873;-5278";1417,27846563913
"ID2418";"Br.Litovsk - Minsk - Moscou - ID18 - Samara - ID24";"873;-5278|1016;-5187|1352;-5056|1650;-5185|1827;-5227|2263;-5525";1564,88103733037
"ID2419";"ID24 - Samara - ID18 - Moscou - Minsk - Br.Litovsk";"2263;-5525|1827;-5227|1650;-5185|1352;-5056|1016;-5187|873;-5278";1564,88103733037
"Tashkent18";"Br.Litovsk - Minsk - Moscou - ID18 - Samara - ID24 - Tashkent";"873;-5278|1016;-5187|1352;-5056|1650;-5185|1827;-5227|2263;-5525|2469;-5875";1971,00417136732
"Tashkent19";"Tashkent - ID24 - Samara - ID18 - Moscou - Minsk - Br.Litovsk";"2469;-5875|2263;-5525|1827;-5227|1650;-5185|1352;-5056|1016;-5187|873;-5278";1971,00417136732
"Perm18";"Br.Litovsk - Minsk - Moscou - Kazan - Perm";"873;-5278|1016;-5187|1352;-5056|1784;-5076|2111;-4978";1303,96544284323
"Perm19";"Perm - Kazan - Moscou - Minsk - Br.Litovsk";"2111;-4978|1784;-5076|1352;-5056|1016;-5187|873;-5278";1303,96544284323
"Yekaterin...18";"Br.Litovsk - Minsk - Moscou - Kazan - Perm - Yekaterin...";"873;-5278|1016;-5187|1352;-5056|1784;-5076|2111;-4978|2238;-5034";1442,76385781977
"Yekaterin...19";"Yekaterin... - Perm - Kazan - Moscou - Minsk - Br.Litovsk";"2238;-5034|2111;-4978|1784;-5076|1352;-5056|1016;-5187|873;-5278";1442,76385781977
"Omsk18";"Br.Litovsk - Minsk - Moscou - ID18 - Samara - Omsk";"873;-5278|1016;-5187|1352;-5056|1650;-5185|1827;-5227|2661;-5156";1873,78792650663
"Omsk19";"Omsk - Samara - ID18 - Moscou - Minsk - Br.Litovsk";"2661;-5156|1827;-5227|1650;-5185|1352;-5056|1016;-5187|873;-5278";1873,78792650663
"Novosibirsk18";"Br.Litovsk - Minsk - Moscou - ID18 - Samara - Omsk - Novosibirsk";"873;-5278|1016;-5187|1352;-5056|1650;-5185|1827;-5227|2661;-5156|2992;-5135";2205,45342064191
"Novosibirsk19";"Novosibirsk - Omsk - Samara - ID18 - Moscou - Minsk - Br.Litovsk";"2992;-5135|2661;-5156|1827;-5227|1650;-5185|1352;-5056|1016;-5187|873;-5278";2205,45342064191
"Irkustk18";"Br.Litovsk - Minsk - Moscou - ID18 - Samara - Omsk - Novosibirsk - ID31 - Irkustk";"873;-5278|1016;-5187|1352;-5056|1650;-5185|1827;-5227|2661;-5156|2992;-5135|3675;-5202|3775;-5327";3051,80989575456
"Irkustk19";"Irkustk - ID31 - Novosibirsk - Omsk - Samara - ID18 - Moscou - Minsk - Br.Litovsk";"3775;-5327|3675;-5202|2992;-5135|2661;-5156|1827;-5227|1650;-5185|1352;-5056|1016;-5187|873;-5278";3051,80989575456
"ID3119";"Br.Litovsk - Minsk - Moscou - ID18 - Samara - Omsk - Novosibirsk - ID31";"873;-5278|1016;-5187|1352;-5056|1650;-5185|1827;-5227|2661;-5156|2992;-5135|3675;-5202";2891,73178981873
"ID3120";"ID31 - Novosibirsk - Omsk - Samara - ID18 - Moscou - Minsk - Br.Litovsk";"3675;-5202|2992;-5135|2661;-5156|1827;-5227|1650;-5185|1352;-5056|1016;-5187|873;-5278";2891,73178981873
"ID3218";"Br.Litovsk - Minsk - Moscou - ID18 - Samara - Omsk - Novosibirsk - ID31 - Irkustk - ID32";"873;-5278|1016;-5187|1352;-5056|1650;-5185|1827;-5227|2661;-5156|2992;-5135|3675;-5202|3775;-5327|4263;-5345";3540,14175013229
"ID3219";"ID32 - Irkustk - ID31 - Novosibirsk - Omsk - Samara - ID18 - Moscou - Minsk - Br.Litovsk";"4263;-5345|3775;-5327|3675;-5202|2992;-5135|2661;-5156|1827;-5227|1650;-5185|1352;-5056|1016;-5187|873;-5278";3540,14175013229
"ID3318";"Br.Litovsk - Minsk - Moscou - ID18 - Samara - Omsk - Novosibirsk - ID31 - Irkustk - ID32 - ID33";"873;-5278|1016;-5187|1352;-5056|1650;-5185|1827;-5227|2661;-5156|2992;-5135|3675;-5202|3775;-5327|4263;-5345|4361;-5198";3716,81376263003
"ID3319";"ID33 - ID32 - Irkustk - ID31 - Novosibirsk - Omsk - Samara - ID18 - Moscou - Minsk - Br.Litovsk";"4361;-5198|4263;-5345|3775;-5327|3675;-5202|2992;-5135|2661;-5156|1827;-5227|1650;-5185|1352;-5056|1016;-5187|873;-5278";3716,81376263003
"ID3418";"Br.Litovsk - Minsk - Moscou - ID18 - Samara - Omsk - Novosibirsk - ID31 - Irkustk - ID32 - ID33 - ID34";"873;-5278|1016;-5187|1352;-5056|1650;-5185|1827;-5227|2661;-5156|2992;-5135|3675;-5202|3775;-5327|4263;-5345|4361;-5198|4496;-5185";3852,43824419586
"ID3419";"ID34 - ID33 - ID32 - Irkustk - ID31 - Novosibirsk - Omsk - Samara - ID18 - Moscou - Minsk - Br.Litovsk";"4496;-5185|4361;-5198|4263;-5345|3775;-5327|3675;-5202|2992;-5135|2661;-5156|1827;-5227|1650;-5185|1352;-5056|1016;-5187|873;-5278";3852,43824419586
"ID3518";"Br.Litovsk - Minsk - Moscou - ID18 - Samara - Omsk - Novosibirsk - ID31 - Irkustk - ID32 - ID33 - ID34 - ID44 - ID35";"873;-5278|1016;-5187|1352;-5056|1650;-5185|1827;-5227|2661;-5156|2992;-5135|3675;-5202|3775;-5327|4263;-5345|4361;-5198|4496;-5185|4616;-5246|4635;-5322";4065,39151481419
"ID3519";"ID35 - ID44 - ID34 - ID33 - ID32 - Irkustk - ID31 - Novosibirsk - Omsk - Samara - ID18 - Moscou - Minsk - Br.Litovsk";"4635;-5322|4616;-5246|4496;-5185|4361;-5198|4263;-5345|3775;-5327|3675;-5202|2992;-5135|2661;-5156|1827;-5227|1650;-5185|1352;-5056|1016;-5187|873;-5278";4065,39151481419
"ID3618";"Br.Litovsk - Minsk - Moscou - ID18 - Samara - Omsk - Novosibirsk - ID31 - Irkustk - ID32 - ID33 - ID34 - ID44 - ID35 - ID36";"873;-5278|1016;-5187|1352;-5056|1650;-5185|1827;-5227|2661;-5156|2992;-5135|3675;-5202|3775;-5327|4263;-5345|4361;-5198|4496;-5185|4616;-5246|4635;-5322|4789;-5479";4285,31195497381
"ID3619";"ID36 - ID35 - ID44 - ID34 - ID33 - ID32 - Irkustk - ID31 - Novosibirsk - Omsk - Samara - ID18 - Moscou - Minsk - Br.Litovsk";"4789;-5479|4635;-5322|4616;-5246|4496;-5185|4361;-5198|4263;-5345|3775;-5327|3675;-5202|2992;-5135|2661;-5156|1827;-5227|1650;-5185|1352;-5056|1016;-5187|873;-5278";4285,31195497381
"Khabarovsk18";"Br.Litovsk - Minsk - Moscou - ID18 - Samara - Omsk - Novosibirsk - ID31 - Irkustk - ID32 - ID33 - ID34 - ID44 - ID35 - ID36 - Khabarovsk";"873;-5278|1016;-5187|1352;-5056|1650;-5185|1827;-5227|2661;-5156|2992;-5135|3675;-5202|3775;-5327|4263;-5345|4361;-5198|4496;-5185|4616;-5246|4635;-5322|4789;-5479|4895;-5447";4396,03683925914
"Khabarovsk19";"Khabarovsk - ID36 - ID35 - ID44 - ID34 - ID33 - ID32 - Irkustk - ID31 - Novosibirsk - Omsk - Samara - ID18 - Moscou - Minsk - Br.Litovsk";"4895;-5447|4789;-5479|4635;-5322|4616;-5246|4496;-5185|4361;-5198|4263;-5345|3775;-5327|3675;-5202|2992;-5135|2661;-5156|1827;-5227|1650;-5185|1352;-5056|1016;-5187|873;-5278";4396,03683925914
"ID3818";"Br.Litovsk - Minsk - Moscou - ID18 - Samara - Omsk - Novosibirsk - ID31 - Irkustk - ID32 - ID33 - ID34 - ID44 - ID35 - ID36 - Khabarovsk - ID38";"873;-5278|1016;-5187|1352;-5056|1650;-5185|1827;-5227|2661;-5156|2992;-5135|3675;-5202|3775;-5327|4263;-5345|4361;-5198|4496;-5185|4616;-5246|4635;-5322|4789;-5479|4895;-5447|4953;-5523";4491,64018648088
"ID3819";"ID38 - Khabarovsk - ID36 - ID35 - ID44 - ID34 - ID33 - ID32 - Irkustk - ID31 - Novosibirsk - Omsk - Samara - ID18 - Moscou - Minsk - Br.Litovsk";"4953;-5523|4895;-5447|4789;-5479|4635;-5322|4616;-5246|4496;-5185|4361;-5198|4263;-5345|3775;-5327|3675;-5202|2992;-5135|2661;-5156|1827;-5227|1650;-5185|1352;-5056|1016;-5187|873;-5278";4491,64018648088
"Vladivostok18";"Br.Litovsk - Minsk - Moscou - ID18 - Samara - Omsk - Novosibirsk - ID31 - Irkustk - ID32 - ID33 - ID34 - ID44 - ID35 - ID36 - Khabarovsk - ID38 - Vladivostok";"873;-5278|1016;-5187|1352;-5056|1650;-5185|1827;-5227|2661;-5156|2992;-5135|3675;-5202|3775;-5327|4263;-5345|4361;-5198|4496;-5185|4616;-5246|4635;-5322|4789;-5479|4895;-5447|4953;-5523|4843;-5751";4744,78836443205
"Vladivostok19";"Vladivostok - ID38 - Khabarovsk - ID36 - ID35 - ID44 - ID34 - ID33 - ID32 - Irkustk - ID31 - Novosibirsk - Omsk - Samara - ID18 - Moscou - Minsk - Br.Litovsk";"4843;-5751|4953;-5523|4895;-5447|4789;-5479|4635;-5322|4616;-5246|4496;-5185|4361;-5198|4263;-5345|3775;-5327|3675;-5202|2992;-5135|2661;-5156|1827;-5227|1650;-5185|1352;-5056|1016;-5187|873;-5278";4744,78836443205
"ID4018";"Br.Litovsk - Minsk - Moscou - Kazan - Perm - ID40";"873;-5278|1016;-5187|1352;-5056|1784;-5076|2111;-4978|2446;-4971";1639,0385691903
"ID4019";"ID40 - Perm - Kazan - Moscou - Minsk - Br.Litovsk";"2446;-4971|2111;-4978|1784;-5076|1352;-5056|1016;-5187|873;-5278";1639,0385691903
"ID4118";"Br.Litovsk - Minsk - Moscou - Kazan - Perm - ID40 - ID41";"873;-5278|1016;-5187|1352;-5056|1784;-5076|2111;-4978|2446;-4971|2583;-5016";1783,23981745119
"ID4119";"ID41 - ID40 - Perm - Kazan - Moscou - Minsk - Br.Litovsk";"2583;-5016|2446;-4971|2111;-4978|1784;-5076|1352;-5056|1016;-5187|873;-5278";1783,23981745119
"ID4218";"Br.Litovsk - Riga - ID43 - Petrograd - ID42";"873;-5278|890;-5014|1033;-4904|1089;-4834|1006;-4742";658,51115906853
"ID4219";"ID42 - Petrograd - ID43 - Riga - Br.Litovsk";"1006;-4742|1089;-4834|1033;-4904|890;-5014|873;-5278";658,51115906853
"ID4318";"Br.Litovsk - Riga - ID43";"873;-5278|890;-5014|1033;-4904";444,960196387637
"ID4319";"ID43 - Riga - Br.Litovsk";"1033;-4904|890;-5014|873;-5278";444,960196387637
"ID4418";"Br.Litovsk - Minsk - Moscou - ID18 - Samara - Omsk - Novosibirsk - ID31 - Irkustk - ID32 - ID33 - ID34 - ID44";"873;-5278|1016;-5187|1352;-5056|1650;-5185|1827;-5227|2661;-5156|2992;-5135|3675;-5202|3775;-5327|4263;-5345|4361;-5198|4496;-5185|4616;-5246";3987,05250792745
"ID4419";"ID44 - ID34 - ID33 - ID32 - Irkustk - ID31 - Novosibirsk - Omsk - Samara - ID18 - Moscou - Minsk - Br.Litovsk";"4616;-5246|4496;-5185|4361;-5198|4263;-5345|3775;-5327|3675;-5202|2992;-5135|2661;-5156|1827;-5227|1650;-5185|1352;-5056|1016;-5187|873;-5278";3987,05250792745
"Kiev20";"Moscou - Kiev";"1352;-5056|1131;-5381";393,021627903605
"Kiev21";"Kiev - Moscou";"1131;-5381|1352;-5056";393,021627903605
"Kharkov20";"Moscou - Kharkov";"1352;-5056|1284;-5427";377,180328225108
"Kharkov21";"Kharkov - Moscou";"1284;-5427|1352;-5056";377,180328225108
"Sebastopol20";"Moscou - Kharkov - Sebastopol";"1352;-5056|1284;-5427|1221;-5670";628,214190482772
"Sebastopol21";"Sebastopol - Kharkov - Moscou";"1221;-5670|1284;-5427|1352;-5056";628,214190482772
"Rostov20";"Moscou - ID17 - Rostov";"1352;-5056|1485;-5272|1448;-5553";537,088637694775
"Rostov21";"Rostov - ID17 - Moscou";"1448;-5553|1485;-5272|1352;-5056";537,088637694775
"Tsaritsyn20";"Moscou - ID17 - Tsaritsyn";"1352;-5056|1485;-5272|1618;-5475";496,352264008308
"Tsaritsyn21";"Tsaritsyn - ID17 - Moscou";"1618;-5475|1485;-5272|1352;-5056";496,352264008308
"ID1720";"Moscou - ID17";"1352;-5056|1485;-5272";253,663162481272
"ID1721";"ID17 - Moscou";"1485;-5272|1352;-5056";253,663162481272
"ID1820";"Moscou - ID18";"1352;-5056|1650;-5185";324,722958843381
"ID1821";"ID18 - Moscou";"1650;-5185|1352;-5056";324,722958843381
"Kazan20";"Moscou - Kazan";"1352;-5056|1784;-5076";432,462715155885
"Kazan21";"Kazan - Moscou";"1784;-5076|1352;-5056";432,462715155885
"Samara20";"Moscou - ID18 - Samara";"1352;-5056|1650;-5185|1827;-5227";506,637774072927
"Samara21";"Samara - ID18 - Moscou";"1827;-5227|1650;-5185|1352;-5056";506,637774072927
"Tbilissi20";"Moscou - ID17 - Tsaritsyn - Tbilissi";"1352;-5056|1485;-5272|1618;-5475|1514;-5675";721,776308865994
"Tbilissi21";"Tbilissi - Tsaritsyn - ID17 - Moscou";"1514;-5675|1618;-5475|1485;-5272|1352;-5056";721,776308865994
"Erevan20";"Moscou - ID17 - Tsaritsyn - Tbilissi - Erevan";"1352;-5056|1485;-5272|1618;-5475|1514;-5675|1529;-5820";867,550106237126
"Erevan21";"Erevan - Tbilissi - Tsaritsyn - ID17 - Moscou";"1529;-5820|1514;-5675|1618;-5475|1485;-5272|1352;-5056";867,550106237126
"Bakou20";"Moscou - ID17 - Tsaritsyn - Tbilissi - Bakou";"1352;-5056|1485;-5272|1618;-5475|1514;-5675|1710;-5819";964,988150682958
"Bakou21";"Bakou - Tbilissi - Tsaritsyn - ID17 - Moscou";"1710;-5819|1514;-5675|1618;-5475|1485;-5272|1352;-5056";964,988150682958
"ID2420";"Moscou - ID18 - Samara - ID24";"1352;-5056|1650;-5185|1827;-5227|2263;-5525";1034,74761113336
"ID2421";"ID24 - Samara - ID18 - Moscou";"2263;-5525|1827;-5227|1650;-5185|1352;-5056";1034,74761113336
"Tashkent20";"Moscou - ID18 - Samara - ID24 - Tashkent";"1352;-5056|1650;-5185|1827;-5227|2263;-5525|2469;-5875";1440,87074517032
"Tashkent21";"Tashkent - ID24 - Samara - ID18 - Moscou";"2469;-5875|2263;-5525|1827;-5227|1650;-5185|1352;-5056";1440,87074517032
"Perm20";"Moscou - Kazan - Perm";"1352;-5056|1784;-5076|2111;-4978";773,832016646221
"Perm21";"Perm - Kazan - Moscou";"2111;-4978|1784;-5076|1352;-5056";773,832016646221
"Yekaterin...20";"Moscou - Kazan - Perm - Yekaterin...";"1352;-5056|1784;-5076|2111;-4978|2238;-5034";912,630431622762
"Yekaterin...21";"Yekaterin... - Perm - Kazan - Moscou";"2238;-5034|2111;-4978|1784;-5076|1352;-5056";912,630431622762
"Omsk20";"Moscou - ID18 - Samara - Omsk";"1352;-5056|1650;-5185|1827;-5227|2661;-5156";1343,65450030963
"Omsk21";"Omsk - Samara - ID18 - Moscou";"2661;-5156|1827;-5227|1650;-5185|1352;-5056";1343,65450030963
"Novosibirsk20";"Moscou - ID18 - Samara - Omsk - Novosibirsk";"1352;-5056|1650;-5185|1827;-5227|2661;-5156|2992;-5135";1675,31999444491
"Novosibirsk21";"Novosibirsk - Omsk - Samara - ID18 - Moscou";"2992;-5135|2661;-5156|1827;-5227|1650;-5185|1352;-5056";1675,31999444491
"Irkustk20";"Moscou - ID18 - Samara - Omsk - Novosibirsk - ID31 - Irkustk";"1352;-5056|1650;-5185|1827;-5227|2661;-5156|2992;-5135|3675;-5202|3775;-5327";2521,67646955755
"Irkustk21";"Irkustk - ID31 - Novosibirsk - Omsk - Samara - ID18 - Moscou";"3775;-5327|3675;-5202|2992;-5135|2661;-5156|1827;-5227|1650;-5185|1352;-5056";2521,67646955755
"ID3121";"Moscou - ID18 - Samara - Omsk - Novosibirsk - ID31";"1352;-5056|1650;-5185|1827;-5227|2661;-5156|2992;-5135|3675;-5202";2361,59836362173
"ID3122";"ID31 - Novosibirsk - Omsk - Samara - ID18 - Moscou";"3675;-5202|2992;-5135|2661;-5156|1827;-5227|1650;-5185|1352;-5056";2361,59836362173
"ID3220";"Moscou - ID18 - Samara - Omsk - Novosibirsk - ID31 - Irkustk - ID32";"1352;-5056|1650;-5185|1827;-5227|2661;-5156|2992;-5135|3675;-5202|3775;-5327|4263;-5345";3010,00832393529
"ID3221";"ID32 - Irkustk - ID31 - Novosibirsk - Omsk - Samara - ID18 - Moscou";"4263;-5345|3775;-5327|3675;-5202|2992;-5135|2661;-5156|1827;-5227|1650;-5185|1352;-5056";3010,00832393529
"ID3320";"Moscou - ID18 - Samara - Omsk - Novosibirsk - ID31 - Irkustk - ID32 - ID33";"1352;-5056|1650;-5185|1827;-5227|2661;-5156|2992;-5135|3675;-5202|3775;-5327|4263;-5345|4361;-5198";3186,68033643302
"ID3321";"ID33 - ID32 - Irkustk - ID31 - Novosibirsk - Omsk - Samara - ID18 - Moscou";"4361;-5198|4263;-5345|3775;-5327|3675;-5202|2992;-5135|2661;-5156|1827;-5227|1650;-5185|1352;-5056";3186,68033643302
"ID3420";"Moscou - ID18 - Samara - Omsk - Novosibirsk - ID31 - Irkustk - ID32 - ID33 - ID34";"1352;-5056|1650;-5185|1827;-5227|2661;-5156|2992;-5135|3675;-5202|3775;-5327|4263;-5345|4361;-5198|4496;-5185";3322,30481799885
"ID3421";"ID34 - ID33 - ID32 - Irkustk - ID31 - Novosibirsk - Omsk - Samara - ID18 - Moscou";"4496;-5185|4361;-5198|4263;-5345|3775;-5327|3675;-5202|2992;-5135|2661;-5156|1827;-5227|1650;-5185|1352;-5056";3322,30481799885
"ID3520";"Moscou - ID18 - Samara - Omsk - Novosibirsk - ID31 - Irkustk - ID32 - ID33 - ID34 - ID44 - ID35";"1352;-5056|1650;-5185|1827;-5227|2661;-5156|2992;-5135|3675;-5202|3775;-5327|4263;-5345|4361;-5198|4496;-5185|4616;-5246|4635;-5322";3535,25808861719
"ID3521";"ID35 - ID44 - ID34 - ID33 - ID32 - Irkustk - ID31 - Novosibirsk - Omsk - Samara - ID18 - Moscou";"4635;-5322|4616;-5246|4496;-5185|4361;-5198|4263;-5345|3775;-5327|3675;-5202|2992;-5135|2661;-5156|1827;-5227|1650;-5185|1352;-5056";3535,25808861719
"ID3620";"Moscou - ID18 - Samara - Omsk - Novosibirsk - ID31 - Irkustk - ID32 - ID33 - ID34 - ID44 - ID35 - ID36";"1352;-5056|1650;-5185|1827;-5227|2661;-5156|2992;-5135|3675;-5202|3775;-5327|4263;-5345|4361;-5198|4496;-5185|4616;-5246|4635;-5322|4789;-5479";3755,1785287768
"ID3621";"ID36 - ID35 - ID44 - ID34 - ID33 - ID32 - Irkustk - ID31 - Novosibirsk - Omsk - Samara - ID18 - Moscou";"4789;-5479|4635;-5322|4616;-5246|4496;-5185|4361;-5198|4263;-5345|3775;-5327|3675;-5202|2992;-5135|2661;-5156|1827;-5227|1650;-5185|1352;-5056";3755,1785287768
"Khabarovsk20";"Moscou - ID18 - Samara - Omsk - Novosibirsk - ID31 - Irkustk - ID32 - ID33 - ID34 - ID44 - ID35 - ID36 - Khabarovsk";"1352;-5056|1650;-5185|1827;-5227|2661;-5156|2992;-5135|3675;-5202|3775;-5327|4263;-5345|4361;-5198|4496;-5185|4616;-5246|4635;-5322|4789;-5479|4895;-5447";3865,90341306214
"Khabarovsk21";"Khabarovsk - ID36 - ID35 - ID44 - ID34 - ID33 - ID32 - Irkustk - ID31 - Novosibirsk - Omsk - Samara - ID18 - Moscou";"4895;-5447|4789;-5479|4635;-5322|4616;-5246|4496;-5185|4361;-5198|4263;-5345|3775;-5327|3675;-5202|2992;-5135|2661;-5156|1827;-5227|1650;-5185|1352;-5056";3865,90341306214
"ID3820";"Moscou - ID18 - Samara - Omsk - Novosibirsk - ID31 - Irkustk - ID32 - ID33 - ID34 - ID44 - ID35 - ID36 - Khabarovsk - ID38";"1352;-5056|1650;-5185|1827;-5227|2661;-5156|2992;-5135|3675;-5202|3775;-5327|4263;-5345|4361;-5198|4496;-5185|4616;-5246|4635;-5322|4789;-5479|4895;-5447|4953;-5523";3961,50676028387
"ID3821";"ID38 - Khabarovsk - ID36 - ID35 - ID44 - ID34 - ID33 - ID32 - Irkustk - ID31 - Novosibirsk - Omsk - Samara - ID18 - Moscou";"4953;-5523|4895;-5447|4789;-5479|4635;-5322|4616;-5246|4496;-5185|4361;-5198|4263;-5345|3775;-5327|3675;-5202|2992;-5135|2661;-5156|1827;-5227|1650;-5185|1352;-5056";3961,50676028387
"Vladivostok20";"Moscou - ID18 - Samara - Omsk - Novosibirsk - ID31 - Irkustk - ID32 - ID33 - ID34 - ID44 - ID35 - ID36 - Khabarovsk - ID38 - Vladivostok";"1352;-5056|1650;-5185|1827;-5227|2661;-5156|2992;-5135|3675;-5202|3775;-5327|4263;-5345|4361;-5198|4496;-5185|4616;-5246|4635;-5322|4789;-5479|4895;-5447|4953;-5523|4843;-5751";4214,65493823505
"Vladivostok21";"Vladivostok - ID38 - Khabarovsk - ID36 - ID35 - ID44 - ID34 - ID33 - ID32 - Irkustk - ID31 - Novosibirsk - Omsk - Samara - ID18 - Moscou";"4843;-5751|4953;-5523|4895;-5447|4789;-5479|4635;-5322|4616;-5246|4496;-5185|4361;-5198|4263;-5345|3775;-5327|3675;-5202|2992;-5135|2661;-5156|1827;-5227|1650;-5185|1352;-5056";4214,65493823505
"ID4020";"Moscou - Kazan - Perm - ID40";"1352;-5056|1784;-5076|2111;-4978|2446;-4971";1108,90514299329
"ID4021";"ID40 - Perm - Kazan - Moscou";"2446;-4971|2111;-4978|1784;-5076|1352;-5056";1108,90514299329
"ID4120";"Moscou - Kazan - Perm - ID40 - ID41";"1352;-5056|1784;-5076|2111;-4978|2446;-4971|2583;-5016";1253,10639125419
"ID4121";"ID41 - ID40 - Perm - Kazan - Moscou";"2583;-5016|2446;-4971|2111;-4978|1784;-5076|1352;-5056";1253,10639125419
"ID4220";"Moscou - ID3 - Petrograd - ID42";"1352;-5056|1209;-4843|1089;-4834|1006;-4742";500,79444009899
"ID4221";"ID42 - Petrograd - ID3 - Moscou";"1006;-4742|1089;-4834|1209;-4843|1352;-5056";500,79444009899
"ID4320";"Moscou - ID3 - Petrograd - ID43";"1352;-5056|1209;-4843|1089;-4834|1033;-4904";466,530956066217
"ID4321";"ID43 - Petrograd - ID3 - Moscou";"1033;-4904|1089;-4834|1209;-4843|1352;-5056";466,530956066217
"ID4420";"Moscou - ID18 - Samara - Omsk - Novosibirsk - ID31 - Irkustk - ID32 - ID33 - ID34 - ID44";"1352;-5056|1650;-5185|1827;-5227|2661;-5156|2992;-5135|3675;-5202|3775;-5327|4263;-5345|4361;-5198|4496;-5185|4616;-5246";3456,91908173045
"ID4421";"ID44 - ID34 - ID33 - ID32 - Irkustk - ID31 - Novosibirsk - Omsk - Samara - ID18 - Moscou";"4616;-5246|4496;-5185|4361;-5198|4263;-5345|3775;-5327|3675;-5202|2992;-5135|2661;-5156|1827;-5227|1650;-5185|1352;-5056";3456,91908173045
"Kharkov22";"Kiev - Kharkov";"1131;-5381|1284;-5427";159,765453086705
"Kharkov23";"Kharkov - Kiev";"1284;-5427|1131;-5381";159,765453086705
"Sebastopol22";"Kiev - Kharkov - Sebastopol";"1131;-5381|1284;-5427|1221;-5670";410,799315344369
"Sebastopol23";"Sebastopol - Kharkov - Kiev";"1221;-5670|1284;-5427|1131;-5381";410,799315344369
"Rostov22";"Kiev - Kharkov - Rostov";"1131;-5381|1284;-5427|1448;-5553";366,579379116844
"Rostov23";"Rostov - Kharkov - Kiev";"1448;-5553|1284;-5427|1131;-5381";366,579379116844
"Tsaritsyn22";"Kiev - Kharkov - Rostov - Tsaritsyn";"1131;-5381|1284;-5427|1448;-5553|1618;-5475";553,619481768655
"Tsaritsyn23";"Tsaritsyn - Rostov - Kharkov - Kiev";"1618;-5475|1448;-5553|1284;-5427|1131;-5381";553,619481768655
"ID1722";"Kiev - Moscou - ID17";"1131;-5381|1352;-5056|1485;-5272";646,684790384877
"ID1723";"ID17 - Moscou - Kiev";"1485;-5272|1352;-5056|1131;-5381";646,684790384877
"ID1822";"Kiev - Moscou - ID18";"1131;-5381|1352;-5056|1650;-5185";717,744586746986
"ID1823";"ID18 - Moscou - Kiev";"1650;-5185|1352;-5056|1131;-5381";717,744586746986
"Kazan22";"Kiev - Moscou - Kazan";"1131;-5381|1352;-5056|1784;-5076";825,48434305949
"Kazan23";"Kazan - Moscou - Kiev";"1784;-5076|1352;-5056|1131;-5381";825,48434305949
"Samara22";"Kiev - Kharkov - Rostov - Tsaritsyn - Samara";"1131;-5381|1284;-5427|1448;-5553|1618;-5475|1827;-5227";877,941852258265
"Samara23";"Samara - Tsaritsyn - Rostov - Kharkov - Kiev";"1827;-5227|1618;-5475|1448;-5553|1284;-5427|1131;-5381";877,941852258265
"Tbilissi22";"Kiev - Kharkov - Rostov - Tsaritsyn - Tbilissi";"1131;-5381|1284;-5427|1448;-5553|1618;-5475|1514;-5675";779,043526626341
"Tbilissi23";"Tbilissi - Tsaritsyn - Rostov - Kharkov - Kiev";"1514;-5675|1618;-5475|1448;-5553|1284;-5427|1131;-5381";779,043526626341
"Erevan22";"Kiev - Kharkov - Rostov - Tsaritsyn - Tbilissi - Erevan";"1131;-5381|1284;-5427|1448;-5553|1618;-5475|1514;-5675|1529;-5820";924,817323997474
"Erevan23";"Erevan - Tbilissi - Tsaritsyn - Rostov - Kharkov - Kiev";"1529;-5820|1514;-5675|1618;-5475|1448;-5553|1284;-5427|1131;-5381";924,817323997474
"Bakou22";"Kiev - Kharkov - Rostov - Tsaritsyn - Tbilissi - Bakou";"1131;-5381|1284;-5427|1448;-5553|1618;-5475|1514;-5675|1710;-5819";1022,25536844331
"Bakou23";"Bakou - Tbilissi - Tsaritsyn - Rostov - Kharkov - Kiev";"1710;-5819|1514;-5675|1618;-5475|1448;-5553|1284;-5427|1131;-5381";1022,25536844331
"ID2422";"Kiev - Kharkov - Rostov - Tsaritsyn - Samara - ID24";"1131;-5381|1284;-5427|1448;-5553|1618;-5475|1827;-5227|2263;-5525";1406,0516893187
"ID2423";"ID24 - Samara - Tsaritsyn - Rostov - Kharkov - Kiev";"2263;-5525|1827;-5227|1618;-5475|1448;-5553|1284;-5427|1131;-5381";1406,0516893187
"Tashkent22";"Kiev - Kharkov - Rostov - Tsaritsyn - Samara - ID24 - Tashkent";"1131;-5381|1284;-5427|1448;-5553|1618;-5475|1827;-5227|2263;-5525|2469;-5875";1812,17482335566
"Tashkent23";"Tashkent - ID24 - Samara - Tsaritsyn - Rostov - Kharkov - Kiev";"2469;-5875|2263;-5525|1827;-5227|1618;-5475|1448;-5553|1284;-5427|1131;-5381";1812,17482335566
"Perm22";"Kiev - Moscou - Kazan - Perm";"1131;-5381|1352;-5056|1784;-5076|2111;-4978";1166,85364454983
"Perm23";"Perm - Kazan - Moscou - Kiev";"2111;-4978|1784;-5076|1352;-5056|1131;-5381";1166,85364454983
"Yekaterin...22";"Kiev - Moscou - Kazan - Perm - Yekaterin...";"1131;-5381|1352;-5056|1784;-5076|2111;-4978|2238;-5034";1305,65205952637
"Yekaterin...23";"Yekaterin... - Perm - Kazan - Moscou - Kiev";"2238;-5034|2111;-4978|1784;-5076|1352;-5056|1131;-5381";1305,65205952637
"Omsk22";"Kiev - Kharkov - Rostov - Tsaritsyn - Samara - Omsk";"1131;-5381|1284;-5427|1448;-5553|1618;-5475|1827;-5227|2661;-5156";1714,95857849496
"Omsk23";"Omsk - Samara - Tsaritsyn - Rostov - Kharkov - Kiev";"2661;-5156|1827;-5227|1618;-5475|1448;-5553|1284;-5427|1131;-5381";1714,95857849496
"Novosibirsk22";"Kiev - Kharkov - Rostov - Tsaritsyn - Samara - Omsk - Novosibirsk";"1131;-5381|1284;-5427|1448;-5553|1618;-5475|1827;-5227|2661;-5156|2992;-5135";2046,62407263024
"Novosibirsk23";"Novosibirsk - Omsk - Samara - Tsaritsyn - Rostov - Kharkov - Kiev";"2992;-5135|2661;-5156|1827;-5227|1618;-5475|1448;-5553|1284;-5427|1131;-5381";2046,62407263024
"Irkustk22";"Kiev - Kharkov - Rostov - Tsaritsyn - Samara - Omsk - Novosibirsk - ID31 - Irkustk";"1131;-5381|1284;-5427|1448;-5553|1618;-5475|1827;-5227|2661;-5156|2992;-5135|3675;-5202|3775;-5327";2892,98054774289
"Irkustk23";"Irkustk - ID31 - Novosibirsk - Omsk - Samara - Tsaritsyn - Rostov - Kharkov - Kiev";"3775;-5327|3675;-5202|2992;-5135|2661;-5156|1827;-5227|1618;-5475|1448;-5553|1284;-5427|1131;-5381";2892,98054774289
"ID3123";"Kiev - Kharkov - Rostov - Tsaritsyn - Samara - Omsk - Novosibirsk - ID31";"1131;-5381|1284;-5427|1448;-5553|1618;-5475|1827;-5227|2661;-5156|2992;-5135|3675;-5202";2732,90244180707
"ID3124";"ID31 - Novosibirsk - Omsk - Samara - Tsaritsyn - Rostov - Kharkov - Kiev";"3675;-5202|2992;-5135|2661;-5156|1827;-5227|1618;-5475|1448;-5553|1284;-5427|1131;-5381";2732,90244180707
"ID3222";"Kiev - Kharkov - Rostov - Tsaritsyn - Samara - Omsk - Novosibirsk - ID31 - Irkustk - ID32";"1131;-5381|1284;-5427|1448;-5553|1618;-5475|1827;-5227|2661;-5156|2992;-5135|3675;-5202|3775;-5327|4263;-5345";3381,31240212063
"ID3223";"ID32 - Irkustk - ID31 - Novosibirsk - Omsk - Samara - Tsaritsyn - Rostov - Kharkov - Kiev";"4263;-5345|3775;-5327|3675;-5202|2992;-5135|2661;-5156|1827;-5227|1618;-5475|1448;-5553|1284;-5427|1131;-5381";3381,31240212063
"ID3322";"Kiev - Kharkov - Rostov - Tsaritsyn - Samara - Omsk - Novosibirsk - ID31 - Irkustk - ID32 - ID33";"1131;-5381|1284;-5427|1448;-5553|1618;-5475|1827;-5227|2661;-5156|2992;-5135|3675;-5202|3775;-5327|4263;-5345|4361;-5198";3557,98441461836
"ID3323";"ID33 - ID32 - Irkustk - ID31 - Novosibirsk - Omsk - Samara - Tsaritsyn - Rostov - Kharkov - Kiev";"4361;-5198|4263;-5345|3775;-5327|3675;-5202|2992;-5135|2661;-5156|1827;-5227|1618;-5475|1448;-5553|1284;-5427|1131;-5381";3557,98441461836
"ID3422";"Kiev - Kharkov - Rostov - Tsaritsyn - Samara - Omsk - Novosibirsk - ID31 - Irkustk - ID32 - ID33 - ID34";"1131;-5381|1284;-5427|1448;-5553|1618;-5475|1827;-5227|2661;-5156|2992;-5135|3675;-5202|3775;-5327|4263;-5345|4361;-5198|4496;-5185";3693,60889618419
"ID3423";"ID34 - ID33 - ID32 - Irkustk - ID31 - Novosibirsk - Omsk - Samara - Tsaritsyn - Rostov - Kharkov - Kiev";"4496;-5185|4361;-5198|4263;-5345|3775;-5327|3675;-5202|2992;-5135|2661;-5156|1827;-5227|1618;-5475|1448;-5553|1284;-5427|1131;-5381";3693,60889618419
"ID3522";"Kiev - Kharkov - Rostov - Tsaritsyn - Samara - Omsk - Novosibirsk - ID31 - Irkustk - ID32 - ID33 - ID34 - ID44 - ID35";"1131;-5381|1284;-5427|1448;-5553|1618;-5475|1827;-5227|2661;-5156|2992;-5135|3675;-5202|3775;-5327|4263;-5345|4361;-5198|4496;-5185|4616;-5246|4635;-5322";3906,56216680252
"ID3523";"ID35 - ID44 - ID34 - ID33 - ID32 - Irkustk - ID31 - Novosibirsk - Omsk - Samara - Tsaritsyn - Rostov - Kharkov - Kiev";"4635;-5322|4616;-5246|4496;-5185|4361;-5198|4263;-5345|3775;-5327|3675;-5202|2992;-5135|2661;-5156|1827;-5227|1618;-5475|1448;-5553|1284;-5427|1131;-5381";3906,56216680252
"ID3622";"Kiev - Kharkov - Rostov - Tsaritsyn - Samara - Omsk - Novosibirsk - ID31 - Irkustk - ID32 - ID33 - ID34 - ID44 - ID35 - ID36";"1131;-5381|1284;-5427|1448;-5553|1618;-5475|1827;-5227|2661;-5156|2992;-5135|3675;-5202|3775;-5327|4263;-5345|4361;-5198|4496;-5185|4616;-5246|4635;-5322|4789;-5479";4126,48260696214
"ID3623";"ID36 - ID35 - ID44 - ID34 - ID33 - ID32 - Irkustk - ID31 - Novosibirsk - Omsk - Samara - Tsaritsyn - Rostov - Kharkov - Kiev";"4789;-5479|4635;-5322|4616;-5246|4496;-5185|4361;-5198|4263;-5345|3775;-5327|3675;-5202|2992;-5135|2661;-5156|1827;-5227|1618;-5475|1448;-5553|1284;-5427|1131;-5381";4126,48260696214
"Khabarovsk22";"Kiev - Kharkov - Rostov - Tsaritsyn - Samara - Omsk - Novosibirsk - ID31 - Irkustk - ID32 - ID33 - ID34 - ID44 - ID35 - ID36 - Khabarovsk";"1131;-5381|1284;-5427|1448;-5553|1618;-5475|1827;-5227|2661;-5156|2992;-5135|3675;-5202|3775;-5327|4263;-5345|4361;-5198|4496;-5185|4616;-5246|4635;-5322|4789;-5479|4895;-5447";4237,20749124747
"Khabarovsk23";"Khabarovsk - ID36 - ID35 - ID44 - ID34 - ID33 - ID32 - Irkustk - ID31 - Novosibirsk - Omsk - Samara - Tsaritsyn - Rostov - Kharkov - Kiev";"4895;-5447|4789;-5479|4635;-5322|4616;-5246|4496;-5185|4361;-5198|4263;-5345|3775;-5327|3675;-5202|2992;-5135|2661;-5156|1827;-5227|1618;-5475|1448;-5553|1284;-5427|1131;-5381";4237,20749124747
"ID3822";"Kiev - Kharkov - Rostov - Tsaritsyn - Samara - Omsk - Novosibirsk - ID31 - Irkustk - ID32 - ID33 - ID34 - ID44 - ID35 - ID36 - Khabarovsk - ID38";"1131;-5381|1284;-5427|1448;-5553|1618;-5475|1827;-5227|2661;-5156|2992;-5135|3675;-5202|3775;-5327|4263;-5345|4361;-5198|4496;-5185|4616;-5246|4635;-5322|4789;-5479|4895;-5447|4953;-5523";4332,81083846921
"ID3823";"ID38 - Khabarovsk - ID36 - ID35 - ID44 - ID34 - ID33 - ID32 - Irkustk - ID31 - Novosibirsk - Omsk - Samara - Tsaritsyn - Rostov - Kharkov - Kiev";"4953;-5523|4895;-5447|4789;-5479|4635;-5322|4616;-5246|4496;-5185|4361;-5198|4263;-5345|3775;-5327|3675;-5202|2992;-5135|2661;-5156|1827;-5227|1618;-5475|1448;-5553|1284;-5427|1131;-5381";4332,81083846921
"Vladivostok22";"Kiev - Kharkov - Rostov - Tsaritsyn - Samara - Omsk - Novosibirsk - ID31 - Irkustk - ID32 - ID33 - ID34 - ID44 - ID35 - ID36 - Khabarovsk - ID38 - Vladivostok";"1131;-5381|1284;-5427|1448;-5553|1618;-5475|1827;-5227|2661;-5156|2992;-5135|3675;-5202|3775;-5327|4263;-5345|4361;-5198|4496;-5185|4616;-5246|4635;-5322|4789;-5479|4895;-5447|4953;-5523|4843;-5751";4585,95901642039
"Vladivostok23";"Vladivostok - ID38 - Khabarovsk - ID36 - ID35 - ID44 - ID34 - ID33 - ID32 - Irkustk - ID31 - Novosibirsk - Omsk - Samara - Tsaritsyn - Rostov - Kharkov - Kiev";"4843;-5751|4953;-5523|4895;-5447|4789;-5479|4635;-5322|4616;-5246|4496;-5185|4361;-5198|4263;-5345|3775;-5327|3675;-5202|2992;-5135|2661;-5156|1827;-5227|1618;-5475|1448;-5553|1284;-5427|1131;-5381";4585,95901642039
"ID4022";"Kiev - Moscou - Kazan - Perm - ID40";"1131;-5381|1352;-5056|1784;-5076|2111;-4978|2446;-4971";1501,9267708969
"ID4023";"ID40 - Perm - Kazan - Moscou - Kiev";"2446;-4971|2111;-4978|1784;-5076|1352;-5056|1131;-5381";1501,9267708969
"ID4122";"Kiev - Moscou - Kazan - Perm - ID40 - ID41";"1131;-5381|1352;-5056|1784;-5076|2111;-4978|2446;-4971|2583;-5016";1646,12801915779
"ID4123";"ID41 - ID40 - Perm - Kazan - Moscou - Kiev";"2583;-5016|2446;-4971|2111;-4978|1784;-5076|1352;-5056|1131;-5381";1646,12801915779
"ID4222";"Kiev - Minsk - Riga - ID43 - Petrograd - ID42";"1131;-5381|1016;-5187|890;-5014|1033;-4904|1089;-4834|1006;-4742";833,509238481226
"ID4223";"ID42 - Petrograd - ID43 - Riga - Minsk - Kiev";"1006;-4742|1089;-4834|1033;-4904|890;-5014|1016;-5187|1131;-5381";833,509238481226
"ID4322";"Kiev - Minsk - Riga - ID43";"1131;-5381|1016;-5187|890;-5014|1033;-4904";619,958275800334
"ID4323";"ID43 - Riga - Minsk - Kiev";"1033;-4904|890;-5014|1016;-5187|1131;-5381";619,958275800334
"ID4422";"Kiev - Kharkov - Rostov - Tsaritsyn - Samara - Omsk - Novosibirsk - ID31 - Irkustk - ID32 - ID33 - ID34 - ID44";"1131;-5381|1284;-5427|1448;-5553|1618;-5475|1827;-5227|2661;-5156|2992;-5135|3675;-5202|3775;-5327|4263;-5345|4361;-5198|4496;-5185|4616;-5246";3828,22315991579
"ID4423";"ID44 - ID34 - ID33 - ID32 - Irkustk - ID31 - Novosibirsk - Omsk - Samara - Tsaritsyn - Rostov - Kharkov - Kiev";"4616;-5246|4496;-5185|4361;-5198|4263;-5345|3775;-5327|3675;-5202|2992;-5135|2661;-5156|1827;-5227|1618;-5475|1448;-5553|1284;-5427|1131;-5381";3828,22315991579
"Sebastopol24";"Kharkov - Sebastopol";"1284;-5427|1221;-5670";251,033862257664
"Sebastopol25";"Sebastopol - Kharkov";"1221;-5670|1284;-5427";251,033862257664
"Rostov24";"Kharkov - Rostov";"1284;-5427|1448;-5553";206,813926030139
"Rostov25";"Rostov - Kharkov";"1448;-5553|1284;-5427";206,813926030139
"Tsaritsyn24";"Kharkov - Rostov - Tsaritsyn";"1284;-5427|1448;-5553|1618;-5475";393,85402868195
"Tsaritsyn25";"Tsaritsyn - Rostov - Kharkov";"1618;-5475|1448;-5553|1284;-5427";393,85402868195
"ID1724";"Kharkov - Rostov - ID17";"1284;-5427|1448;-5553|1485;-5272";490,239401243642
"ID1725";"ID17 - Rostov - Kharkov";"1485;-5272|1448;-5553|1284;-5427";490,239401243642
"ID1824";"Kharkov - Rostov - ID17 - ID18";"1284;-5427|1448;-5553|1485;-5272|1650;-5185";676,77089992416
"ID1825";"ID18 - ID17 - Rostov - Kharkov";"1650;-5185|1485;-5272|1448;-5553|1284;-5427";676,77089992416
"Kazan24";"Kharkov - Moscou - Kazan";"1284;-5427|1352;-5056|1784;-5076";809,643043380993
"Kazan25";"Kazan - Moscou - Kharkov";"1784;-5076|1352;-5056|1284;-5427";809,643043380993
"Samara24";"Kharkov - Rostov - Tsaritsyn - Samara";"1284;-5427|1448;-5553|1618;-5475|1827;-5227";718,176399171561
"Samara25";"Samara - Tsaritsyn - Rostov - Kharkov";"1827;-5227|1618;-5475|1448;-5553|1284;-5427";718,176399171561
"Tbilissi24";"Kharkov - Rostov - Tsaritsyn - Tbilissi";"1284;-5427|1448;-5553|1618;-5475|1514;-5675";619,278073539636
"Tbilissi25";"Tbilissi - Tsaritsyn - Rostov - Kharkov";"1514;-5675|1618;-5475|1448;-5553|1284;-5427";619,278073539636
"Erevan24";"Kharkov - Rostov - Tsaritsyn - Tbilissi - Erevan";"1284;-5427|1448;-5553|1618;-5475|1514;-5675|1529;-5820";765,051870910769
"Erevan25";"Erevan - Tbilissi - Tsaritsyn - Rostov - Kharkov";"1529;-5820|1514;-5675|1618;-5475|1448;-5553|1284;-5427";765,051870910769
"Bakou24";"Kharkov - Rostov - Tsaritsyn - Tbilissi - Bakou";"1284;-5427|1448;-5553|1618;-5475|1514;-5675|1710;-5819";862,4899153566
"Bakou25";"Bakou - Tbilissi - Tsaritsyn - Rostov - Kharkov";"1710;-5819|1514;-5675|1618;-5475|1448;-5553|1284;-5427";862,4899153566
"ID2424";"Kharkov - Rostov - Tsaritsyn - Samara - ID24";"1284;-5427|1448;-5553|1618;-5475|1827;-5227|2263;-5525";1246,286236232
"ID2425";"ID24 - Samara - Tsaritsyn - Rostov - Kharkov";"2263;-5525|1827;-5227|1618;-5475|1448;-5553|1284;-5427";1246,286236232
"Tashkent24";"Kharkov - Rostov - Tsaritsyn - Samara - ID24 - Tashkent";"1284;-5427|1448;-5553|1618;-5475|1827;-5227|2263;-5525|2469;-5875";1652,40937026895
"Tashkent25";"Tashkent - ID24 - Samara - Tsaritsyn - Rostov - Kharkov";"2469;-5875|2263;-5525|1827;-5227|1618;-5475|1448;-5553|1284;-5427";1652,40937026895
"Perm24";"Kharkov - Moscou - Kazan - Perm";"1284;-5427|1352;-5056|1784;-5076|2111;-4978";1151,01234487133
"Perm25";"Perm - Kazan - Moscou - Kharkov";"2111;-4978|1784;-5076|1352;-5056|1284;-5427";1151,01234487133
"Yekaterin...24";"Kharkov - Moscou - Kazan - Perm - Yekaterin...";"1284;-5427|1352;-5056|1784;-5076|2111;-4978|2238;-5034";1289,81075984787
"Yekaterin...25";"Yekaterin... - Perm - Kazan - Moscou - Kharkov";"2238;-5034|2111;-4978|1784;-5076|1352;-5056|1284;-5427";1289,81075984787
"Omsk24";"Kharkov - Rostov - Tsaritsyn - Samara - Omsk";"1284;-5427|1448;-5553|1618;-5475|1827;-5227|2661;-5156";1555,19312540826
"Omsk25";"Omsk - Samara - Tsaritsyn - Rostov - Kharkov";"2661;-5156|1827;-5227|1618;-5475|1448;-5553|1284;-5427";1555,19312540826
"Novosibirsk24";"Kharkov - Rostov - Tsaritsyn - Samara - Omsk - Novosibirsk";"1284;-5427|1448;-5553|1618;-5475|1827;-5227|2661;-5156|2992;-5135";1886,85861954354
"Novosibirsk25";"Novosibirsk - Omsk - Samara - Tsaritsyn - Rostov - Kharkov";"2992;-5135|2661;-5156|1827;-5227|1618;-5475|1448;-5553|1284;-5427";1886,85861954354
"Irkustk24";"Kharkov - Rostov - Tsaritsyn - Samara - Omsk - Novosibirsk - ID31 - Irkustk";"1284;-5427|1448;-5553|1618;-5475|1827;-5227|2661;-5156|2992;-5135|3675;-5202|3775;-5327";2733,21509465618
"Irkustk25";"Irkustk - ID31 - Novosibirsk - Omsk - Samara - Tsaritsyn - Rostov - Kharkov";"3775;-5327|3675;-5202|2992;-5135|2661;-5156|1827;-5227|1618;-5475|1448;-5553|1284;-5427";2733,21509465618
"ID3125";"Kharkov - Rostov - Tsaritsyn - Samara - Omsk - Novosibirsk - ID31";"1284;-5427|1448;-5553|1618;-5475|1827;-5227|2661;-5156|2992;-5135|3675;-5202";2573,13698872036
"ID3126";"ID31 - Novosibirsk - Omsk - Samara - Tsaritsyn - Rostov - Kharkov";"3675;-5202|2992;-5135|2661;-5156|1827;-5227|1618;-5475|1448;-5553|1284;-5427";2573,13698872036
"ID3224";"Kharkov - Rostov - Tsaritsyn - Samara - Omsk - Novosibirsk - ID31 - Irkustk - ID32";"1284;-5427|1448;-5553|1618;-5475|1827;-5227|2661;-5156|2992;-5135|3675;-5202|3775;-5327|4263;-5345";3221,54694903392
"ID3225";"ID32 - Irkustk - ID31 - Novosibirsk - Omsk - Samara - Tsaritsyn - Rostov - Kharkov";"4263;-5345|3775;-5327|3675;-5202|2992;-5135|2661;-5156|1827;-5227|1618;-5475|1448;-5553|1284;-5427";3221,54694903392
"ID3324";"Kharkov - Rostov - Tsaritsyn - Samara - Omsk - Novosibirsk - ID31 - Irkustk - ID32 - ID33";"1284;-5427|1448;-5553|1618;-5475|1827;-5227|2661;-5156|2992;-5135|3675;-5202|3775;-5327|4263;-5345|4361;-5198";3398,21896153166
"ID3325";"ID33 - ID32 - Irkustk - ID31 - Novosibirsk - Omsk - Samara - Tsaritsyn - Rostov - Kharkov";"4361;-5198|4263;-5345|3775;-5327|3675;-5202|2992;-5135|2661;-5156|1827;-5227|1618;-5475|1448;-5553|1284;-5427";3398,21896153166
"ID3424";"Kharkov - Rostov - Tsaritsyn - Samara - Omsk - Novosibirsk - ID31 - Irkustk - ID32 - ID33 - ID34";"1284;-5427|1448;-5553|1618;-5475|1827;-5227|2661;-5156|2992;-5135|3675;-5202|3775;-5327|4263;-5345|4361;-5198|4496;-5185";3533,84344309749
"ID3425";"ID34 - ID33 - ID32 - Irkustk - ID31 - Novosibirsk - Omsk - Samara - Tsaritsyn - Rostov - Kharkov";"4496;-5185|4361;-5198|4263;-5345|3775;-5327|3675;-5202|2992;-5135|2661;-5156|1827;-5227|1618;-5475|1448;-5553|1284;-5427";3533,84344309749
"ID3524";"Kharkov - Rostov - Tsaritsyn - Samara - Omsk - Novosibirsk - ID31 - Irkustk - ID32 - ID33 - ID34 - ID44 - ID35";"1284;-5427|1448;-5553|1618;-5475|1827;-5227|2661;-5156|2992;-5135|3675;-5202|3775;-5327|4263;-5345|4361;-5198|4496;-5185|4616;-5246|4635;-5322";3746,79671371582
"ID3525";"ID35 - ID44 - ID34 - ID33 - ID32 - Irkustk - ID31 - Novosibirsk - Omsk - Samara - Tsaritsyn - Rostov - Kharkov";"4635;-5322|4616;-5246|4496;-5185|4361;-5198|4263;-5345|3775;-5327|3675;-5202|2992;-5135|2661;-5156|1827;-5227|1618;-5475|1448;-5553|1284;-5427";3746,79671371582
"ID3624";"Kharkov - Rostov - Tsaritsyn - Samara - Omsk - Novosibirsk - ID31 - Irkustk - ID32 - ID33 - ID34 - ID44 - ID35 - ID36";"1284;-5427|1448;-5553|1618;-5475|1827;-5227|2661;-5156|2992;-5135|3675;-5202|3775;-5327|4263;-5345|4361;-5198|4496;-5185|4616;-5246|4635;-5322|4789;-5479";3966,71715387544
"ID3625";"ID36 - ID35 - ID44 - ID34 - ID33 - ID32 - Irkustk - ID31 - Novosibirsk - Omsk - Samara - Tsaritsyn - Rostov - Kharkov";"4789;-5479|4635;-5322|4616;-5246|4496;-5185|4361;-5198|4263;-5345|3775;-5327|3675;-5202|2992;-5135|2661;-5156|1827;-5227|1618;-5475|1448;-5553|1284;-5427";3966,71715387544
"Khabarovsk24";"Kharkov - Rostov - Tsaritsyn - Samara - Omsk - Novosibirsk - ID31 - Irkustk - ID32 - ID33 - ID34 - ID44 - ID35 - ID36 - Khabarovsk";"1284;-5427|1448;-5553|1618;-5475|1827;-5227|2661;-5156|2992;-5135|3675;-5202|3775;-5327|4263;-5345|4361;-5198|4496;-5185|4616;-5246|4635;-5322|4789;-5479|4895;-5447";4077,44203816077
"Khabarovsk25";"Khabarovsk - ID36 - ID35 - ID44 - ID34 - ID33 - ID32 - Irkustk - ID31 - Novosibirsk - Omsk - Samara - Tsaritsyn - Rostov - Kharkov";"4895;-5447|4789;-5479|4635;-5322|4616;-5246|4496;-5185|4361;-5198|4263;-5345|3775;-5327|3675;-5202|2992;-5135|2661;-5156|1827;-5227|1618;-5475|1448;-5553|1284;-5427";4077,44203816077
"ID3824";"Kharkov - Rostov - Tsaritsyn - Samara - Omsk - Novosibirsk - ID31 - Irkustk - ID32 - ID33 - ID34 - ID44 - ID35 - ID36 - Khabarovsk - ID38";"1284;-5427|1448;-5553|1618;-5475|1827;-5227|2661;-5156|2992;-5135|3675;-5202|3775;-5327|4263;-5345|4361;-5198|4496;-5185|4616;-5246|4635;-5322|4789;-5479|4895;-5447|4953;-5523";4173,04538538251
"ID3825";"ID38 - Khabarovsk - ID36 - ID35 - ID44 - ID34 - ID33 - ID32 - Irkustk - ID31 - Novosibirsk - Omsk - Samara - Tsaritsyn - Rostov - Kharkov";"4953;-5523|4895;-5447|4789;-5479|4635;-5322|4616;-5246|4496;-5185|4361;-5198|4263;-5345|3775;-5327|3675;-5202|2992;-5135|2661;-5156|1827;-5227|1618;-5475|1448;-5553|1284;-5427";4173,04538538251
"Vladivostok24";"Kharkov - Rostov - Tsaritsyn - Samara - Omsk - Novosibirsk - ID31 - Irkustk - ID32 - ID33 - ID34 - ID44 - ID35 - ID36 - Khabarovsk - ID38 - Vladivostok";"1284;-5427|1448;-5553|1618;-5475|1827;-5227|2661;-5156|2992;-5135|3675;-5202|3775;-5327|4263;-5345|4361;-5198|4496;-5185|4616;-5246|4635;-5322|4789;-5479|4895;-5447|4953;-5523|4843;-5751";4426,19356333368
"Vladivostok25";"Vladivostok - ID38 - Khabarovsk - ID36 - ID35 - ID44 - ID34 - ID33 - ID32 - Irkustk - ID31 - Novosibirsk - Omsk - Samara - Tsaritsyn - Rostov - Kharkov";"4843;-5751|4953;-5523|4895;-5447|4789;-5479|4635;-5322|4616;-5246|4496;-5185|4361;-5198|4263;-5345|3775;-5327|3675;-5202|2992;-5135|2661;-5156|1827;-5227|1618;-5475|1448;-5553|1284;-5427";4426,19356333368
"ID4024";"Kharkov - Moscou - Kazan - Perm - ID40";"1284;-5427|1352;-5056|1784;-5076|2111;-4978|2446;-4971";1486,0854712184
"ID4025";"ID40 - Perm - Kazan - Moscou - Kharkov";"2446;-4971|2111;-4978|1784;-5076|1352;-5056|1284;-5427";1486,0854712184
"ID4124";"Kharkov - Moscou - Kazan - Perm - ID40 - ID41";"1284;-5427|1352;-5056|1784;-5076|2111;-4978|2446;-4971|2583;-5016";1630,28671947929
"ID4125";"ID41 - ID40 - Perm - Kazan - Moscou - Kharkov";"2583;-5016|2446;-4971|2111;-4978|1784;-5076|1352;-5056|1284;-5427";1630,28671947929
"ID4224";"Kharkov - Moscou - ID3 - Petrograd - ID42";"1284;-5427|1352;-5056|1209;-4843|1089;-4834|1006;-4742";877,974768324098
"ID4225";"ID42 - Petrograd - ID3 - Moscou - Kharkov";"1006;-4742|1089;-4834|1209;-4843|1352;-5056|1284;-5427";877,974768324098
"ID4324";"Kharkov - Kiev - Minsk - Riga - ID43";"1284;-5427|1131;-5381|1016;-5187|890;-5014|1033;-4904";779,723728887038
"ID4325";"ID43 - Riga - Minsk - Kiev - Kharkov";"1033;-4904|890;-5014|1016;-5187|1131;-5381|1284;-5427";779,723728887038
"ID4424";"Kharkov - Rostov - Tsaritsyn - Samara - Omsk - Novosibirsk - ID31 - Irkustk - ID32 - ID33 - ID34 - ID44";"1284;-5427|1448;-5553|1618;-5475|1827;-5227|2661;-5156|2992;-5135|3675;-5202|3775;-5327|4263;-5345|4361;-5198|4496;-5185|4616;-5246";3668,45770682908
"ID4425";"ID44 - ID34 - ID33 - ID32 - Irkustk - ID31 - Novosibirsk - Omsk - Samara - Tsaritsyn - Rostov - Kharkov";"4616;-5246|4496;-5185|4361;-5198|4263;-5345|3775;-5327|3675;-5202|2992;-5135|2661;-5156|1827;-5227|1618;-5475|1448;-5553|1284;-5427";3668,45770682908
"Rostov26";"Sebastopol - Kharkov - Rostov";"1221;-5670|1284;-5427|1448;-5553";457,847788287804
"Rostov27";"Rostov - Kharkov - Sebastopol";"1448;-5553|1284;-5427|1221;-5670";457,847788287804
"Tsaritsyn26";"Sebastopol - Kharkov - Rostov - Tsaritsyn";"1221;-5670|1284;-5427|1448;-5553|1618;-5475";644,887890939615
"Tsaritsyn27";"Tsaritsyn - Rostov - Kharkov - Sebastopol";"1618;-5475|1448;-5553|1284;-5427|1221;-5670";644,887890939615
"ID1726";"Sebastopol - Kharkov - Rostov - ID17";"1221;-5670|1284;-5427|1448;-5553|1485;-5272";741,273263501307
"ID1727";"ID17 - Rostov - Kharkov - Sebastopol";"1485;-5272|1448;-5553|1284;-5427|1221;-5670";741,273263501307
"ID1826";"Sebastopol - Kharkov - Rostov - ID17 - ID18";"1221;-5670|1284;-5427|1448;-5553|1485;-5272|1650;-5185";927,804762181825
"ID1827";"ID18 - ID17 - Rostov - Kharkov - Sebastopol";"1650;-5185|1485;-5272|1448;-5553|1284;-5427|1221;-5670";927,804762181825
"Kazan26";"Sebastopol - Kharkov - Moscou - Kazan";"1221;-5670|1284;-5427|1352;-5056|1784;-5076";1060,67690563866
"Kazan27";"Kazan - Moscou - Kharkov - Sebastopol";"1784;-5076|1352;-5056|1284;-5427|1221;-5670";1060,67690563866
"Samara26";"Sebastopol - Kharkov - Rostov - Tsaritsyn - Samara";"1221;-5670|1284;-5427|1448;-5553|1618;-5475|1827;-5227";969,210261429225
"Samara27";"Samara - Tsaritsyn - Rostov - Kharkov - Sebastopol";"1827;-5227|1618;-5475|1448;-5553|1284;-5427|1221;-5670";969,210261429225
"Tbilissi26";"Sebastopol - Kharkov - Rostov - Tsaritsyn - Tbilissi";"1221;-5670|1284;-5427|1448;-5553|1618;-5475|1514;-5675";870,311935797301
"Tbilissi27";"Tbilissi - Tsaritsyn - Rostov - Kharkov - Sebastopol";"1514;-5675|1618;-5475|1448;-5553|1284;-5427|1221;-5670";870,311935797301
"Erevan26";"Sebastopol - Kharkov - Rostov - Tsaritsyn - Tbilissi - Erevan";"1221;-5670|1284;-5427|1448;-5553|1618;-5475|1514;-5675|1529;-5820";1016,08573316843
"Erevan27";"Erevan - Tbilissi - Tsaritsyn - Rostov - Kharkov - Sebastopol";"1529;-5820|1514;-5675|1618;-5475|1448;-5553|1284;-5427|1221;-5670";1016,08573316843
"Bakou26";"Sebastopol - Kharkov - Rostov - Tsaritsyn - Tbilissi - Bakou";"1221;-5670|1284;-5427|1448;-5553|1618;-5475|1514;-5675|1710;-5819";1113,52377761426
"Bakou27";"Bakou - Tbilissi - Tsaritsyn - Rostov - Kharkov - Sebastopol";"1710;-5819|1514;-5675|1618;-5475|1448;-5553|1284;-5427|1221;-5670";1113,52377761426
"ID2426";"Sebastopol - Kharkov - Rostov - Tsaritsyn - Samara - ID24";"1221;-5670|1284;-5427|1448;-5553|1618;-5475|1827;-5227|2263;-5525";1497,32009848966
"ID2427";"ID24 - Samara - Tsaritsyn - Rostov - Kharkov - Sebastopol";"2263;-5525|1827;-5227|1618;-5475|1448;-5553|1284;-5427|1221;-5670";1497,32009848966
"Tashkent26";"Sebastopol - Kharkov - Rostov - Tsaritsyn - Samara - ID24 - Tashkent";"1221;-5670|1284;-5427|1448;-5553|1618;-5475|1827;-5227|2263;-5525|2469;-5875";1903,44323252662
"Tashkent27";"Tashkent - ID24 - Samara - Tsaritsyn - Rostov - Kharkov - Sebastopol";"2469;-5875|2263;-5525|1827;-5227|1618;-5475|1448;-5553|1284;-5427|1221;-5670";1903,44323252662
"Perm26";"Sebastopol - Kharkov - Moscou - Kazan - Perm";"1221;-5670|1284;-5427|1352;-5056|1784;-5076|2111;-4978";1402,04620712899
"Perm27";"Perm - Kazan - Moscou - Kharkov - Sebastopol";"2111;-4978|1784;-5076|1352;-5056|1284;-5427|1221;-5670";1402,04620712899
"Yekaterin...26";"Sebastopol - Kharkov - Moscou - Kazan - Perm - Yekaterin...";"1221;-5670|1284;-5427|1352;-5056|1784;-5076|2111;-4978|2238;-5034";1540,84462210553
"Yekaterin...27";"Yekaterin... - Perm - Kazan - Moscou - Kharkov - Sebastopol";"2238;-5034|2111;-4978|1784;-5076|1352;-5056|1284;-5427|1221;-5670";1540,84462210553
"Omsk26";"Sebastopol - Kharkov - Rostov - Tsaritsyn - Samara - Omsk";"1221;-5670|1284;-5427|1448;-5553|1618;-5475|1827;-5227|2661;-5156";1806,22698766592
"Omsk27";"Omsk - Samara - Tsaritsyn - Rostov - Kharkov - Sebastopol";"2661;-5156|1827;-5227|1618;-5475|1448;-5553|1284;-5427|1221;-5670";1806,22698766592
"Novosibirsk26";"Sebastopol - Kharkov - Rostov - Tsaritsyn - Samara - Omsk - Novosibirsk";"1221;-5670|1284;-5427|1448;-5553|1618;-5475|1827;-5227|2661;-5156|2992;-5135";2137,8924818012
"Novosibirsk27";"Novosibirsk - Omsk - Samara - Tsaritsyn - Rostov - Kharkov - Sebastopol";"2992;-5135|2661;-5156|1827;-5227|1618;-5475|1448;-5553|1284;-5427|1221;-5670";2137,8924818012
"Irkustk26";"Sebastopol - Kharkov - Rostov - Tsaritsyn - Samara - Omsk - Novosibirsk - ID31 - Irkustk";"1221;-5670|1284;-5427|1448;-5553|1618;-5475|1827;-5227|2661;-5156|2992;-5135|3675;-5202|3775;-5327";2984,24895691385
"Irkustk27";"Irkustk - ID31 - Novosibirsk - Omsk - Samara - Tsaritsyn - Rostov - Kharkov - Sebastopol";"3775;-5327|3675;-5202|2992;-5135|2661;-5156|1827;-5227|1618;-5475|1448;-5553|1284;-5427|1221;-5670";2984,24895691385
"ID3127";"Sebastopol - Kharkov - Rostov - Tsaritsyn - Samara - Omsk - Novosibirsk - ID31";"1221;-5670|1284;-5427|1448;-5553|1618;-5475|1827;-5227|2661;-5156|2992;-5135|3675;-5202";2824,17085097803
"ID3128";"ID31 - Novosibirsk - Omsk - Samara - Tsaritsyn - Rostov - Kharkov - Sebastopol";"3675;-5202|2992;-5135|2661;-5156|1827;-5227|1618;-5475|1448;-5553|1284;-5427|1221;-5670";2824,17085097803
"ID3226";"Sebastopol - Kharkov - Rostov - Tsaritsyn - Samara - Omsk - Novosibirsk - ID31 - Irkustk - ID32";"1221;-5670|1284;-5427|1448;-5553|1618;-5475|1827;-5227|2661;-5156|2992;-5135|3675;-5202|3775;-5327|4263;-5345";3472,58081129159
"ID3227";"ID32 - Irkustk - ID31 - Novosibirsk - Omsk - Samara - Tsaritsyn - Rostov - Kharkov - Sebastopol";"4263;-5345|3775;-5327|3675;-5202|2992;-5135|2661;-5156|1827;-5227|1618;-5475|1448;-5553|1284;-5427|1221;-5670";3472,58081129159
"ID3326";"Sebastopol - Kharkov - Rostov - Tsaritsyn - Samara - Omsk - Novosibirsk - ID31 - Irkustk - ID32 - ID33";"1221;-5670|1284;-5427|1448;-5553|1618;-5475|1827;-5227|2661;-5156|2992;-5135|3675;-5202|3775;-5327|4263;-5345|4361;-5198";3649,25282378932
"ID3327";"ID33 - ID32 - Irkustk - ID31 - Novosibirsk - Omsk - Samara - Tsaritsyn - Rostov - Kharkov - Sebastopol";"4361;-5198|4263;-5345|3775;-5327|3675;-5202|2992;-5135|2661;-5156|1827;-5227|1618;-5475|1448;-5553|1284;-5427|1221;-5670";3649,25282378932
"ID3426";"Sebastopol - Kharkov - Rostov - Tsaritsyn - Samara - Omsk - Novosibirsk - ID31 - Irkustk - ID32 - ID33 - ID34";"1221;-5670|1284;-5427|1448;-5553|1618;-5475|1827;-5227|2661;-5156|2992;-5135|3675;-5202|3775;-5327|4263;-5345|4361;-5198|4496;-5185";3784,87730535515
"ID3427";"ID34 - ID33 - ID32 - Irkustk - ID31 - Novosibirsk - Omsk - Samara - Tsaritsyn - Rostov - Kharkov - Sebastopol";"4496;-5185|4361;-5198|4263;-5345|3775;-5327|3675;-5202|2992;-5135|2661;-5156|1827;-5227|1618;-5475|1448;-5553|1284;-5427|1221;-5670";3784,87730535515
"ID3526";"Sebastopol - Kharkov - Rostov - Tsaritsyn - Samara - Omsk - Novosibirsk - ID31 - Irkustk - ID32 - ID33 - ID34 - ID44 - ID35";"1221;-5670|1284;-5427|1448;-5553|1618;-5475|1827;-5227|2661;-5156|2992;-5135|3675;-5202|3775;-5327|4263;-5345|4361;-5198|4496;-5185|4616;-5246|4635;-5322";3997,83057597348
"ID3527";"ID35 - ID44 - ID34 - ID33 - ID32 - Irkustk - ID31 - Novosibirsk - Omsk - Samara - Tsaritsyn - Rostov - Kharkov - Sebastopol";"4635;-5322|4616;-5246|4496;-5185|4361;-5198|4263;-5345|3775;-5327|3675;-5202|2992;-5135|2661;-5156|1827;-5227|1618;-5475|1448;-5553|1284;-5427|1221;-5670";3997,83057597348
"ID3626";"Sebastopol - Kharkov - Rostov - Tsaritsyn - Samara - Omsk - Novosibirsk - ID31 - Irkustk - ID32 - ID33 - ID34 - ID44 - ID35 - ID36";"1221;-5670|1284;-5427|1448;-5553|1618;-5475|1827;-5227|2661;-5156|2992;-5135|3675;-5202|3775;-5327|4263;-5345|4361;-5198|4496;-5185|4616;-5246|4635;-5322|4789;-5479";4217,7510161331
"ID3627";"ID36 - ID35 - ID44 - ID34 - ID33 - ID32 - Irkustk - ID31 - Novosibirsk - Omsk - Samara - Tsaritsyn - Rostov - Kharkov - Sebastopol";"4789;-5479|4635;-5322|4616;-5246|4496;-5185|4361;-5198|4263;-5345|3775;-5327|3675;-5202|2992;-5135|2661;-5156|1827;-5227|1618;-5475|1448;-5553|1284;-5427|1221;-5670";4217,7510161331
"Khabarovsk26";"Sebastopol - Kharkov - Rostov - Tsaritsyn - Samara - Omsk - Novosibirsk - ID31 - Irkustk - ID32 - ID33 - ID34 - ID44 - ID35 - ID36 - Khabarovsk";"1221;-5670|1284;-5427|1448;-5553|1618;-5475|1827;-5227|2661;-5156|2992;-5135|3675;-5202|3775;-5327|4263;-5345|4361;-5198|4496;-5185|4616;-5246|4635;-5322|4789;-5479|4895;-5447";4328,47590041843
"Khabarovsk27";"Khabarovsk - ID36 - ID35 - ID44 - ID34 - ID33 - ID32 - Irkustk - ID31 - Novosibirsk - Omsk - Samara - Tsaritsyn - Rostov - Kharkov - Sebastopol";"4895;-5447|4789;-5479|4635;-5322|4616;-5246|4496;-5185|4361;-5198|4263;-5345|3775;-5327|3675;-5202|2992;-5135|2661;-5156|1827;-5227|1618;-5475|1448;-5553|1284;-5427|1221;-5670";4328,47590041843
"ID3826";"Sebastopol - Kharkov - Rostov - Tsaritsyn - Samara - Omsk - Novosibirsk - ID31 - Irkustk - ID32 - ID33 - ID34 - ID44 - ID35 - ID36 - Khabarovsk - ID38";"1221;-5670|1284;-5427|1448;-5553|1618;-5475|1827;-5227|2661;-5156|2992;-5135|3675;-5202|3775;-5327|4263;-5345|4361;-5198|4496;-5185|4616;-5246|4635;-5322|4789;-5479|4895;-5447|4953;-5523";4424,07924764017
"ID3827";"ID38 - Khabarovsk - ID36 - ID35 - ID44 - ID34 - ID33 - ID32 - Irkustk - ID31 - Novosibirsk - Omsk - Samara - Tsaritsyn - Rostov - Kharkov - Sebastopol";"4953;-5523|4895;-5447|4789;-5479|4635;-5322|4616;-5246|4496;-5185|4361;-5198|4263;-5345|3775;-5327|3675;-5202|2992;-5135|2661;-5156|1827;-5227|1618;-5475|1448;-5553|1284;-5427|1221;-5670";4424,07924764017
"Vladivostok26";"Sebastopol - Kharkov - Rostov - Tsaritsyn - Samara - Omsk - Novosibirsk - ID31 - Irkustk - ID32 - ID33 - ID34 - ID44 - ID35 - ID36 - Khabarovsk - ID38 - Vladivostok";"1221;-5670|1284;-5427|1448;-5553|1618;-5475|1827;-5227|2661;-5156|2992;-5135|3675;-5202|3775;-5327|4263;-5345|4361;-5198|4496;-5185|4616;-5246|4635;-5322|4789;-5479|4895;-5447|4953;-5523|4843;-5751";4677,22742559135
"Vladivostok27";"Vladivostok - ID38 - Khabarovsk - ID36 - ID35 - ID44 - ID34 - ID33 - ID32 - Irkustk - ID31 - Novosibirsk - Omsk - Samara - Tsaritsyn - Rostov - Kharkov - Sebastopol";"4843;-5751|4953;-5523|4895;-5447|4789;-5479|4635;-5322|4616;-5246|4496;-5185|4361;-5198|4263;-5345|3775;-5327|3675;-5202|2992;-5135|2661;-5156|1827;-5227|1618;-5475|1448;-5553|1284;-5427|1221;-5670";4677,22742559135
"ID4026";"Sebastopol - Kharkov - Moscou - Kazan - Perm - ID40";"1221;-5670|1284;-5427|1352;-5056|1784;-5076|2111;-4978|2446;-4971";1737,11933347606
"ID4027";"ID40 - Perm - Kazan - Moscou - Kharkov - Sebastopol";"2446;-4971|2111;-4978|1784;-5076|1352;-5056|1284;-5427|1221;-5670";1737,11933347606
"ID4126";"Sebastopol - Kharkov - Moscou - Kazan - Perm - ID40 - ID41";"1221;-5670|1284;-5427|1352;-5056|1784;-5076|2111;-4978|2446;-4971|2583;-5016";1881,32058173696
"ID4127";"ID41 - ID40 - Perm - Kazan - Moscou - Kharkov - Sebastopol";"2583;-5016|2446;-4971|2111;-4978|1784;-5076|1352;-5056|1284;-5427|1221;-5670";1881,32058173696
"ID4226";"Sebastopol - Kharkov - Moscou - ID3 - Petrograd - ID42";"1221;-5670|1284;-5427|1352;-5056|1209;-4843|1089;-4834|1006;-4742";1129,00863058176
"ID4227";"ID42 - Petrograd - ID3 - Moscou - Kharkov - Sebastopol";"1006;-4742|1089;-4834|1209;-4843|1352;-5056|1284;-5427|1221;-5670";1129,00863058176
"ID4326";"Sebastopol - Kharkov - Kiev - Minsk - Riga - ID43";"1221;-5670|1284;-5427|1131;-5381|1016;-5187|890;-5014|1033;-4904";1030,7575911447
"ID4327";"ID43 - Riga - Minsk - Kiev - Kharkov - Sebastopol";"1033;-4904|890;-5014|1016;-5187|1131;-5381|1284;-5427|1221;-5670";1030,7575911447
"ID4426";"Sebastopol - Kharkov - Rostov - Tsaritsyn - Samara - Omsk - Novosibirsk - ID31 - Irkustk - ID32 - ID33 - ID34 - ID44";"1221;-5670|1284;-5427|1448;-5553|1618;-5475|1827;-5227|2661;-5156|2992;-5135|3675;-5202|3775;-5327|4263;-5345|4361;-5198|4496;-5185|4616;-5246";3919,49156908675
"ID4427";"ID44 - ID34 - ID33 - ID32 - Irkustk - ID31 - Novosibirsk - Omsk - Samara - Tsaritsyn - Rostov - Kharkov - Sebastopol";"4616;-5246|4496;-5185|4361;-5198|4263;-5345|3775;-5327|3675;-5202|2992;-5135|2661;-5156|1827;-5227|1618;-5475|1448;-5553|1284;-5427|1221;-5670";3919,49156908675
"Tsaritsyn28";"Rostov - Tsaritsyn";"1448;-5553|1618;-5475";187,040102651811
"Tsaritsyn29";"Tsaritsyn - Rostov";"1618;-5475|1448;-5553";187,040102651811
"ID1728";"Rostov - ID17";"1448;-5553|1485;-5272";283,425475213503
"ID1729";"ID17 - Rostov";"1485;-5272|1448;-5553";283,425475213503
"ID1828";"Rostov - ID17 - ID18";"1448;-5553|1485;-5272|1650;-5185";469,956973894021
"ID1829";"ID18 - ID17 - Rostov";"1650;-5185|1485;-5272|1448;-5553";469,956973894021
"Kazan28";"Rostov - ID17 - ID18 - Kazan";"1448;-5553|1485;-5272|1650;-5185|1784;-5076";642,690873288436
"Kazan29";"Kazan - ID18 - ID17 - Rostov";"1784;-5076|1650;-5185|1485;-5272|1448;-5553";642,690873288436
"Samara28";"Rostov - Tsaritsyn - Samara";"1448;-5553|1618;-5475|1827;-5227";511,362473141421
"Samara29";"Samara - Tsaritsyn - Rostov";"1827;-5227|1618;-5475|1448;-5553";511,362473141421
"Tbilissi28";"Rostov - Tsaritsyn - Tbilissi";"1448;-5553|1618;-5475|1514;-5675";412,464147509497
"Tbilissi29";"Tbilissi - Tsaritsyn - Rostov";"1514;-5675|1618;-5475|1448;-5553";412,464147509497
"Erevan28";"Rostov - Tsaritsyn - Tbilissi - Erevan";"1448;-5553|1618;-5475|1514;-5675|1529;-5820";558,237944880629
"Erevan29";"Erevan - Tbilissi - Tsaritsyn - Rostov";"1529;-5820|1514;-5675|1618;-5475|1448;-5553";558,237944880629
"Bakou28";"Rostov - Tsaritsyn - Tbilissi - Bakou";"1448;-5553|1618;-5475|1514;-5675|1710;-5819";655,675989326461
"Bakou29";"Bakou - Tbilissi - Tsaritsyn - Rostov";"1710;-5819|1514;-5675|1618;-5475|1448;-5553";655,675989326461
"ID2428";"Rostov - Tsaritsyn - Samara - ID24";"1448;-5553|1618;-5475|1827;-5227|2263;-5525";1039,47231020186
"ID2429";"ID24 - Samara - Tsaritsyn - Rostov";"2263;-5525|1827;-5227|1618;-5475|1448;-5553";1039,47231020186
"Tashkent28";"Rostov - Tsaritsyn - Samara - ID24 - Tashkent";"1448;-5553|1618;-5475|1827;-5227|2263;-5525|2469;-5875";1445,59544423881
"Tashkent29";"Tashkent - ID24 - Samara - Tsaritsyn - Rostov";"2469;-5875|2263;-5525|1827;-5227|1618;-5475|1448;-5553";1445,59544423881
"Perm28";"Rostov - ID17 - ID18 - Kazan - Perm";"1448;-5553|1485;-5272|1650;-5185|1784;-5076|2111;-4978";984,060174778772
"Perm29";"Perm - Kazan - ID18 - ID17 - Rostov";"2111;-4978|1784;-5076|1650;-5185|1485;-5272|1448;-5553";984,060174778772
"Yekaterin...28";"Rostov - ID17 - ID18 - Kazan - Perm - Yekaterin...";"1448;-5553|1485;-5272|1650;-5185|1784;-5076|2111;-4978|2238;-5034";1122,85858975531
"Yekaterin...29";"Yekaterin... - Perm - Kazan - ID18 - ID17 - Rostov";"2238;-5034|2111;-4978|1784;-5076|1650;-5185|1485;-5272|1448;-5553";1122,85858975531
"Omsk28";"Rostov - Tsaritsyn - Samara - Omsk";"1448;-5553|1618;-5475|1827;-5227|2661;-5156";1348,37919937812
"Omsk29";"Omsk - Samara - Tsaritsyn - Rostov";"2661;-5156|1827;-5227|1618;-5475|1448;-5553";1348,37919937812
"Novosibirsk28";"Rostov - Tsaritsyn - Samara - Omsk - Novosibirsk";"1448;-5553|1618;-5475|1827;-5227|2661;-5156|2992;-5135";1680,0446935134
"Novosibirsk29";"Novosibirsk - Omsk - Samara - Tsaritsyn - Rostov";"2992;-5135|2661;-5156|1827;-5227|1618;-5475|1448;-5553";1680,0446935134
"Irkustk28";"Rostov - Tsaritsyn - Samara - Omsk - Novosibirsk - ID31 - Irkustk";"1448;-5553|1618;-5475|1827;-5227|2661;-5156|2992;-5135|3675;-5202|3775;-5327";2526,40116862604
"Irkustk29";"Irkustk - ID31 - Novosibirsk - Omsk - Samara - Tsaritsyn - Rostov";"3775;-5327|3675;-5202|2992;-5135|2661;-5156|1827;-5227|1618;-5475|1448;-5553";2526,40116862604
"ID3129";"Rostov - Tsaritsyn - Samara - Omsk - Novosibirsk - ID31";"1448;-5553|1618;-5475|1827;-5227|2661;-5156|2992;-5135|3675;-5202";2366,32306269022
"ID3130";"ID31 - Novosibirsk - Omsk - Samara - Tsaritsyn - Rostov";"3675;-5202|2992;-5135|2661;-5156|1827;-5227|1618;-5475|1448;-5553";2366,32306269022
"ID3228";"Rostov - Tsaritsyn - Samara - Omsk - Novosibirsk - ID31 - Irkustk - ID32";"1448;-5553|1618;-5475|1827;-5227|2661;-5156|2992;-5135|3675;-5202|3775;-5327|4263;-5345";3014,73302300378
"ID3229";"ID32 - Irkustk - ID31 - Novosibirsk - Omsk - Samara - Tsaritsyn - Rostov";"4263;-5345|3775;-5327|3675;-5202|2992;-5135|2661;-5156|1827;-5227|1618;-5475|1448;-5553";3014,73302300378
"ID3328";"Rostov - Tsaritsyn - Samara - Omsk - Novosibirsk - ID31 - Irkustk - ID32 - ID33";"1448;-5553|1618;-5475|1827;-5227|2661;-5156|2992;-5135|3675;-5202|3775;-5327|4263;-5345|4361;-5198";3191,40503550152
"ID3329";"ID33 - ID32 - Irkustk - ID31 - Novosibirsk - Omsk - Samara - Tsaritsyn - Rostov";"4361;-5198|4263;-5345|3775;-5327|3675;-5202|2992;-5135|2661;-5156|1827;-5227|1618;-5475|1448;-5553";3191,40503550152
"ID3428";"Rostov - Tsaritsyn - Samara - Omsk - Novosibirsk - ID31 - Irkustk - ID32 - ID33 - ID34";"1448;-5553|1618;-5475|1827;-5227|2661;-5156|2992;-5135|3675;-5202|3775;-5327|4263;-5345|4361;-5198|4496;-5185";3327,02951706735
"ID3429";"ID34 - ID33 - ID32 - Irkustk - ID31 - Novosibirsk - Omsk - Samara - Tsaritsyn - Rostov";"4496;-5185|4361;-5198|4263;-5345|3775;-5327|3675;-5202|2992;-5135|2661;-5156|1827;-5227|1618;-5475|1448;-5553";3327,02951706735
"ID3528";"Rostov - Tsaritsyn - Samara - Omsk - Novosibirsk - ID31 - Irkustk - ID32 - ID33 - ID34 - ID44 - ID35";"1448;-5553|1618;-5475|1827;-5227|2661;-5156|2992;-5135|3675;-5202|3775;-5327|4263;-5345|4361;-5198|4496;-5185|4616;-5246|4635;-5322";3539,98278768568
"ID3529";"ID35 - ID44 - ID34 - ID33 - ID32 - Irkustk - ID31 - Novosibirsk - Omsk - Samara - Tsaritsyn - Rostov";"4635;-5322|4616;-5246|4496;-5185|4361;-5198|4263;-5345|3775;-5327|3675;-5202|2992;-5135|2661;-5156|1827;-5227|1618;-5475|1448;-5553";3539,98278768568
"ID3628";"Rostov - Tsaritsyn - Samara - Omsk - Novosibirsk - ID31 - Irkustk - ID32 - ID33 - ID34 - ID44 - ID35 - ID36";"1448;-5553|1618;-5475|1827;-5227|2661;-5156|2992;-5135|3675;-5202|3775;-5327|4263;-5345|4361;-5198|4496;-5185|4616;-5246|4635;-5322|4789;-5479";3759,9032278453
"ID3629";"ID36 - ID35 - ID44 - ID34 - ID33 - ID32 - Irkustk - ID31 - Novosibirsk - Omsk - Samara - Tsaritsyn - Rostov";"4789;-5479|4635;-5322|4616;-5246|4496;-5185|4361;-5198|4263;-5345|3775;-5327|3675;-5202|2992;-5135|2661;-5156|1827;-5227|1618;-5475|1448;-5553";3759,9032278453
"Khabarovsk28";"Rostov - Tsaritsyn - Samara - Omsk - Novosibirsk - ID31 - Irkustk - ID32 - ID33 - ID34 - ID44 - ID35 - ID36 - Khabarovsk";"1448;-5553|1618;-5475|1827;-5227|2661;-5156|2992;-5135|3675;-5202|3775;-5327|4263;-5345|4361;-5198|4496;-5185|4616;-5246|4635;-5322|4789;-5479|4895;-5447";3870,62811213063
"Khabarovsk29";"Khabarovsk - ID36 - ID35 - ID44 - ID34 - ID33 - ID32 - Irkustk - ID31 - Novosibirsk - Omsk - Samara - Tsaritsyn - Rostov";"4895;-5447|4789;-5479|4635;-5322|4616;-5246|4496;-5185|4361;-5198|4263;-5345|3775;-5327|3675;-5202|2992;-5135|2661;-5156|1827;-5227|1618;-5475|1448;-5553";3870,62811213063
"ID3828";"Rostov - Tsaritsyn - Samara - Omsk - Novosibirsk - ID31 - Irkustk - ID32 - ID33 - ID34 - ID44 - ID35 - ID36 - Khabarovsk - ID38";"1448;-5553|1618;-5475|1827;-5227|2661;-5156|2992;-5135|3675;-5202|3775;-5327|4263;-5345|4361;-5198|4496;-5185|4616;-5246|4635;-5322|4789;-5479|4895;-5447|4953;-5523";3966,23145935237
"ID3829";"ID38 - Khabarovsk - ID36 - ID35 - ID44 - ID34 - ID33 - ID32 - Irkustk - ID31 - Novosibirsk - Omsk - Samara - Tsaritsyn - Rostov";"4953;-5523|4895;-5447|4789;-5479|4635;-5322|4616;-5246|4496;-5185|4361;-5198|4263;-5345|3775;-5327|3675;-5202|2992;-5135|2661;-5156|1827;-5227|1618;-5475|1448;-5553";3966,23145935237
"Vladivostok28";"Rostov - Tsaritsyn - Samara - Omsk - Novosibirsk - ID31 - Irkustk - ID32 - ID33 - ID34 - ID44 - ID35 - ID36 - Khabarovsk - ID38 - Vladivostok";"1448;-5553|1618;-5475|1827;-5227|2661;-5156|2992;-5135|3675;-5202|3775;-5327|4263;-5345|4361;-5198|4496;-5185|4616;-5246|4635;-5322|4789;-5479|4895;-5447|4953;-5523|4843;-5751";4219,37963730354
"Vladivostok29";"Vladivostok - ID38 - Khabarovsk - ID36 - ID35 - ID44 - ID34 - ID33 - ID32 - Irkustk - ID31 - Novosibirsk - Omsk - Samara - Tsaritsyn - Rostov";"4843;-5751|4953;-5523|4895;-5447|4789;-5479|4635;-5322|4616;-5246|4496;-5185|4361;-5198|4263;-5345|3775;-5327|3675;-5202|2992;-5135|2661;-5156|1827;-5227|1618;-5475|1448;-5553";4219,37963730354
"ID4028";"Rostov - ID17 - ID18 - Kazan - Perm - ID40";"1448;-5553|1485;-5272|1650;-5185|1784;-5076|2111;-4978|2446;-4971";1319,13330112584
"ID4029";"ID40 - Perm - Kazan - ID18 - ID17 - Rostov";"2446;-4971|2111;-4978|1784;-5076|1650;-5185|1485;-5272|1448;-5553";1319,13330112584
"ID4128";"Rostov - ID17 - ID18 - Kazan - Perm - ID40 - ID41";"1448;-5553|1485;-5272|1650;-5185|1784;-5076|2111;-4978|2446;-4971|2583;-5016";1463,33454938674
"ID4129";"ID41 - ID40 - Perm - Kazan - ID18 - ID17 - Rostov";"2583;-5016|2446;-4971|2111;-4978|1784;-5076|1650;-5185|1485;-5272|1448;-5553";1463,33454938674
"ID4228";"Rostov - ID17 - Moscou - ID3 - Petrograd - ID42";"1448;-5553|1485;-5272|1352;-5056|1209;-4843|1089;-4834|1006;-4742";1037,88307779376
"ID4229";"ID42 - Petrograd - ID3 - Moscou - ID17 - Rostov";"1006;-4742|1089;-4834|1209;-4843|1352;-5056|1485;-5272|1448;-5553";1037,88307779376
"ID4328";"Rostov - Kharkov - Kiev - Minsk - Riga - ID43";"1448;-5553|1284;-5427|1131;-5381|1016;-5187|890;-5014|1033;-4904";986,537654917178
"ID4329";"ID43 - Riga - Minsk - Kiev - Kharkov - Rostov";"1033;-4904|890;-5014|1016;-5187|1131;-5381|1284;-5427|1448;-5553";986,537654917178
"ID4428";"Rostov - Tsaritsyn - Samara - Omsk - Novosibirsk - ID31 - Irkustk - ID32 - ID33 - ID34 - ID44";"1448;-5553|1618;-5475|1827;-5227|2661;-5156|2992;-5135|3675;-5202|3775;-5327|4263;-5345|4361;-5198|4496;-5185|4616;-5246";3461,64378079894
"ID4429";"ID44 - ID34 - ID33 - ID32 - Irkustk - ID31 - Novosibirsk - Omsk - Samara - Tsaritsyn - Rostov";"4616;-5246|4496;-5185|4361;-5198|4263;-5345|3775;-5327|3675;-5202|2992;-5135|2661;-5156|1827;-5227|1618;-5475|1448;-5553";3461,64378079894
"ID1730";"Tsaritsyn - ID17";"1618;-5475|1485;-5272";242,689101527036
"ID1731";"ID17 - Tsaritsyn";"1485;-5272|1618;-5475";242,689101527036
"ID1830";"Tsaritsyn - ID17 - ID18";"1618;-5475|1485;-5272|1650;-5185";429,220600207554
"ID1831";"ID18 - ID17 - Tsaritsyn";"1650;-5185|1485;-5272|1618;-5475";429,220600207554
"Kazan30";"Tsaritsyn - ID17 - ID18 - Kazan";"1618;-5475|1485;-5272|1650;-5185|1784;-5076";601,954499601969
"Kazan31";"Kazan - ID18 - ID17 - Tsaritsyn";"1784;-5076|1650;-5185|1485;-5272|1618;-5475";601,954499601969
"Samara30";"Tsaritsyn - Samara";"1618;-5475|1827;-5227";324,32237048961
"Samara31";"Samara - Tsaritsyn";"1827;-5227|1618;-5475";324,32237048961
"Tbilissi30";"Tsaritsyn - Tbilissi";"1618;-5475|1514;-5675";225,424044857686
"Tbilissi31";"Tbilissi - Tsaritsyn";"1514;-5675|1618;-5475";225,424044857686
"Erevan30";"Tsaritsyn - Tbilissi - Erevan";"1618;-5475|1514;-5675|1529;-5820";371,197842228818
"Erevan31";"Erevan - Tbilissi - Tsaritsyn";"1529;-5820|1514;-5675|1618;-5475";371,197842228818
"Bakou30";"Tsaritsyn - Tbilissi - Bakou";"1618;-5475|1514;-5675|1710;-5819";468,63588667465
"Bakou31";"Bakou - Tbilissi - Tsaritsyn";"1710;-5819|1514;-5675|1618;-5475";468,63588667465
"ID2430";"Tsaritsyn - Samara - ID24";"1618;-5475|1827;-5227|2263;-5525";852,432207550046
"ID2431";"ID24 - Samara - Tsaritsyn";"2263;-5525|1827;-5227|1618;-5475";852,432207550046
"Tashkent30";"Tsaritsyn - Samara - ID24 - Tashkent";"1618;-5475|1827;-5227|2263;-5525|2469;-5875";1258,555341587
"Tashkent31";"Tashkent - ID24 - Samara - Tsaritsyn";"2469;-5875|2263;-5525|1827;-5227|1618;-5475";1258,555341587
"Perm30";"Tsaritsyn - ID17 - ID18 - Kazan - Perm";"1618;-5475|1485;-5272|1650;-5185|1784;-5076|2111;-4978";943,323801092305
"Perm31";"Perm - Kazan - ID18 - ID17 - Tsaritsyn";"2111;-4978|1784;-5076|1650;-5185|1485;-5272|1618;-5475";943,323801092305
"Yekaterin...30";"Tsaritsyn - ID17 - ID18 - Kazan - Perm - Yekaterin...";"1618;-5475|1485;-5272|1650;-5185|1784;-5076|2111;-4978|2238;-5034";1082,12221606885
"Yekaterin...31";"Yekaterin... - Perm - Kazan - ID18 - ID17 - Tsaritsyn";"2238;-5034|2111;-4978|1784;-5076|1650;-5185|1485;-5272|1618;-5475";1082,12221606885
"Omsk30";"Tsaritsyn - Samara - Omsk";"1618;-5475|1827;-5227|2661;-5156";1161,33909672631
"Omsk31";"Omsk - Samara - Tsaritsyn";"2661;-5156|1827;-5227|1618;-5475";1161,33909672631
"Novosibirsk30";"Tsaritsyn - Samara - Omsk - Novosibirsk";"1618;-5475|1827;-5227|2661;-5156|2992;-5135";1493,00459086159
"Novosibirsk31";"Novosibirsk - Omsk - Samara - Tsaritsyn";"2992;-5135|2661;-5156|1827;-5227|1618;-5475";1493,00459086159
"Irkustk30";"Tsaritsyn - Samara - Omsk - Novosibirsk - ID31 - Irkustk";"1618;-5475|1827;-5227|2661;-5156|2992;-5135|3675;-5202|3775;-5327";2339,36106597423
"Irkustk31";"Irkustk - ID31 - Novosibirsk - Omsk - Samara - Tsaritsyn";"3775;-5327|3675;-5202|2992;-5135|2661;-5156|1827;-5227|1618;-5475";2339,36106597423
"ID3131";"Tsaritsyn - Samara - Omsk - Novosibirsk - ID31";"1618;-5475|1827;-5227|2661;-5156|2992;-5135|3675;-5202";2179,28296003841
"ID3132";"ID31 - Novosibirsk - Omsk - Samara - Tsaritsyn";"3675;-5202|2992;-5135|2661;-5156|1827;-5227|1618;-5475";2179,28296003841
"ID3230";"Tsaritsyn - Samara - Omsk - Novosibirsk - ID31 - Irkustk - ID32";"1618;-5475|1827;-5227|2661;-5156|2992;-5135|3675;-5202|3775;-5327|4263;-5345";2827,69292035197
"ID3231";"ID32 - Irkustk - ID31 - Novosibirsk - Omsk - Samara - Tsaritsyn";"4263;-5345|3775;-5327|3675;-5202|2992;-5135|2661;-5156|1827;-5227|1618;-5475";2827,69292035197
"ID3330";"Tsaritsyn - Samara - Omsk - Novosibirsk - ID31 - Irkustk - ID32 - ID33";"1618;-5475|1827;-5227|2661;-5156|2992;-5135|3675;-5202|3775;-5327|4263;-5345|4361;-5198";3004,36493284971
"ID3331";"ID33 - ID32 - Irkustk - ID31 - Novosibirsk - Omsk - Samara - Tsaritsyn";"4361;-5198|4263;-5345|3775;-5327|3675;-5202|2992;-5135|2661;-5156|1827;-5227|1618;-5475";3004,36493284971
"ID3430";"Tsaritsyn - Samara - Omsk - Novosibirsk - ID31 - Irkustk - ID32 - ID33 - ID34";"1618;-5475|1827;-5227|2661;-5156|2992;-5135|3675;-5202|3775;-5327|4263;-5345|4361;-5198|4496;-5185";3139,98941441554
"ID3431";"ID34 - ID33 - ID32 - Irkustk - ID31 - Novosibirsk - Omsk - Samara - Tsaritsyn";"4496;-5185|4361;-5198|4263;-5345|3775;-5327|3675;-5202|2992;-5135|2661;-5156|1827;-5227|1618;-5475";3139,98941441554
"ID3530";"Tsaritsyn - Samara - Omsk - Novosibirsk - ID31 - Irkustk - ID32 - ID33 - ID34 - ID44 - ID35";"1618;-5475|1827;-5227|2661;-5156|2992;-5135|3675;-5202|3775;-5327|4263;-5345|4361;-5198|4496;-5185|4616;-5246|4635;-5322";3352,94268503387
"ID3531";"ID35 - ID44 - ID34 - ID33 - ID32 - Irkustk - ID31 - Novosibirsk - Omsk - Samara - Tsaritsyn";"4635;-5322|4616;-5246|4496;-5185|4361;-5198|4263;-5345|3775;-5327|3675;-5202|2992;-5135|2661;-5156|1827;-5227|1618;-5475";3352,94268503387
"ID3630";"Tsaritsyn - Samara - Omsk - Novosibirsk - ID31 - Irkustk - ID32 - ID33 - ID34 - ID44 - ID35 - ID36";"1618;-5475|1827;-5227|2661;-5156|2992;-5135|3675;-5202|3775;-5327|4263;-5345|4361;-5198|4496;-5185|4616;-5246|4635;-5322|4789;-5479";3572,86312519349
"ID3631";"ID36 - ID35 - ID44 - ID34 - ID33 - ID32 - Irkustk - ID31 - Novosibirsk - Omsk - Samara - Tsaritsyn";"4789;-5479|4635;-5322|4616;-5246|4496;-5185|4361;-5198|4263;-5345|3775;-5327|3675;-5202|2992;-5135|2661;-5156|1827;-5227|1618;-5475";3572,86312519349
"Khabarovsk30";"Tsaritsyn - Samara - Omsk - Novosibirsk - ID31 - Irkustk - ID32 - ID33 - ID34 - ID44 - ID35 - ID36 - Khabarovsk";"1618;-5475|1827;-5227|2661;-5156|2992;-5135|3675;-5202|3775;-5327|4263;-5345|4361;-5198|4496;-5185|4616;-5246|4635;-5322|4789;-5479|4895;-5447";3683,58800947882
"Khabarovsk31";"Khabarovsk - ID36 - ID35 - ID44 - ID34 - ID33 - ID32 - Irkustk - ID31 - Novosibirsk - Omsk - Samara - Tsaritsyn";"4895;-5447|4789;-5479|4635;-5322|4616;-5246|4496;-5185|4361;-5198|4263;-5345|3775;-5327|3675;-5202|2992;-5135|2661;-5156|1827;-5227|1618;-5475";3683,58800947882
"ID3830";"Tsaritsyn - Samara - Omsk - Novosibirsk - ID31 - Irkustk - ID32 - ID33 - ID34 - ID44 - ID35 - ID36 - Khabarovsk - ID38";"1618;-5475|1827;-5227|2661;-5156|2992;-5135|3675;-5202|3775;-5327|4263;-5345|4361;-5198|4496;-5185|4616;-5246|4635;-5322|4789;-5479|4895;-5447|4953;-5523";3779,19135670055
"ID3831";"ID38 - Khabarovsk - ID36 - ID35 - ID44 - ID34 - ID33 - ID32 - Irkustk - ID31 - Novosibirsk - Omsk - Samara - Tsaritsyn";"4953;-5523|4895;-5447|4789;-5479|4635;-5322|4616;-5246|4496;-5185|4361;-5198|4263;-5345|3775;-5327|3675;-5202|2992;-5135|2661;-5156|1827;-5227|1618;-5475";3779,19135670055
"Vladivostok30";"Tsaritsyn - Samara - Omsk - Novosibirsk - ID31 - Irkustk - ID32 - ID33 - ID34 - ID44 - ID35 - ID36 - Khabarovsk - ID38 - Vladivostok";"1618;-5475|1827;-5227|2661;-5156|2992;-5135|3675;-5202|3775;-5327|4263;-5345|4361;-5198|4496;-5185|4616;-5246|4635;-5322|4789;-5479|4895;-5447|4953;-5523|4843;-5751";4032,33953465173
"Vladivostok31";"Vladivostok - ID38 - Khabarovsk - ID36 - ID35 - ID44 - ID34 - ID33 - ID32 - Irkustk - ID31 - Novosibirsk - Omsk - Samara - Tsaritsyn";"4843;-5751|4953;-5523|4895;-5447|4789;-5479|4635;-5322|4616;-5246|4496;-5185|4361;-5198|4263;-5345|3775;-5327|3675;-5202|2992;-5135|2661;-5156|1827;-5227|1618;-5475";4032,33953465173
"ID4030";"Tsaritsyn - ID17 - ID18 - Kazan - Perm - ID40";"1618;-5475|1485;-5272|1650;-5185|1784;-5076|2111;-4978|2446;-4971";1278,39692743938
"ID4031";"ID40 - Perm - Kazan - ID18 - ID17 - Tsaritsyn";"2446;-4971|2111;-4978|1784;-5076|1650;-5185|1485;-5272|1618;-5475";1278,39692743938
"ID4130";"Tsaritsyn - Samara - Omsk - ID41";"1618;-5475|1827;-5227|2661;-5156|2583;-5016";1321,60138174683
"ID4131";"ID41 - Omsk - Samara - Tsaritsyn";"2583;-5016|2661;-5156|1827;-5227|1618;-5475";1321,60138174683
"ID4230";"Tsaritsyn - ID17 - Moscou - ID3 - Petrograd - ID42";"1618;-5475|1485;-5272|1352;-5056|1209;-4843|1089;-4834|1006;-4742";997,146704107298
"ID4231";"ID42 - Petrograd - ID3 - Moscou - ID17 - Tsaritsyn";"1006;-4742|1089;-4834|1209;-4843|1352;-5056|1485;-5272|1618;-5475";997,146704107298
"ID4330";"Tsaritsyn - ID17 - Moscou - ID3 - Petrograd - ID43";"1618;-5475|1485;-5272|1352;-5056|1209;-4843|1089;-4834|1033;-4904";962,883220074525
"ID4331";"ID43 - Petrograd - ID3 - Moscou - ID17 - Tsaritsyn";"1033;-4904|1089;-4834|1209;-4843|1352;-5056|1485;-5272|1618;-5475";962,883220074525
"ID4430";"Tsaritsyn - Samara - Omsk - Novosibirsk - ID31 - Irkustk - ID32 - ID33 - ID34 - ID44";"1618;-5475|1827;-5227|2661;-5156|2992;-5135|3675;-5202|3775;-5327|4263;-5345|4361;-5198|4496;-5185|4616;-5246";3274,60367814713
"ID4431";"ID44 - ID34 - ID33 - ID32 - Irkustk - ID31 - Novosibirsk - Omsk - Samara - Tsaritsyn";"4616;-5246|4496;-5185|4361;-5198|4263;-5345|3775;-5327|3675;-5202|2992;-5135|2661;-5156|1827;-5227|1618;-5475";3274,60367814713
"ID1832";"ID17 - ID18";"1485;-5272|1650;-5185";186,531498680518
"ID1833";"ID18 - ID17";"1650;-5185|1485;-5272";186,531498680518
"Kazan32";"ID17 - ID18 - Kazan";"1485;-5272|1650;-5185|1784;-5076";359,265398074933
"Kazan33";"Kazan - ID18 - ID17";"1784;-5076|1650;-5185|1485;-5272";359,265398074933
"Samara32";"ID17 - ID18 - Samara";"1485;-5272|1650;-5185|1827;-5227";368,446313910064
"Samara33";"Samara - ID18 - ID17";"1827;-5227|1650;-5185|1485;-5272";368,446313910064
"Tbilissi32";"ID17 - Tsaritsyn - Tbilissi";"1485;-5272|1618;-5475|1514;-5675";468,113146384722
"Tbilissi33";"Tbilissi - Tsaritsyn - ID17";"1514;-5675|1618;-5475|1485;-5272";468,113146384722
"Erevan32";"ID17 - Tsaritsyn - Tbilissi - Erevan";"1485;-5272|1618;-5475|1514;-5675|1529;-5820";613,886943755854
"Erevan33";"Erevan - Tbilissi - Tsaritsyn - ID17";"1529;-5820|1514;-5675|1618;-5475|1485;-5272";613,886943755854
"Bakou32";"ID17 - Tsaritsyn - Tbilissi - Bakou";"1485;-5272|1618;-5475|1514;-5675|1710;-5819";711,324988201686
"Bakou33";"Bakou - Tbilissi - Tsaritsyn - ID17";"1710;-5819|1514;-5675|1618;-5475|1485;-5272";711,324988201686
"ID2432";"ID17 - ID18 - Samara - ID24";"1485;-5272|1650;-5185|1827;-5227|2263;-5525";896,5561509705
"ID2433";"ID24 - Samara - ID18 - ID17";"2263;-5525|1827;-5227|1650;-5185|1485;-5272";896,5561509705
"Tashkent32";"ID17 - ID18 - Samara - ID24 - Tashkent";"1485;-5272|1650;-5185|1827;-5227|2263;-5525|2469;-5875";1302,67928500746
"Tashkent33";"Tashkent - ID24 - Samara - ID18 - ID17";"2469;-5875|2263;-5525|1827;-5227|1650;-5185|1485;-5272";1302,67928500746
"Perm32";"ID17 - ID18 - Kazan - Perm";"1485;-5272|1650;-5185|1784;-5076|2111;-4978";700,634699565269
"Perm33";"Perm - Kazan - ID18 - ID17";"2111;-4978|1784;-5076|1650;-5185|1485;-5272";700,634699565269
"Yekaterin...32";"ID17 - ID18 - Kazan - Perm - Yekaterin...";"1485;-5272|1650;-5185|1784;-5076|2111;-4978|2238;-5034";839,43311454181
"Yekaterin...33";"Yekaterin... - Perm - Kazan - ID18 - ID17";"2238;-5034|2111;-4978|1784;-5076|1650;-5185|1485;-5272";839,43311454181
"Omsk32";"ID17 - ID18 - Samara - Omsk";"1485;-5272|1650;-5185|1827;-5227|2661;-5156";1205,46304014676
"Omsk33";"Omsk - Samara - ID18 - ID17";"2661;-5156|1827;-5227|1650;-5185|1485;-5272";1205,46304014676
"Novosibirsk32";"ID17 - ID18 - Samara - Omsk - Novosibirsk";"1485;-5272|1650;-5185|1827;-5227|2661;-5156|2992;-5135";1537,12853428204
"Novosibirsk33";"Novosibirsk - Omsk - Samara - ID18 - ID17";"2992;-5135|2661;-5156|1827;-5227|1650;-5185|1485;-5272";1537,12853428204
"Irkustk32";"ID17 - ID18 - Samara - Omsk - Novosibirsk - ID31 - Irkustk";"1485;-5272|1650;-5185|1827;-5227|2661;-5156|2992;-5135|3675;-5202|3775;-5327";2383,48500939469
"Irkustk33";"Irkustk - ID31 - Novosibirsk - Omsk - Samara - ID18 - ID17";"3775;-5327|3675;-5202|2992;-5135|2661;-5156|1827;-5227|1650;-5185|1485;-5272";2383,48500939469
"ID3133";"ID17 - ID18 - Samara - Omsk - Novosibirsk - ID31";"1485;-5272|1650;-5185|1827;-5227|2661;-5156|2992;-5135|3675;-5202";2223,40690345887
"ID3134";"ID31 - Novosibirsk - Omsk - Samara - ID18 - ID17";"3675;-5202|2992;-5135|2661;-5156|1827;-5227|1650;-5185|1485;-5272";2223,40690345887
"ID3232";"ID17 - ID18 - Samara - Omsk - Novosibirsk - ID31 - Irkustk - ID32";"1485;-5272|1650;-5185|1827;-5227|2661;-5156|2992;-5135|3675;-5202|3775;-5327|4263;-5345";2871,81686377243
"ID3233";"ID32 - Irkustk - ID31 - Novosibirsk - Omsk - Samara - ID18 - ID17";"4263;-5345|3775;-5327|3675;-5202|2992;-5135|2661;-5156|1827;-5227|1650;-5185|1485;-5272";2871,81686377243
"ID3332";"ID17 - ID18 - Samara - Omsk - Novosibirsk - ID31 - Irkustk - ID32 - ID33";"1485;-5272|1650;-5185|1827;-5227|2661;-5156|2992;-5135|3675;-5202|3775;-5327|4263;-5345|4361;-5198";3048,48887627016
"ID3333";"ID33 - ID32 - Irkustk - ID31 - Novosibirsk - Omsk - Samara - ID18 - ID17";"4361;-5198|4263;-5345|3775;-5327|3675;-5202|2992;-5135|2661;-5156|1827;-5227|1650;-5185|1485;-5272";3048,48887627016
"ID3432";"ID17 - ID18 - Samara - Omsk - Novosibirsk - ID31 - Irkustk - ID32 - ID33 - ID34";"1485;-5272|1650;-5185|1827;-5227|2661;-5156|2992;-5135|3675;-5202|3775;-5327|4263;-5345|4361;-5198|4496;-5185";3184,11335783599
"ID3433";"ID34 - ID33 - ID32 - Irkustk - ID31 - Novosibirsk - Omsk - Samara - ID18 - ID17";"4496;-5185|4361;-5198|4263;-5345|3775;-5327|3675;-5202|2992;-5135|2661;-5156|1827;-5227|1650;-5185|1485;-5272";3184,11335783599
"ID3532";"ID17 - ID18 - Samara - Omsk - Novosibirsk - ID31 - Irkustk - ID32 - ID33 - ID34 - ID44 - ID35";"1485;-5272|1650;-5185|1827;-5227|2661;-5156|2992;-5135|3675;-5202|3775;-5327|4263;-5345|4361;-5198|4496;-5185|4616;-5246|4635;-5322";3397,06662845432
"ID3533";"ID35 - ID44 - ID34 - ID33 - ID32 - Irkustk - ID31 - Novosibirsk - Omsk - Samara - ID18 - ID17";"4635;-5322|4616;-5246|4496;-5185|4361;-5198|4263;-5345|3775;-5327|3675;-5202|2992;-5135|2661;-5156|1827;-5227|1650;-5185|1485;-5272";3397,06662845432
"ID3632";"ID17 - ID18 - Samara - Omsk - Novosibirsk - ID31 - Irkustk - ID32 - ID33 - ID34 - ID44 - ID35 - ID36";"1485;-5272|1650;-5185|1827;-5227|2661;-5156|2992;-5135|3675;-5202|3775;-5327|4263;-5345|4361;-5198|4496;-5185|4616;-5246|4635;-5322|4789;-5479";3616,98706861394
"ID3633";"ID36 - ID35 - ID44 - ID34 - ID33 - ID32 - Irkustk - ID31 - Novosibirsk - Omsk - Samara - ID18 - ID17";"4789;-5479|4635;-5322|4616;-5246|4496;-5185|4361;-5198|4263;-5345|3775;-5327|3675;-5202|2992;-5135|2661;-5156|1827;-5227|1650;-5185|1485;-5272";3616,98706861394
"Khabarovsk32";"ID17 - ID18 - Samara - Omsk - Novosibirsk - ID31 - Irkustk - ID32 - ID33 - ID34 - ID44 - ID35 - ID36 - Khabarovsk";"1485;-5272|1650;-5185|1827;-5227|2661;-5156|2992;-5135|3675;-5202|3775;-5327|4263;-5345|4361;-5198|4496;-5185|4616;-5246|4635;-5322|4789;-5479|4895;-5447";3727,71195289927
"Khabarovsk33";"Khabarovsk - ID36 - ID35 - ID44 - ID34 - ID33 - ID32 - Irkustk - ID31 - Novosibirsk - Omsk - Samara - ID18 - ID17";"4895;-5447|4789;-5479|4635;-5322|4616;-5246|4496;-5185|4361;-5198|4263;-5345|3775;-5327|3675;-5202|2992;-5135|2661;-5156|1827;-5227|1650;-5185|1485;-5272";3727,71195289927
"ID3832";"ID17 - ID18 - Samara - Omsk - Novosibirsk - ID31 - Irkustk - ID32 - ID33 - ID34 - ID44 - ID35 - ID36 - Khabarovsk - ID38";"1485;-5272|1650;-5185|1827;-5227|2661;-5156|2992;-5135|3675;-5202|3775;-5327|4263;-5345|4361;-5198|4496;-5185|4616;-5246|4635;-5322|4789;-5479|4895;-5447|4953;-5523";3823,31530012101
"ID3833";"ID38 - Khabarovsk - ID36 - ID35 - ID44 - ID34 - ID33 - ID32 - Irkustk - ID31 - Novosibirsk - Omsk - Samara - ID18 - ID17";"4953;-5523|4895;-5447|4789;-5479|4635;-5322|4616;-5246|4496;-5185|4361;-5198|4263;-5345|3775;-5327|3675;-5202|2992;-5135|2661;-5156|1827;-5227|1650;-5185|1485;-5272";3823,31530012101
"Vladivostok32";"ID17 - ID18 - Samara - Omsk - Novosibirsk - ID31 - Irkustk - ID32 - ID33 - ID34 - ID44 - ID35 - ID36 - Khabarovsk - ID38 - Vladivostok";"1485;-5272|1650;-5185|1827;-5227|2661;-5156|2992;-5135|3675;-5202|3775;-5327|4263;-5345|4361;-5198|4496;-5185|4616;-5246|4635;-5322|4789;-5479|4895;-5447|4953;-5523|4843;-5751";4076,46347807218
"Vladivostok33";"Vladivostok - ID38 - Khabarovsk - ID36 - ID35 - ID44 - ID34 - ID33 - ID32 - Irkustk - ID31 - Novosibirsk - Omsk - Samara - ID18 - ID17";"4843;-5751|4953;-5523|4895;-5447|4789;-5479|4635;-5322|4616;-5246|4496;-5185|4361;-5198|4263;-5345|3775;-5327|3675;-5202|2992;-5135|2661;-5156|1827;-5227|1650;-5185|1485;-5272";4076,46347807218
"ID4032";"ID17 - ID18 - Kazan - Perm - ID40";"1485;-5272|1650;-5185|1784;-5076|2111;-4978|2446;-4971";1035,70782591234
"ID4033";"ID40 - Perm - Kazan - ID18 - ID17";"2446;-4971|2111;-4978|1784;-5076|1650;-5185|1485;-5272";1035,70782591234
"ID4132";"ID17 - ID18 - Kazan - Perm - ID40 - ID41";"1485;-5272|1650;-5185|1784;-5076|2111;-4978|2446;-4971|2583;-5016";1179,90907417323
"ID4133";"ID41 - ID40 - Perm - Kazan - ID18 - ID17";"2583;-5016|2446;-4971|2111;-4978|1784;-5076|1650;-5185|1485;-5272";1179,90907417323
"ID4232";"ID17 - Moscou - ID3 - Petrograd - ID42";"1485;-5272|1352;-5056|1209;-4843|1089;-4834|1006;-4742";754,457602580262
"ID4233";"ID42 - Petrograd - ID3 - Moscou - ID17";"1006;-4742|1089;-4834|1209;-4843|1352;-5056|1485;-5272";754,457602580262
"ID4332";"ID17 - Moscou - ID3 - Petrograd - ID43";"1485;-5272|1352;-5056|1209;-4843|1089;-4834|1033;-4904";720,194118547489
"ID4333";"ID43 - Petrograd - ID3 - Moscou - ID17";"1033;-4904|1089;-4834|1209;-4843|1352;-5056|1485;-5272";720,194118547489
"ID4432";"ID17 - ID18 - Samara - Omsk - Novosibirsk - ID31 - Irkustk - ID32 - ID33 - ID34 - ID44";"1485;-5272|1650;-5185|1827;-5227|2661;-5156|2992;-5135|3675;-5202|3775;-5327|4263;-5345|4361;-5198|4496;-5185|4616;-5246";3318,72762156759
"ID4433";"ID44 - ID34 - ID33 - ID32 - Irkustk - ID31 - Novosibirsk - Omsk - Samara - ID18 - ID17";"4616;-5246|4496;-5185|4361;-5198|4263;-5345|3775;-5327|3675;-5202|2992;-5135|2661;-5156|1827;-5227|1650;-5185|1485;-5272";3318,72762156759
"Kazan34";"ID18 - Kazan";"1650;-5185|1784;-5076";172,733899394415
"Kazan35";"Kazan - ID18";"1784;-5076|1650;-5185";172,733899394415
"Samara34";"ID18 - Samara";"1650;-5185|1827;-5227";181,914815229546
"Samara35";"Samara - ID18";"1827;-5227|1650;-5185";181,914815229546
"Tbilissi34";"ID18 - ID17 - Tsaritsyn - Tbilissi";"1650;-5185|1485;-5272|1618;-5475|1514;-5675";654,64464506524
"Tbilissi35";"Tbilissi - Tsaritsyn - ID17 - ID18";"1514;-5675|1618;-5475|1485;-5272|1650;-5185";654,64464506524
"Erevan34";"ID18 - ID17 - Tsaritsyn - Tbilissi - Erevan";"1650;-5185|1485;-5272|1618;-5475|1514;-5675|1529;-5820";800,418442436372
"Erevan35";"Erevan - Tbilissi - Tsaritsyn - ID17 - ID18";"1529;-5820|1514;-5675|1618;-5475|1485;-5272|1650;-5185";800,418442436372
"Bakou34";"ID18 - ID17 - Tsaritsyn - Tbilissi - Bakou";"1650;-5185|1485;-5272|1618;-5475|1514;-5675|1710;-5819";897,856486882204
"Bakou35";"Bakou - Tbilissi - Tsaritsyn - ID17 - ID18";"1710;-5819|1514;-5675|1618;-5475|1485;-5272|1650;-5185";897,856486882204
"ID2434";"ID18 - Samara - ID24";"1650;-5185|1827;-5227|2263;-5525";710,024652289982
"ID2435";"ID24 - Samara - ID18";"2263;-5525|1827;-5227|1650;-5185";710,024652289982
"Tashkent34";"ID18 - Samara - ID24 - Tashkent";"1650;-5185|1827;-5227|2263;-5525|2469;-5875";1116,14778632694
"Tashkent35";"Tashkent - ID24 - Samara - ID18";"2469;-5875|2263;-5525|1827;-5227|1650;-5185";1116,14778632694
"Perm34";"ID18 - Kazan - Perm";"1650;-5185|1784;-5076|2111;-4978";514,103200884751
"Perm35";"Perm - Kazan - ID18";"2111;-4978|1784;-5076|1650;-5185";514,103200884751
"Yekaterin...34";"ID18 - Kazan - Perm - Yekaterin...";"1650;-5185|1784;-5076|2111;-4978|2238;-5034";652,901615861292
"Yekaterin...35";"Yekaterin... - Perm - Kazan - ID18";"2238;-5034|2111;-4978|1784;-5076|1650;-5185";652,901615861292
"Omsk34";"ID18 - Samara - Omsk";"1650;-5185|1827;-5227|2661;-5156";1018,93154146624
"Omsk35";"Omsk - Samara - ID18";"2661;-5156|1827;-5227|1650;-5185";1018,93154146624
"Novosibirsk34";"ID18 - Samara - Omsk - Novosibirsk";"1650;-5185|1827;-5227|2661;-5156|2992;-5135";1350,59703560153
"Novosibirsk35";"Novosibirsk - Omsk - Samara - ID18";"2992;-5135|2661;-5156|1827;-5227|1650;-5185";1350,59703560153
"Irkustk34";"ID18 - Samara - Omsk - Novosibirsk - ID31 - Irkustk";"1650;-5185|1827;-5227|2661;-5156|2992;-5135|3675;-5202|3775;-5327";2196,95351071417
"Irkustk35";"Irkustk - ID31 - Novosibirsk - Omsk - Samara - ID18";"3775;-5327|3675;-5202|2992;-5135|2661;-5156|1827;-5227|1650;-5185";2196,95351071417
"ID3135";"ID18 - Samara - Omsk - Novosibirsk - ID31";"1650;-5185|1827;-5227|2661;-5156|2992;-5135|3675;-5202";2036,87540477835
"ID3136";"ID31 - Novosibirsk - Omsk - Samara - ID18";"3675;-5202|2992;-5135|2661;-5156|1827;-5227|1650;-5185";2036,87540477835
"ID3234";"ID18 - Samara - Omsk - Novosibirsk - ID31 - Irkustk - ID32";"1650;-5185|1827;-5227|2661;-5156|2992;-5135|3675;-5202|3775;-5327|4263;-5345";2685,28536509191
"ID3235";"ID32 - Irkustk - ID31 - Novosibirsk - Omsk - Samara - ID18";"4263;-5345|3775;-5327|3675;-5202|2992;-5135|2661;-5156|1827;-5227|1650;-5185";2685,28536509191
"ID3334";"ID18 - Samara - Omsk - Novosibirsk - ID31 - Irkustk - ID32 - ID33";"1650;-5185|1827;-5227|2661;-5156|2992;-5135|3675;-5202|3775;-5327|4263;-5345|4361;-5198";2861,95737758964
"ID3335";"ID33 - ID32 - Irkustk - ID31 - Novosibirsk - Omsk - Samara - ID18";"4361;-5198|4263;-5345|3775;-5327|3675;-5202|2992;-5135|2661;-5156|1827;-5227|1650;-5185";2861,95737758964
"ID3434";"ID18 - Samara - Omsk - Novosibirsk - ID31 - Irkustk - ID32 - ID33 - ID34";"1650;-5185|1827;-5227|2661;-5156|2992;-5135|3675;-5202|3775;-5327|4263;-5345|4361;-5198|4496;-5185";2997,58185915547
"ID3435";"ID34 - ID33 - ID32 - Irkustk - ID31 - Novosibirsk - Omsk - Samara - ID18";"4496;-5185|4361;-5198|4263;-5345|3775;-5327|3675;-5202|2992;-5135|2661;-5156|1827;-5227|1650;-5185";2997,58185915547
"ID3534";"ID18 - Samara - Omsk - Novosibirsk - ID31 - Irkustk - ID32 - ID33 - ID34 - ID44 - ID35";"1650;-5185|1827;-5227|2661;-5156|2992;-5135|3675;-5202|3775;-5327|4263;-5345|4361;-5198|4496;-5185|4616;-5246|4635;-5322";3210,53512977381
"ID3535";"ID35 - ID44 - ID34 - ID33 - ID32 - Irkustk - ID31 - Novosibirsk - Omsk - Samara - ID18";"4635;-5322|4616;-5246|4496;-5185|4361;-5198|4263;-5345|3775;-5327|3675;-5202|2992;-5135|2661;-5156|1827;-5227|1650;-5185";3210,53512977381
"ID3634";"ID18 - Samara - Omsk - Novosibirsk - ID31 - Irkustk - ID32 - ID33 - ID34 - ID44 - ID35 - ID36";"1650;-5185|1827;-5227|2661;-5156|2992;-5135|3675;-5202|3775;-5327|4263;-5345|4361;-5198|4496;-5185|4616;-5246|4635;-5322|4789;-5479";3430,45556993342
"ID3635";"ID36 - ID35 - ID44 - ID34 - ID33 - ID32 - Irkustk - ID31 - Novosibirsk - Omsk - Samara - ID18";"4789;-5479|4635;-5322|4616;-5246|4496;-5185|4361;-5198|4263;-5345|3775;-5327|3675;-5202|2992;-5135|2661;-5156|1827;-5227|1650;-5185";3430,45556993342
"Khabarovsk34";"ID18 - Samara - Omsk - Novosibirsk - ID31 - Irkustk - ID32 - ID33 - ID34 - ID44 - ID35 - ID36 - Khabarovsk";"1650;-5185|1827;-5227|2661;-5156|2992;-5135|3675;-5202|3775;-5327|4263;-5345|4361;-5198|4496;-5185|4616;-5246|4635;-5322|4789;-5479|4895;-5447";3541,18045421875
"Khabarovsk35";"Khabarovsk - ID36 - ID35 - ID44 - ID34 - ID33 - ID32 - Irkustk - ID31 - Novosibirsk - Omsk - Samara - ID18";"4895;-5447|4789;-5479|4635;-5322|4616;-5246|4496;-5185|4361;-5198|4263;-5345|3775;-5327|3675;-5202|2992;-5135|2661;-5156|1827;-5227|1650;-5185";3541,18045421875
"ID3834";"ID18 - Samara - Omsk - Novosibirsk - ID31 - Irkustk - ID32 - ID33 - ID34 - ID44 - ID35 - ID36 - Khabarovsk - ID38";"1650;-5185|1827;-5227|2661;-5156|2992;-5135|3675;-5202|3775;-5327|4263;-5345|4361;-5198|4496;-5185|4616;-5246|4635;-5322|4789;-5479|4895;-5447|4953;-5523";3636,78380144049
"ID3835";"ID38 - Khabarovsk - ID36 - ID35 - ID44 - ID34 - ID33 - ID32 - Irkustk - ID31 - Novosibirsk - Omsk - Samara - ID18";"4953;-5523|4895;-5447|4789;-5479|4635;-5322|4616;-5246|4496;-5185|4361;-5198|4263;-5345|3775;-5327|3675;-5202|2992;-5135|2661;-5156|1827;-5227|1650;-5185";3636,78380144049
"Vladivostok34";"ID18 - Samara - Omsk - Novosibirsk - ID31 - Irkustk - ID32 - ID33 - ID34 - ID44 - ID35 - ID36 - Khabarovsk - ID38 - Vladivostok";"1650;-5185|1827;-5227|2661;-5156|2992;-5135|3675;-5202|3775;-5327|4263;-5345|4361;-5198|4496;-5185|4616;-5246|4635;-5322|4789;-5479|4895;-5447|4953;-5523|4843;-5751";3889,93197939167
"Vladivostok35";"Vladivostok - ID38 - Khabarovsk - ID36 - ID35 - ID44 - ID34 - ID33 - ID32 - Irkustk - ID31 - Novosibirsk - Omsk - Samara - ID18";"4843;-5751|4953;-5523|4895;-5447|4789;-5479|4635;-5322|4616;-5246|4496;-5185|4361;-5198|4263;-5345|3775;-5327|3675;-5202|2992;-5135|2661;-5156|1827;-5227|1650;-5185";3889,93197939167
"ID4034";"ID18 - Kazan - Perm - ID40";"1650;-5185|1784;-5076|2111;-4978|2446;-4971";849,176327231822
"ID4035";"ID40 - Perm - Kazan - ID18";"2446;-4971|2111;-4978|1784;-5076|1650;-5185";849,176327231822
"ID4134";"ID18 - Kazan - Perm - ID40 - ID41";"1650;-5185|1784;-5076|2111;-4978|2446;-4971|2583;-5016";993,377575492716
"ID4135";"ID41 - ID40 - Perm - Kazan - ID18";"2583;-5016|2446;-4971|2111;-4978|1784;-5076|1650;-5185";993,377575492716
"ID4234";"ID18 - Moscou - ID3 - Petrograd - ID42";"1650;-5185|1352;-5056|1209;-4843|1089;-4834|1006;-4742";825,517398942371
"ID4235";"ID42 - Petrograd - ID3 - Moscou - ID18";"1006;-4742|1089;-4834|1209;-4843|1352;-5056|1650;-5185";825,517398942371
"ID4334";"ID18 - Moscou - ID3 - Petrograd - ID43";"1650;-5185|1352;-5056|1209;-4843|1089;-4834|1033;-4904";791,253914909598
"ID4335";"ID43 - Petrograd - ID3 - Moscou - ID18";"1033;-4904|1089;-4834|1209;-4843|1352;-5056|1650;-5185";791,253914909598
"ID4434";"ID18 - Samara - Omsk - Novosibirsk - ID31 - Irkustk - ID32 - ID33 - ID34 - ID44";"1650;-5185|1827;-5227|2661;-5156|2992;-5135|3675;-5202|3775;-5327|4263;-5345|4361;-5198|4496;-5185|4616;-5246";3132,19612288707
"ID4435";"ID44 - ID34 - ID33 - ID32 - Irkustk - ID31 - Novosibirsk - Omsk - Samara - ID18";"4616;-5246|4496;-5185|4361;-5198|4263;-5345|3775;-5327|3675;-5202|2992;-5135|2661;-5156|1827;-5227|1650;-5185";3132,19612288707
"Samara36";"Kazan - ID18 - Samara";"1784;-5076|1650;-5185|1827;-5227";354,648714623962
"Samara37";"Samara - ID18 - Kazan";"1827;-5227|1650;-5185|1784;-5076";354,648714623962
"Tbilissi36";"Kazan - ID18 - ID17 - Tsaritsyn - Tbilissi";"1784;-5076|1650;-5185|1485;-5272|1618;-5475|1514;-5675";827,378544459655
"Tbilissi37";"Tbilissi - Tsaritsyn - ID17 - ID18 - Kazan";"1514;-5675|1618;-5475|1485;-5272|1650;-5185|1784;-5076";827,378544459655
"Erevan36";"Kazan - ID18 - ID17 - Tsaritsyn - Tbilissi - Erevan";"1784;-5076|1650;-5185|1485;-5272|1618;-5475|1514;-5675|1529;-5820";973,152341830788
"Erevan37";"Erevan - Tbilissi - Tsaritsyn - ID17 - ID18 - Kazan";"1529;-5820|1514;-5675|1618;-5475|1485;-5272|1650;-5185|1784;-5076";973,152341830788
"Bakou36";"Kazan - ID18 - ID17 - Tsaritsyn - Tbilissi - Bakou";"1784;-5076|1650;-5185|1485;-5272|1618;-5475|1514;-5675|1710;-5819";1070,59038627662
"Bakou37";"Bakou - Tbilissi - Tsaritsyn - ID17 - ID18 - Kazan";"1710;-5819|1514;-5675|1618;-5475|1485;-5272|1650;-5185|1784;-5076";1070,59038627662
"ID2436";"Kazan - ID18 - Samara - ID24";"1784;-5076|1650;-5185|1827;-5227|2263;-5525";882,758551684398
"ID2437";"ID24 - Samara - ID18 - Kazan";"2263;-5525|1827;-5227|1650;-5185|1784;-5076";882,758551684398
"Tashkent36";"Kazan - ID18 - Samara - ID24 - Tashkent";"1784;-5076|1650;-5185|1827;-5227|2263;-5525|2469;-5875";1288,88168572135
"Tashkent37";"Tashkent - ID24 - Samara - ID18 - Kazan";"2469;-5875|2263;-5525|1827;-5227|1650;-5185|1784;-5076";1288,88168572135
"Perm36";"Kazan - Perm";"1784;-5076|2111;-4978";341,369301490336
"Perm37";"Perm - Kazan";"2111;-4978|1784;-5076";341,369301490336
"Yekaterin...36";"Kazan - Perm - Yekaterin...";"1784;-5076|2111;-4978|2238;-5034";480,167716466877
"Yekaterin...37";"Yekaterin... - Perm - Kazan";"2238;-5034|2111;-4978|1784;-5076";480,167716466877
"Omsk36";"Kazan - Perm - ID40 - ID41 - Omsk";"1784;-5076|2111;-4978|2446;-4971|2583;-5016|2661;-5156";980,905961118826
"Omsk37";"Omsk - ID41 - ID40 - Perm - Kazan";"2661;-5156|2583;-5016|2446;-4971|2111;-4978|1784;-5076";980,905961118826
"Novosibirsk36";"Kazan - Perm - ID40 - ID41 - Omsk - Novosibirsk";"1784;-5076|2111;-4978|2446;-4971|2583;-5016|2661;-5156|2992;-5135";1312,57145525411
"Novosibirsk37";"Novosibirsk - Omsk - ID41 - ID40 - Perm - Kazan";"2992;-5135|2661;-5156|2583;-5016|2446;-4971|2111;-4978|1784;-5076";1312,57145525411
"Irkustk36";"Kazan - Perm - ID40 - ID41 - Omsk - Novosibirsk - ID31 - Irkustk";"1784;-5076|2111;-4978|2446;-4971|2583;-5016|2661;-5156|2992;-5135|3675;-5202|3775;-5327";2158,92793036675
"Irkustk37";"Irkustk - ID31 - Novosibirsk - Omsk - ID41 - ID40 - Perm - Kazan";"3775;-5327|3675;-5202|2992;-5135|2661;-5156|2583;-5016|2446;-4971|2111;-4978|1784;-5076";2158,92793036675
"ID3137";"Kazan - Perm - ID40 - ID41 - Omsk - Novosibirsk - ID31";"1784;-5076|2111;-4978|2446;-4971|2583;-5016|2661;-5156|2992;-5135|3675;-5202";1998,84982443093
"ID3138";"ID31 - Novosibirsk - Omsk - ID41 - ID40 - Perm - Kazan";"3675;-5202|2992;-5135|2661;-5156|2583;-5016|2446;-4971|2111;-4978|1784;-5076";1998,84982443093
"ID3236";"Kazan - Perm - ID40 - ID41 - Omsk - Novosibirsk - ID31 - Irkustk - ID32";"1784;-5076|2111;-4978|2446;-4971|2583;-5016|2661;-5156|2992;-5135|3675;-5202|3775;-5327|4263;-5345";2647,25978474449
"ID3237";"ID32 - Irkustk - ID31 - Novosibirsk - Omsk - ID41 - ID40 - Perm - Kazan";"4263;-5345|3775;-5327|3675;-5202|2992;-5135|2661;-5156|2583;-5016|2446;-4971|2111;-4978|1784;-5076";2647,25978474449
"ID3336";"Kazan - Perm - ID40 - ID41 - Omsk - Novosibirsk - ID31 - Irkustk - ID32 - ID33";"1784;-5076|2111;-4978|2446;-4971|2583;-5016|2661;-5156|2992;-5135|3675;-5202|3775;-5327|4263;-5345|4361;-5198";2823,93179724222
"ID3337";"ID33 - ID32 - Irkustk - ID31 - Novosibirsk - Omsk - ID41 - ID40 - Perm - Kazan";"4361;-5198|4263;-5345|3775;-5327|3675;-5202|2992;-5135|2661;-5156|2583;-5016|2446;-4971|2111;-4978|1784;-5076";2823,93179724222
"ID3436";"Kazan - Perm - ID40 - ID41 - Omsk - Novosibirsk - ID31 - Irkustk - ID32 - ID33 - ID34";"1784;-5076|2111;-4978|2446;-4971|2583;-5016|2661;-5156|2992;-5135|3675;-5202|3775;-5327|4263;-5345|4361;-5198|4496;-5185";2959,55627880805
"ID3437";"ID34 - ID33 - ID32 - Irkustk - ID31 - Novosibirsk - Omsk - ID41 - ID40 - Perm - Kazan";"4496;-5185|4361;-5198|4263;-5345|3775;-5327|3675;-5202|2992;-5135|2661;-5156|2583;-5016|2446;-4971|2111;-4978|1784;-5076";2959,55627880805
"ID3536";"Kazan - Perm - ID40 - ID41 - Omsk - Novosibirsk - ID31 - Irkustk - ID32 - ID33 - ID34 - ID44 - ID35";"1784;-5076|2111;-4978|2446;-4971|2583;-5016|2661;-5156|2992;-5135|3675;-5202|3775;-5327|4263;-5345|4361;-5198|4496;-5185|4616;-5246|4635;-5322";3172,50954942639
"ID3537";"ID35 - ID44 - ID34 - ID33 - ID32 - Irkustk - ID31 - Novosibirsk - Omsk - ID41 - ID40 - Perm - Kazan";"4635;-5322|4616;-5246|4496;-5185|4361;-5198|4263;-5345|3775;-5327|3675;-5202|2992;-5135|2661;-5156|2583;-5016|2446;-4971|2111;-4978|1784;-5076";3172,50954942639
"ID3636";"Kazan - Perm - ID40 - ID41 - Omsk - Novosibirsk - ID31 - Irkustk - ID32 - ID33 - ID34 - ID44 - ID35 - ID36";"1784;-5076|2111;-4978|2446;-4971|2583;-5016|2661;-5156|2992;-5135|3675;-5202|3775;-5327|4263;-5345|4361;-5198|4496;-5185|4616;-5246|4635;-5322|4789;-5479";3392,429989586
"ID3637";"ID36 - ID35 - ID44 - ID34 - ID33 - ID32 - Irkustk - ID31 - Novosibirsk - Omsk - ID41 - ID40 - Perm - Kazan";"4789;-5479|4635;-5322|4616;-5246|4496;-5185|4361;-5198|4263;-5345|3775;-5327|3675;-5202|2992;-5135|2661;-5156|2583;-5016|2446;-4971|2111;-4978|1784;-5076";3392,429989586
"Khabarovsk36";"Kazan - Perm - ID40 - ID41 - Omsk - Novosibirsk - ID31 - Irkustk - ID32 - ID33 - ID34 - ID44 - ID35 - ID36 - Khabarovsk";"1784;-5076|2111;-4978|2446;-4971|2583;-5016|2661;-5156|2992;-5135|3675;-5202|3775;-5327|4263;-5345|4361;-5198|4496;-5185|4616;-5246|4635;-5322|4789;-5479|4895;-5447";3503,15487387133
"Khabarovsk37";"Khabarovsk - ID36 - ID35 - ID44 - ID34 - ID33 - ID32 - Irkustk - ID31 - Novosibirsk - Omsk - ID41 - ID40 - Perm - Kazan";"4895;-5447|4789;-5479|4635;-5322|4616;-5246|4496;-5185|4361;-5198|4263;-5345|3775;-5327|3675;-5202|2992;-5135|2661;-5156|2583;-5016|2446;-4971|2111;-4978|1784;-5076";3503,15487387133
"ID3836";"Kazan - Perm - ID40 - ID41 - Omsk - Novosibirsk - ID31 - Irkustk - ID32 - ID33 - ID34 - ID44 - ID35 - ID36 - Khabarovsk - ID38";"1784;-5076|2111;-4978|2446;-4971|2583;-5016|2661;-5156|2992;-5135|3675;-5202|3775;-5327|4263;-5345|4361;-5198|4496;-5185|4616;-5246|4635;-5322|4789;-5479|4895;-5447|4953;-5523";3598,75822109307
"ID3837";"ID38 - Khabarovsk - ID36 - ID35 - ID44 - ID34 - ID33 - ID32 - Irkustk - ID31 - Novosibirsk - Omsk - ID41 - ID40 - Perm - Kazan";"4953;-5523|4895;-5447|4789;-5479|4635;-5322|4616;-5246|4496;-5185|4361;-5198|4263;-5345|3775;-5327|3675;-5202|2992;-5135|2661;-5156|2583;-5016|2446;-4971|2111;-4978|1784;-5076";3598,75822109307
"Vladivostok36";"Kazan - Perm - ID40 - ID41 - Omsk - Novosibirsk - ID31 - Irkustk - ID32 - ID33 - ID34 - ID44 - ID35 - ID36 - Khabarovsk - ID38 - Vladivostok";"1784;-5076|2111;-4978|2446;-4971|2583;-5016|2661;-5156|2992;-5135|3675;-5202|3775;-5327|4263;-5345|4361;-5198|4496;-5185|4616;-5246|4635;-5322|4789;-5479|4895;-5447|4953;-5523|4843;-5751";3851,90639904425
"Vladivostok37";"Vladivostok - ID38 - Khabarovsk - ID36 - ID35 - ID44 - ID34 - ID33 - ID32 - Irkustk - ID31 - Novosibirsk - Omsk - ID41 - ID40 - Perm - Kazan";"4843;-5751|4953;-5523|4895;-5447|4789;-5479|4635;-5322|4616;-5246|4496;-5185|4361;-5198|4263;-5345|3775;-5327|3675;-5202|2992;-5135|2661;-5156|2583;-5016|2446;-4971|2111;-4978|1784;-5076";3851,90639904425
"ID4036";"Kazan - Perm - ID40";"1784;-5076|2111;-4978|2446;-4971";676,442427837407
"ID4037";"ID40 - Perm - Kazan";"2446;-4971|2111;-4978|1784;-5076";676,442427837407
"ID4136";"Kazan - Perm - ID40 - ID41";"1784;-5076|2111;-4978|2446;-4971|2583;-5016";820,643676098301
"ID4137";"ID41 - ID40 - Perm - Kazan";"2583;-5016|2446;-4971|2111;-4978|1784;-5076";820,643676098301
"ID4236";"Kazan - Moscou - ID3 - Petrograd - ID42";"1784;-5076|1352;-5056|1209;-4843|1089;-4834|1006;-4742";933,257155254875
"ID4237";"ID42 - Petrograd - ID3 - Moscou - Kazan";"1006;-4742|1089;-4834|1209;-4843|1352;-5056|1784;-5076";933,257155254875
"ID4336";"Kazan - Moscou - ID3 - Petrograd - ID43";"1784;-5076|1352;-5056|1209;-4843|1089;-4834|1033;-4904";898,993671222102
"ID4337";"ID43 - Petrograd - ID3 - Moscou - Kazan";"1033;-4904|1089;-4834|1209;-4843|1352;-5056|1784;-5076";898,993671222102
"ID4436";"Kazan - Perm - ID40 - ID41 - Omsk - Novosibirsk - ID31 - Irkustk - ID32 - ID33 - ID34 - ID44";"1784;-5076|2111;-4978|2446;-4971|2583;-5016|2661;-5156|2992;-5135|3675;-5202|3775;-5327|4263;-5345|4361;-5198|4496;-5185|4616;-5246";3094,17054253965
"ID4437";"ID44 - ID34 - ID33 - ID32 - Irkustk - ID31 - Novosibirsk - Omsk - ID41 - ID40 - Perm - Kazan";"4616;-5246|4496;-5185|4361;-5198|4263;-5345|3775;-5327|3675;-5202|2992;-5135|2661;-5156|2583;-5016|2446;-4971|2111;-4978|1784;-5076";3094,17054253965
"Tbilissi38";"Samara - Tsaritsyn - Tbilissi";"1827;-5227|1618;-5475|1514;-5675";549,746415347296
"Tbilissi39";"Tbilissi - Tsaritsyn - Samara";"1514;-5675|1618;-5475|1827;-5227";549,746415347296
"Erevan38";"Samara - Tsaritsyn - Tbilissi - Erevan";"1827;-5227|1618;-5475|1514;-5675|1529;-5820";695,520212718429
"Erevan39";"Erevan - Tbilissi - Tsaritsyn - Samara";"1529;-5820|1514;-5675|1618;-5475|1827;-5227";695,520212718429
"Bakou38";"Samara - Tsaritsyn - Tbilissi - Bakou";"1827;-5227|1618;-5475|1514;-5675|1710;-5819";792,95825716426
"Bakou39";"Bakou - Tbilissi - Tsaritsyn - Samara";"1710;-5819|1514;-5675|1618;-5475|1827;-5227";792,95825716426
"ID2438";"Samara - ID24";"1827;-5227|2263;-5525";528,109837060436
"ID2439";"ID24 - Samara";"2263;-5525|1827;-5227";528,109837060436
"Tashkent38";"Samara - ID24 - Tashkent";"1827;-5227|2263;-5525|2469;-5875";934,232971097393
"Tashkent39";"Tashkent - ID24 - Samara";"2469;-5875|2263;-5525|1827;-5227";934,232971097393
"Perm38";"Samara - ID18 - Kazan - Perm";"1827;-5227|1650;-5185|1784;-5076|2111;-4978";696,018016114298
"Perm39";"Perm - Kazan - ID18 - Samara";"2111;-4978|1784;-5076|1650;-5185|1827;-5227";696,018016114298
"Yekaterin...38";"Samara - ID18 - Kazan - Perm - Yekaterin...";"1827;-5227|1650;-5185|1784;-5076|2111;-4978|2238;-5034";834,816431090838
"Yekaterin...39";"Yekaterin... - Perm - Kazan - ID18 - Samara";"2238;-5034|2111;-4978|1784;-5076|1650;-5185|1827;-5227";834,816431090838
"Omsk38";"Samara - Omsk";"1827;-5227|2661;-5156";837,016726236698
"Omsk39";"Omsk - Samara";"2661;-5156|1827;-5227";837,016726236698
"Novosibirsk38";"Samara - Omsk - Novosibirsk";"1827;-5227|2661;-5156|2992;-5135";1168,68222037198
"Novosibirsk39";"Novosibirsk - Omsk - Samara";"2992;-5135|2661;-5156|1827;-5227";1168,68222037198
"Irkustk38";"Samara - Omsk - Novosibirsk - ID31 - Irkustk";"1827;-5227|2661;-5156|2992;-5135|3675;-5202|3775;-5327";2015,03869548462
"Irkustk39";"Irkustk - ID31 - Novosibirsk - Omsk - Samara";"3775;-5327|3675;-5202|2992;-5135|2661;-5156|1827;-5227";2015,03869548462
"ID3139";"Samara - Omsk - Novosibirsk - ID31";"1827;-5227|2661;-5156|2992;-5135|3675;-5202";1854,9605895488
"ID3140";"ID31 - Novosibirsk - Omsk - Samara";"3675;-5202|2992;-5135|2661;-5156|1827;-5227";1854,9605895488
"ID3238";"Samara - Omsk - Novosibirsk - ID31 - Irkustk - ID32";"1827;-5227|2661;-5156|2992;-5135|3675;-5202|3775;-5327|4263;-5345";2503,37054986236
"ID3239";"ID32 - Irkustk - ID31 - Novosibirsk - Omsk - Samara";"4263;-5345|3775;-5327|3675;-5202|2992;-5135|2661;-5156|1827;-5227";2503,37054986236
"ID3338";"Samara - Omsk - Novosibirsk - ID31 - Irkustk - ID32 - ID33";"1827;-5227|2661;-5156|2992;-5135|3675;-5202|3775;-5327|4263;-5345|4361;-5198";2680,0425623601
"ID3339";"ID33 - ID32 - Irkustk - ID31 - Novosibirsk - Omsk - Samara";"4361;-5198|4263;-5345|3775;-5327|3675;-5202|2992;-5135|2661;-5156|1827;-5227";2680,0425623601
"ID3438";"Samara - Omsk - Novosibirsk - ID31 - Irkustk - ID32 - ID33 - ID34";"1827;-5227|2661;-5156|2992;-5135|3675;-5202|3775;-5327|4263;-5345|4361;-5198|4496;-5185";2815,66704392593
"ID3439";"ID34 - ID33 - ID32 - Irkustk - ID31 - Novosibirsk - Omsk - Samara";"4496;-5185|4361;-5198|4263;-5345|3775;-5327|3675;-5202|2992;-5135|2661;-5156|1827;-5227";2815,66704392593
"ID3538";"Samara - Omsk - Novosibirsk - ID31 - Irkustk - ID32 - ID33 - ID34 - ID44 - ID35";"1827;-5227|2661;-5156|2992;-5135|3675;-5202|3775;-5327|4263;-5345|4361;-5198|4496;-5185|4616;-5246|4635;-5322";3028,62031454426
"ID3539";"ID35 - ID44 - ID34 - ID33 - ID32 - Irkustk - ID31 - Novosibirsk - Omsk - Samara";"4635;-5322|4616;-5246|4496;-5185|4361;-5198|4263;-5345|3775;-5327|3675;-5202|2992;-5135|2661;-5156|1827;-5227";3028,62031454426
"ID3638";"Samara - Omsk - Novosibirsk - ID31 - Irkustk - ID32 - ID33 - ID34 - ID44 - ID35 - ID36";"1827;-5227|2661;-5156|2992;-5135|3675;-5202|3775;-5327|4263;-5345|4361;-5198|4496;-5185|4616;-5246|4635;-5322|4789;-5479";3248,54075470388
"ID3639";"ID36 - ID35 - ID44 - ID34 - ID33 - ID32 - Irkustk - ID31 - Novosibirsk - Omsk - Samara";"4789;-5479|4635;-5322|4616;-5246|4496;-5185|4361;-5198|4263;-5345|3775;-5327|3675;-5202|2992;-5135|2661;-5156|1827;-5227";3248,54075470388
"Khabarovsk38";"Samara - Omsk - Novosibirsk - ID31 - Irkustk - ID32 - ID33 - ID34 - ID44 - ID35 - ID36 - Khabarovsk";"1827;-5227|2661;-5156|2992;-5135|3675;-5202|3775;-5327|4263;-5345|4361;-5198|4496;-5185|4616;-5246|4635;-5322|4789;-5479|4895;-5447";3359,26563898921
"Khabarovsk39";"Khabarovsk - ID36 - ID35 - ID44 - ID34 - ID33 - ID32 - Irkustk - ID31 - Novosibirsk - Omsk - Samara";"4895;-5447|4789;-5479|4635;-5322|4616;-5246|4496;-5185|4361;-5198|4263;-5345|3775;-5327|3675;-5202|2992;-5135|2661;-5156|1827;-5227";3359,26563898921
"ID3838";"Samara - Omsk - Novosibirsk - ID31 - Irkustk - ID32 - ID33 - ID34 - ID44 - ID35 - ID36 - Khabarovsk - ID38";"1827;-5227|2661;-5156|2992;-5135|3675;-5202|3775;-5327|4263;-5345|4361;-5198|4496;-5185|4616;-5246|4635;-5322|4789;-5479|4895;-5447|4953;-5523";3454,86898621094
"ID3839";"ID38 - Khabarovsk - ID36 - ID35 - ID44 - ID34 - ID33 - ID32 - Irkustk - ID31 - Novosibirsk - Omsk - Samara";"4953;-5523|4895;-5447|4789;-5479|4635;-5322|4616;-5246|4496;-5185|4361;-5198|4263;-5345|3775;-5327|3675;-5202|2992;-5135|2661;-5156|1827;-5227";3454,86898621094
"Vladivostok38";"Samara - Omsk - Novosibirsk - ID31 - Irkustk - ID32 - ID33 - ID34 - ID44 - ID35 - ID36 - Khabarovsk - ID38 - Vladivostok";"1827;-5227|2661;-5156|2992;-5135|3675;-5202|3775;-5327|4263;-5345|4361;-5198|4496;-5185|4616;-5246|4635;-5322|4789;-5479|4895;-5447|4953;-5523|4843;-5751";3708,01716416212
"Vladivostok39";"Vladivostok - ID38 - Khabarovsk - ID36 - ID35 - ID44 - ID34 - ID33 - ID32 - Irkustk - ID31 - Novosibirsk - Omsk - Samara";"4843;-5751|4953;-5523|4895;-5447|4789;-5479|4635;-5322|4616;-5246|4496;-5185|4361;-5198|4263;-5345|3775;-5327|3675;-5202|2992;-5135|2661;-5156|1827;-5227";3708,01716416212
"ID4038";"Samara - ID18 - Kazan - Perm - ID40";"1827;-5227|1650;-5185|1784;-5076|2111;-4978|2446;-4971";1031,09114246137
"ID4039";"ID40 - Perm - Kazan - ID18 - Samara";"2446;-4971|2111;-4978|1784;-5076|1650;-5185|1827;-5227";1031,09114246137
"ID4138";"Samara - Omsk - ID41";"1827;-5227|2661;-5156|2583;-5016";997,279011257223
"ID4139";"ID41 - Omsk - Samara";"2583;-5016|2661;-5156|1827;-5227";997,279011257223
"ID4238";"Samara - ID18 - Moscou - ID3 - Petrograd - ID42";"1827;-5227|1650;-5185|1352;-5056|1209;-4843|1089;-4834|1006;-4742";1007,43221417192
"ID4239";"ID42 - Petrograd - ID3 - Moscou - ID18 - Samara";"1006;-4742|1089;-4834|1209;-4843|1352;-5056|1650;-5185|1827;-5227";1007,43221417192
"ID4338";"Samara - ID18 - Moscou - ID3 - Petrograd - ID43";"1827;-5227|1650;-5185|1352;-5056|1209;-4843|1089;-4834|1033;-4904";973,168730139144
"ID4339";"ID43 - Petrograd - ID3 - Moscou - ID18 - Samara";"1033;-4904|1089;-4834|1209;-4843|1352;-5056|1650;-5185|1827;-5227";973,168730139144
"ID4438";"Samara - Omsk - Novosibirsk - ID31 - Irkustk - ID32 - ID33 - ID34 - ID44";"1827;-5227|2661;-5156|2992;-5135|3675;-5202|3775;-5327|4263;-5345|4361;-5198|4496;-5185|4616;-5246";2950,28130765752
"ID4439";"ID44 - ID34 - ID33 - ID32 - Irkustk - ID31 - Novosibirsk - Omsk - Samara";"4616;-5246|4496;-5185|4361;-5198|4263;-5345|3775;-5327|3675;-5202|2992;-5135|2661;-5156|1827;-5227";2950,28130765752
"Erevan40";"Tbilissi - Erevan";"1514;-5675|1529;-5820";145,773797371133
"Erevan41";"Erevan - Tbilissi";"1529;-5820|1514;-5675";145,773797371133
"Bakou40";"Tbilissi - Bakou";"1514;-5675|1710;-5819";243,211841816964
"Bakou41";"Bakou - Tbilissi";"1710;-5819|1514;-5675";243,211841816964
"ID2440";"Tbilissi - Tsaritsyn - Samara - ID24";"1514;-5675|1618;-5475|1827;-5227|2263;-5525";1077,85625240773
"ID2441";"ID24 - Samara - Tsaritsyn - Tbilissi";"2263;-5525|1827;-5227|1618;-5475|1514;-5675";1077,85625240773
"Tashkent40";"Tbilissi - Tsaritsyn - Samara - ID24 - Tashkent";"1514;-5675|1618;-5475|1827;-5227|2263;-5525|2469;-5875";1483,97938644469
"Tashkent41";"Tashkent - ID24 - Samara - Tsaritsyn - Tbilissi";"2469;-5875|2263;-5525|1827;-5227|1618;-5475|1514;-5675";1483,97938644469
"Perm40";"Tbilissi - Tsaritsyn - ID17 - ID18 - Kazan - Perm";"1514;-5675|1618;-5475|1485;-5272|1650;-5185|1784;-5076|2111;-4978";1168,74784594999
"Perm41";"Perm - Kazan - ID18 - ID17 - Tsaritsyn - Tbilissi";"2111;-4978|1784;-5076|1650;-5185|1485;-5272|1618;-5475|1514;-5675";1168,74784594999
"Yekaterin...40";"Tbilissi - Tsaritsyn - ID17 - ID18 - Kazan - Perm - Yekaterin...";"1514;-5675|1618;-5475|1485;-5272|1650;-5185|1784;-5076|2111;-4978|2238;-5034";1307,54626092653
"Yekaterin...41";"Yekaterin... - Perm - Kazan - ID18 - ID17 - Tsaritsyn - Tbilissi";"2238;-5034|2111;-4978|1784;-5076|1650;-5185|1485;-5272|1618;-5475|1514;-5675";1307,54626092653
"Omsk40";"Tbilissi - Tsaritsyn - Samara - Omsk";"1514;-5675|1618;-5475|1827;-5227|2661;-5156";1386,76314158399
"Omsk41";"Omsk - Samara - Tsaritsyn - Tbilissi";"2661;-5156|1827;-5227|1618;-5475|1514;-5675";1386,76314158399
"Novosibirsk40";"Tbilissi - Tsaritsyn - Samara - Omsk - Novosibirsk";"1514;-5675|1618;-5475|1827;-5227|2661;-5156|2992;-5135";1718,42863571928
"Novosibirsk41";"Novosibirsk - Omsk - Samara - Tsaritsyn - Tbilissi";"2992;-5135|2661;-5156|1827;-5227|1618;-5475|1514;-5675";1718,42863571928
"Irkustk40";"Tbilissi - Tsaritsyn - Samara - Omsk - Novosibirsk - ID31 - Irkustk";"1514;-5675|1618;-5475|1827;-5227|2661;-5156|2992;-5135|3675;-5202|3775;-5327";2564,78511083192
"Irkustk41";"Irkustk - ID31 - Novosibirsk - Omsk - Samara - Tsaritsyn - Tbilissi";"3775;-5327|3675;-5202|2992;-5135|2661;-5156|1827;-5227|1618;-5475|1514;-5675";2564,78511083192
"ID3141";"Tbilissi - Tsaritsyn - Samara - Omsk - Novosibirsk - ID31";"1514;-5675|1618;-5475|1827;-5227|2661;-5156|2992;-5135|3675;-5202";2404,7070048961
"ID3142";"ID31 - Novosibirsk - Omsk - Samara - Tsaritsyn - Tbilissi";"3675;-5202|2992;-5135|2661;-5156|1827;-5227|1618;-5475|1514;-5675";2404,7070048961
"ID3240";"Tbilissi - Tsaritsyn - Samara - Omsk - Novosibirsk - ID31 - Irkustk - ID32";"1514;-5675|1618;-5475|1827;-5227|2661;-5156|2992;-5135|3675;-5202|3775;-5327|4263;-5345";3053,11696520966
"ID3241";"ID32 - Irkustk - ID31 - Novosibirsk - Omsk - Samara - Tsaritsyn - Tbilissi";"4263;-5345|3775;-5327|3675;-5202|2992;-5135|2661;-5156|1827;-5227|1618;-5475|1514;-5675";3053,11696520966
"ID3340";"Tbilissi - Tsaritsyn - Samara - Omsk - Novosibirsk - ID31 - Irkustk - ID32 - ID33";"1514;-5675|1618;-5475|1827;-5227|2661;-5156|2992;-5135|3675;-5202|3775;-5327|4263;-5345|4361;-5198";3229,78897770739
"ID3341";"ID33 - ID32 - Irkustk - ID31 - Novosibirsk - Omsk - Samara - Tsaritsyn - Tbilissi";"4361;-5198|4263;-5345|3775;-5327|3675;-5202|2992;-5135|2661;-5156|1827;-5227|1618;-5475|1514;-5675";3229,78897770739
"ID3440";"Tbilissi - Tsaritsyn - Samara - Omsk - Novosibirsk - ID31 - Irkustk - ID32 - ID33 - ID34";"1514;-5675|1618;-5475|1827;-5227|2661;-5156|2992;-5135|3675;-5202|3775;-5327|4263;-5345|4361;-5198|4496;-5185";3365,41345927322
"ID3441";"ID34 - ID33 - ID32 - Irkustk - ID31 - Novosibirsk - Omsk - Samara - Tsaritsyn - Tbilissi";"4496;-5185|4361;-5198|4263;-5345|3775;-5327|3675;-5202|2992;-5135|2661;-5156|1827;-5227|1618;-5475|1514;-5675";3365,41345927322
"ID3540";"Tbilissi - Tsaritsyn - Samara - Omsk - Novosibirsk - ID31 - Irkustk - ID32 - ID33 - ID34 - ID44 - ID35";"1514;-5675|1618;-5475|1827;-5227|2661;-5156|2992;-5135|3675;-5202|3775;-5327|4263;-5345|4361;-5198|4496;-5185|4616;-5246|4635;-5322";3578,36672989156
"ID3541";"ID35 - ID44 - ID34 - ID33 - ID32 - Irkustk - ID31 - Novosibirsk - Omsk - Samara - Tsaritsyn - Tbilissi";"4635;-5322|4616;-5246|4496;-5185|4361;-5198|4263;-5345|3775;-5327|3675;-5202|2992;-5135|2661;-5156|1827;-5227|1618;-5475|1514;-5675";3578,36672989156
"ID3640";"Tbilissi - Tsaritsyn - Samara - Omsk - Novosibirsk - ID31 - Irkustk - ID32 - ID33 - ID34 - ID44 - ID35 - ID36";"1514;-5675|1618;-5475|1827;-5227|2661;-5156|2992;-5135|3675;-5202|3775;-5327|4263;-5345|4361;-5198|4496;-5185|4616;-5246|4635;-5322|4789;-5479";3798,28717005117
"ID3641";"ID36 - ID35 - ID44 - ID34 - ID33 - ID32 - Irkustk - ID31 - Novosibirsk - Omsk - Samara - Tsaritsyn - Tbilissi";"4789;-5479|4635;-5322|4616;-5246|4496;-5185|4361;-5198|4263;-5345|3775;-5327|3675;-5202|2992;-5135|2661;-5156|1827;-5227|1618;-5475|1514;-5675";3798,28717005117
"Khabarovsk40";"Tbilissi - Tsaritsyn - Samara - Omsk - Novosibirsk - ID31 - Irkustk - ID32 - ID33 - ID34 - ID44 - ID35 - ID36 - Khabarovsk";"1514;-5675|1618;-5475|1827;-5227|2661;-5156|2992;-5135|3675;-5202|3775;-5327|4263;-5345|4361;-5198|4496;-5185|4616;-5246|4635;-5322|4789;-5479|4895;-5447";3909,0120543365
"Khabarovsk41";"Khabarovsk - ID36 - ID35 - ID44 - ID34 - ID33 - ID32 - Irkustk - ID31 - Novosibirsk - Omsk - Samara - Tsaritsyn - Tbilissi";"4895;-5447|4789;-5479|4635;-5322|4616;-5246|4496;-5185|4361;-5198|4263;-5345|3775;-5327|3675;-5202|2992;-5135|2661;-5156|1827;-5227|1618;-5475|1514;-5675";3909,0120543365
"ID3840";"Tbilissi - Tsaritsyn - Samara - Omsk - Novosibirsk - ID31 - Irkustk - ID32 - ID33 - ID34 - ID44 - ID35 - ID36 - Khabarovsk - ID38";"1514;-5675|1618;-5475|1827;-5227|2661;-5156|2992;-5135|3675;-5202|3775;-5327|4263;-5345|4361;-5198|4496;-5185|4616;-5246|4635;-5322|4789;-5479|4895;-5447|4953;-5523";4004,61540155824
"ID3841";"ID38 - Khabarovsk - ID36 - ID35 - ID44 - ID34 - ID33 - ID32 - Irkustk - ID31 - Novosibirsk - Omsk - Samara - Tsaritsyn - Tbilissi";"4953;-5523|4895;-5447|4789;-5479|4635;-5322|4616;-5246|4496;-5185|4361;-5198|4263;-5345|3775;-5327|3675;-5202|2992;-5135|2661;-5156|1827;-5227|1618;-5475|1514;-5675";4004,61540155824
"Vladivostok40";"Tbilissi - Tsaritsyn - Samara - Omsk - Novosibirsk - ID31 - Irkustk - ID32 - ID33 - ID34 - ID44 - ID35 - ID36 - Khabarovsk - ID38 - Vladivostok";"1514;-5675|1618;-5475|1827;-5227|2661;-5156|2992;-5135|3675;-5202|3775;-5327|4263;-5345|4361;-5198|4496;-5185|4616;-5246|4635;-5322|4789;-5479|4895;-5447|4953;-5523|4843;-5751";4257,76357950942
"Vladivostok41";"Vladivostok - ID38 - Khabarovsk - ID36 - ID35 - ID44 - ID34 - ID33 - ID32 - Irkustk - ID31 - Novosibirsk - Omsk - Samara - Tsaritsyn - Tbilissi";"4843;-5751|4953;-5523|4895;-5447|4789;-5479|4635;-5322|4616;-5246|4496;-5185|4361;-5198|4263;-5345|3775;-5327|3675;-5202|2992;-5135|2661;-5156|1827;-5227|1618;-5475|1514;-5675";4257,76357950942
"ID4040";"Tbilissi - Tsaritsyn - ID17 - ID18 - Kazan - Perm - ID40";"1514;-5675|1618;-5475|1485;-5272|1650;-5185|1784;-5076|2111;-4978|2446;-4971";1503,82097229706
"ID4041";"ID40 - Perm - Kazan - ID18 - ID17 - Tsaritsyn - Tbilissi";"2446;-4971|2111;-4978|1784;-5076|1650;-5185|1485;-5272|1618;-5475|1514;-5675";1503,82097229706
"ID4140";"Tbilissi - Tsaritsyn - Samara - Omsk - ID41";"1514;-5675|1618;-5475|1827;-5227|2661;-5156|2583;-5016";1547,02542660452
"ID4141";"ID41 - Omsk - Samara - Tsaritsyn - Tbilissi";"2583;-5016|2661;-5156|1827;-5227|1618;-5475|1514;-5675";1547,02542660452
"ID4240";"Tbilissi - Tsaritsyn - ID17 - Moscou - ID3 - Petrograd - ID42";"1514;-5675|1618;-5475|1485;-5272|1352;-5056|1209;-4843|1089;-4834|1006;-4742";1222,57074896498
"ID4241";"ID42 - Petrograd - ID3 - Moscou - ID17 - Tsaritsyn - Tbilissi";"1006;-4742|1089;-4834|1209;-4843|1352;-5056|1485;-5272|1618;-5475|1514;-5675";1222,57074896498
"ID4340";"Tbilissi - Tsaritsyn - ID17 - Moscou - ID3 - Petrograd - ID43";"1514;-5675|1618;-5475|1485;-5272|1352;-5056|1209;-4843|1089;-4834|1033;-4904";1188,30726493221
"ID4341";"ID43 - Petrograd - ID3 - Moscou - ID17 - Tsaritsyn - Tbilissi";"1033;-4904|1089;-4834|1209;-4843|1352;-5056|1485;-5272|1618;-5475|1514;-5675";1188,30726493221
"ID4440";"Tbilissi - Tsaritsyn - Samara - Omsk - Novosibirsk - ID31 - Irkustk - ID32 - ID33 - ID34 - ID44";"1514;-5675|1618;-5475|1827;-5227|2661;-5156|2992;-5135|3675;-5202|3775;-5327|4263;-5345|4361;-5198|4496;-5185|4616;-5246";3500,02772300482
"ID4441";"ID44 - ID34 - ID33 - ID32 - Irkustk - ID31 - Novosibirsk - Omsk - Samara - Tsaritsyn - Tbilissi";"4616;-5246|4496;-5185|4361;-5198|4263;-5345|3775;-5327|3675;-5202|2992;-5135|2661;-5156|1827;-5227|1618;-5475|1514;-5675";3500,02772300482
"Bakou42";"Erevan - Tbilissi - Bakou";"1529;-5820|1514;-5675|1710;-5819";388,985639188097
"Bakou43";"Bakou - Tbilissi - Erevan";"1710;-5819|1514;-5675|1529;-5820";388,985639188097
"ID2442";"Erevan - Tbilissi - Tsaritsyn - Samara - ID24";"1529;-5820|1514;-5675|1618;-5475|1827;-5227|2263;-5525";1223,63004977886
"ID2443";"ID24 - Samara - Tsaritsyn - Tbilissi - Erevan";"2263;-5525|1827;-5227|1618;-5475|1514;-5675|1529;-5820";1223,63004977886
"Tashkent42";"Erevan - Tbilissi - Tsaritsyn - Samara - ID24 - Tashkent";"1529;-5820|1514;-5675|1618;-5475|1827;-5227|2263;-5525|2469;-5875";1629,75318381582
"Tashkent43";"Tashkent - ID24 - Samara - Tsaritsyn - Tbilissi - Erevan";"2469;-5875|2263;-5525|1827;-5227|1618;-5475|1514;-5675|1529;-5820";1629,75318381582
"Perm42";"Erevan - Tbilissi - Tsaritsyn - ID17 - ID18 - Kazan - Perm";"1529;-5820|1514;-5675|1618;-5475|1485;-5272|1650;-5185|1784;-5076|2111;-4978";1314,52164332112
"Perm43";"Perm - Kazan - ID18 - ID17 - Tsaritsyn - Tbilissi - Erevan";"2111;-4978|1784;-5076|1650;-5185|1485;-5272|1618;-5475|1514;-5675|1529;-5820";1314,52164332112
"Yekaterin...42";"Erevan - Tbilissi - Tsaritsyn - ID17 - ID18 - Kazan - Perm - Yekaterin...";"1529;-5820|1514;-5675|1618;-5475|1485;-5272|1650;-5185|1784;-5076|2111;-4978|2238;-5034";1453,32005829766
"Yekaterin...43";"Yekaterin... - Perm - Kazan - ID18 - ID17 - Tsaritsyn - Tbilissi - Erevan";"2238;-5034|2111;-4978|1784;-5076|1650;-5185|1485;-5272|1618;-5475|1514;-5675|1529;-5820";1453,32005829766
"Omsk42";"Erevan - Tbilissi - Tsaritsyn - Samara - Omsk";"1529;-5820|1514;-5675|1618;-5475|1827;-5227|2661;-5156";1532,53693895513
"Omsk43";"Omsk - Samara - Tsaritsyn - Tbilissi - Erevan";"2661;-5156|1827;-5227|1618;-5475|1514;-5675|1529;-5820";1532,53693895513
"Novosibirsk42";"Erevan - Tbilissi - Tsaritsyn - Samara - Omsk - Novosibirsk";"1529;-5820|1514;-5675|1618;-5475|1827;-5227|2661;-5156|2992;-5135";1864,20243309041
"Novosibirsk43";"Novosibirsk - Omsk - Samara - Tsaritsyn - Tbilissi - Erevan";"2992;-5135|2661;-5156|1827;-5227|1618;-5475|1514;-5675|1529;-5820";1864,20243309041
"Irkustk42";"Erevan - Tbilissi - Tsaritsyn - Samara - Omsk - Novosibirsk - ID31 - Irkustk";"1529;-5820|1514;-5675|1618;-5475|1827;-5227|2661;-5156|2992;-5135|3675;-5202|3775;-5327";2710,55890820305
"Irkustk43";"Irkustk - ID31 - Novosibirsk - Omsk - Samara - Tsaritsyn - Tbilissi - Erevan";"3775;-5327|3675;-5202|2992;-5135|2661;-5156|1827;-5227|1618;-5475|1514;-5675|1529;-5820";2710,55890820305
"ID3143";"Erevan - Tbilissi - Tsaritsyn - Samara - Omsk - Novosibirsk - ID31";"1529;-5820|1514;-5675|1618;-5475|1827;-5227|2661;-5156|2992;-5135|3675;-5202";2550,48080226723
"ID3144";"ID31 - Novosibirsk - Omsk - Samara - Tsaritsyn - Tbilissi - Erevan";"3675;-5202|2992;-5135|2661;-5156|1827;-5227|1618;-5475|1514;-5675|1529;-5820";2550,48080226723
"ID3242";"Erevan - Tbilissi - Tsaritsyn - Samara - Omsk - Novosibirsk - ID31 - Irkustk - ID32";"1529;-5820|1514;-5675|1618;-5475|1827;-5227|2661;-5156|2992;-5135|3675;-5202|3775;-5327|4263;-5345";3198,89076258079
"ID3243";"ID32 - Irkustk - ID31 - Novosibirsk - Omsk - Samara - Tsaritsyn - Tbilissi - Erevan";"4263;-5345|3775;-5327|3675;-5202|2992;-5135|2661;-5156|1827;-5227|1618;-5475|1514;-5675|1529;-5820";3198,89076258079
"ID3342";"Erevan - Tbilissi - Tsaritsyn - Samara - Omsk - Novosibirsk - ID31 - Irkustk - ID32 - ID33";"1529;-5820|1514;-5675|1618;-5475|1827;-5227|2661;-5156|2992;-5135|3675;-5202|3775;-5327|4263;-5345|4361;-5198";3375,56277507853
"ID3343";"ID33 - ID32 - Irkustk - ID31 - Novosibirsk - Omsk - Samara - Tsaritsyn - Tbilissi - Erevan";"4361;-5198|4263;-5345|3775;-5327|3675;-5202|2992;-5135|2661;-5156|1827;-5227|1618;-5475|1514;-5675|1529;-5820";3375,56277507853
"ID3442";"Erevan - Tbilissi - Tsaritsyn - Samara - Omsk - Novosibirsk - ID31 - Irkustk - ID32 - ID33 - ID34";"1529;-5820|1514;-5675|1618;-5475|1827;-5227|2661;-5156|2992;-5135|3675;-5202|3775;-5327|4263;-5345|4361;-5198|4496;-5185";3511,18725664435
"ID3443";"ID34 - ID33 - ID32 - Irkustk - ID31 - Novosibirsk - Omsk - Samara - Tsaritsyn - Tbilissi - Erevan";"4496;-5185|4361;-5198|4263;-5345|3775;-5327|3675;-5202|2992;-5135|2661;-5156|1827;-5227|1618;-5475|1514;-5675|1529;-5820";3511,18725664435
"ID3542";"Erevan - Tbilissi - Tsaritsyn - Samara - Omsk - Novosibirsk - ID31 - Irkustk - ID32 - ID33 - ID34 - ID44 - ID35";"1529;-5820|1514;-5675|1618;-5475|1827;-5227|2661;-5156|2992;-5135|3675;-5202|3775;-5327|4263;-5345|4361;-5198|4496;-5185|4616;-5246|4635;-5322";3724,14052726269
"ID3543";"ID35 - ID44 - ID34 - ID33 - ID32 - Irkustk - ID31 - Novosibirsk - Omsk - Samara - Tsaritsyn - Tbilissi - Erevan";"4635;-5322|4616;-5246|4496;-5185|4361;-5198|4263;-5345|3775;-5327|3675;-5202|2992;-5135|2661;-5156|1827;-5227|1618;-5475|1514;-5675|1529;-5820";3724,14052726269
"ID3642";"Erevan - Tbilissi - Tsaritsyn - Samara - Omsk - Novosibirsk - ID31 - Irkustk - ID32 - ID33 - ID34 - ID44 - ID35 - ID36";"1529;-5820|1514;-5675|1618;-5475|1827;-5227|2661;-5156|2992;-5135|3675;-5202|3775;-5327|4263;-5345|4361;-5198|4496;-5185|4616;-5246|4635;-5322|4789;-5479";3944,0609674223
"ID3643";"ID36 - ID35 - ID44 - ID34 - ID33 - ID32 - Irkustk - ID31 - Novosibirsk - Omsk - Samara - Tsaritsyn - Tbilissi - Erevan";"4789;-5479|4635;-5322|4616;-5246|4496;-5185|4361;-5198|4263;-5345|3775;-5327|3675;-5202|2992;-5135|2661;-5156|1827;-5227|1618;-5475|1514;-5675|1529;-5820";3944,0609674223
"Khabarovsk42";"Erevan - Tbilissi - Tsaritsyn - Samara - Omsk - Novosibirsk - ID31 - Irkustk - ID32 - ID33 - ID34 - ID44 - ID35 - ID36 - Khabarovsk";"1529;-5820|1514;-5675|1618;-5475|1827;-5227|2661;-5156|2992;-5135|3675;-5202|3775;-5327|4263;-5345|4361;-5198|4496;-5185|4616;-5246|4635;-5322|4789;-5479|4895;-5447";4054,78585170764
"Khabarovsk43";"Khabarovsk - ID36 - ID35 - ID44 - ID34 - ID33 - ID32 - Irkustk - ID31 - Novosibirsk - Omsk - Samara - Tsaritsyn - Tbilissi - Erevan";"4895;-5447|4789;-5479|4635;-5322|4616;-5246|4496;-5185|4361;-5198|4263;-5345|3775;-5327|3675;-5202|2992;-5135|2661;-5156|1827;-5227|1618;-5475|1514;-5675|1529;-5820";4054,78585170764
"ID3842";"Erevan - Tbilissi - Tsaritsyn - Samara - Omsk - Novosibirsk - ID31 - Irkustk - ID32 - ID33 - ID34 - ID44 - ID35 - ID36 - Khabarovsk - ID38";"1529;-5820|1514;-5675|1618;-5475|1827;-5227|2661;-5156|2992;-5135|3675;-5202|3775;-5327|4263;-5345|4361;-5198|4496;-5185|4616;-5246|4635;-5322|4789;-5479|4895;-5447|4953;-5523";4150,38919892937
"ID3843";"ID38 - Khabarovsk - ID36 - ID35 - ID44 - ID34 - ID33 - ID32 - Irkustk - ID31 - Novosibirsk - Omsk - Samara - Tsaritsyn - Tbilissi - Erevan";"4953;-5523|4895;-5447|4789;-5479|4635;-5322|4616;-5246|4496;-5185|4361;-5198|4263;-5345|3775;-5327|3675;-5202|2992;-5135|2661;-5156|1827;-5227|1618;-5475|1514;-5675|1529;-5820";4150,38919892937
"Vladivostok42";"Erevan - Tbilissi - Tsaritsyn - Samara - Omsk - Novosibirsk - ID31 - Irkustk - ID32 - ID33 - ID34 - ID44 - ID35 - ID36 - Khabarovsk - ID38 - Vladivostok";"1529;-5820|1514;-5675|1618;-5475|1827;-5227|2661;-5156|2992;-5135|3675;-5202|3775;-5327|4263;-5345|4361;-5198|4496;-5185|4616;-5246|4635;-5322|4789;-5479|4895;-5447|4953;-5523|4843;-5751";4403,53737688055
"Vladivostok43";"Vladivostok - ID38 - Khabarovsk - ID36 - ID35 - ID44 - ID34 - ID33 - ID32 - Irkustk - ID31 - Novosibirsk - Omsk - Samara - Tsaritsyn - Tbilissi - Erevan";"4843;-5751|4953;-5523|4895;-5447|4789;-5479|4635;-5322|4616;-5246|4496;-5185|4361;-5198|4263;-5345|3775;-5327|3675;-5202|2992;-5135|2661;-5156|1827;-5227|1618;-5475|1514;-5675|1529;-5820";4403,53737688055
"ID4042";"Erevan - Tbilissi - Tsaritsyn - ID17 - ID18 - Kazan - Perm - ID40";"1529;-5820|1514;-5675|1618;-5475|1485;-5272|1650;-5185|1784;-5076|2111;-4978|2446;-4971";1649,59476966819
"ID4043";"ID40 - Perm - Kazan - ID18 - ID17 - Tsaritsyn - Tbilissi - Erevan";"2446;-4971|2111;-4978|1784;-5076|1650;-5185|1485;-5272|1618;-5475|1514;-5675|1529;-5820";1649,59476966819
"ID4142";"Erevan - Tbilissi - Tsaritsyn - Samara - Omsk - ID41";"1529;-5820|1514;-5675|1618;-5475|1827;-5227|2661;-5156|2583;-5016";1692,79922397565
"ID4143";"ID41 - Omsk - Samara - Tsaritsyn - Tbilissi - Erevan";"2583;-5016|2661;-5156|1827;-5227|1618;-5475|1514;-5675|1529;-5820";1692,79922397565
"ID4242";"Erevan - Tbilissi - Tsaritsyn - ID17 - Moscou - ID3 - Petrograd - ID42";"1529;-5820|1514;-5675|1618;-5475|1485;-5272|1352;-5056|1209;-4843|1089;-4834|1006;-4742";1368,34454633612
"ID4243";"ID42 - Petrograd - ID3 - Moscou - ID17 - Tsaritsyn - Tbilissi - Erevan";"1006;-4742|1089;-4834|1209;-4843|1352;-5056|1485;-5272|1618;-5475|1514;-5675|1529;-5820";1368,34454633612
"ID4342";"Erevan - Tbilissi - Tsaritsyn - ID17 - Moscou - ID3 - Petrograd - ID43";"1529;-5820|1514;-5675|1618;-5475|1485;-5272|1352;-5056|1209;-4843|1089;-4834|1033;-4904";1334,08106230334
"ID4343";"ID43 - Petrograd - ID3 - Moscou - ID17 - Tsaritsyn - Tbilissi - Erevan";"1033;-4904|1089;-4834|1209;-4843|1352;-5056|1485;-5272|1618;-5475|1514;-5675|1529;-5820";1334,08106230334
"ID4442";"Erevan - Tbilissi - Tsaritsyn - Samara - Omsk - Novosibirsk - ID31 - Irkustk - ID32 - ID33 - ID34 - ID44";"1529;-5820|1514;-5675|1618;-5475|1827;-5227|2661;-5156|2992;-5135|3675;-5202|3775;-5327|4263;-5345|4361;-5198|4496;-5185|4616;-5246";3645,80152037595
"ID4443";"ID44 - ID34 - ID33 - ID32 - Irkustk - ID31 - Novosibirsk - Omsk - Samara - Tsaritsyn - Tbilissi - Erevan";"4616;-5246|4496;-5185|4361;-5198|4263;-5345|3775;-5327|3675;-5202|2992;-5135|2661;-5156|1827;-5227|1618;-5475|1514;-5675|1529;-5820";3645,80152037595
"ID2444";"Bakou - Tbilissi - Tsaritsyn - Samara - ID24";"1710;-5819|1514;-5675|1618;-5475|1827;-5227|2263;-5525";1321,0680942247
"ID2445";"ID24 - Samara - Tsaritsyn - Tbilissi - Bakou";"2263;-5525|1827;-5227|1618;-5475|1514;-5675|1710;-5819";1321,0680942247
"Tashkent44";"Bakou - Tbilissi - Tsaritsyn - Samara - ID24 - Tashkent";"1710;-5819|1514;-5675|1618;-5475|1827;-5227|2263;-5525|2469;-5875";1727,19122826165
"Tashkent45";"Tashkent - ID24 - Samara - Tsaritsyn - Tbilissi - Bakou";"2469;-5875|2263;-5525|1827;-5227|1618;-5475|1514;-5675|1710;-5819";1727,19122826165
"Perm44";"Bakou - Tbilissi - Tsaritsyn - ID17 - ID18 - Kazan - Perm";"1710;-5819|1514;-5675|1618;-5475|1485;-5272|1650;-5185|1784;-5076|2111;-4978";1411,95968776696
"Perm45";"Perm - Kazan - ID18 - ID17 - Tsaritsyn - Tbilissi - Bakou";"2111;-4978|1784;-5076|1650;-5185|1485;-5272|1618;-5475|1514;-5675|1710;-5819";1411,95968776696
"Yekaterin...44";"Bakou - Tbilissi - Tsaritsyn - ID17 - ID18 - Kazan - Perm - Yekaterin...";"1710;-5819|1514;-5675|1618;-5475|1485;-5272|1650;-5185|1784;-5076|2111;-4978|2238;-5034";1550,7581027435
"Yekaterin...45";"Yekaterin... - Perm - Kazan - ID18 - ID17 - Tsaritsyn - Tbilissi - Bakou";"2238;-5034|2111;-4978|1784;-5076|1650;-5185|1485;-5272|1618;-5475|1514;-5675|1710;-5819";1550,7581027435
"Omsk44";"Bakou - Tbilissi - Tsaritsyn - Samara - Omsk";"1710;-5819|1514;-5675|1618;-5475|1827;-5227|2661;-5156";1629,97498340096
"Omsk45";"Omsk - Samara - Tsaritsyn - Tbilissi - Bakou";"2661;-5156|1827;-5227|1618;-5475|1514;-5675|1710;-5819";1629,97498340096
"Novosibirsk44";"Bakou - Tbilissi - Tsaritsyn - Samara - Omsk - Novosibirsk";"1710;-5819|1514;-5675|1618;-5475|1827;-5227|2661;-5156|2992;-5135";1961,64047753624
"Novosibirsk45";"Novosibirsk - Omsk - Samara - Tsaritsyn - Tbilissi - Bakou";"2992;-5135|2661;-5156|1827;-5227|1618;-5475|1514;-5675|1710;-5819";1961,64047753624
"Irkustk44";"Bakou - Tbilissi - Tsaritsyn - Samara - Omsk - Novosibirsk - ID31 - Irkustk";"1710;-5819|1514;-5675|1618;-5475|1827;-5227|2661;-5156|2992;-5135|3675;-5202|3775;-5327";2807,99695264888
"Irkustk45";"Irkustk - ID31 - Novosibirsk - Omsk - Samara - Tsaritsyn - Tbilissi - Bakou";"3775;-5327|3675;-5202|2992;-5135|2661;-5156|1827;-5227|1618;-5475|1514;-5675|1710;-5819";2807,99695264888
"ID3145";"Bakou - Tbilissi - Tsaritsyn - Samara - Omsk - Novosibirsk - ID31";"1710;-5819|1514;-5675|1618;-5475|1827;-5227|2661;-5156|2992;-5135|3675;-5202";2647,91884671306
"ID3146";"ID31 - Novosibirsk - Omsk - Samara - Tsaritsyn - Tbilissi - Bakou";"3675;-5202|2992;-5135|2661;-5156|1827;-5227|1618;-5475|1514;-5675|1710;-5819";2647,91884671306
"ID3244";"Bakou - Tbilissi - Tsaritsyn - Samara - Omsk - Novosibirsk - ID31 - Irkustk - ID32";"1710;-5819|1514;-5675|1618;-5475|1827;-5227|2661;-5156|2992;-5135|3675;-5202|3775;-5327|4263;-5345";3296,32880702662
"ID3245";"ID32 - Irkustk - ID31 - Novosibirsk - Omsk - Samara - Tsaritsyn - Tbilissi - Bakou";"4263;-5345|3775;-5327|3675;-5202|2992;-5135|2661;-5156|1827;-5227|1618;-5475|1514;-5675|1710;-5819";3296,32880702662
"ID3344";"Bakou - Tbilissi - Tsaritsyn - Samara - Omsk - Novosibirsk - ID31 - Irkustk - ID32 - ID33";"1710;-5819|1514;-5675|1618;-5475|1827;-5227|2661;-5156|2992;-5135|3675;-5202|3775;-5327|4263;-5345|4361;-5198";3473,00081952436
"ID3345";"ID33 - ID32 - Irkustk - ID31 - Novosibirsk - Omsk - Samara - Tsaritsyn - Tbilissi - Bakou";"4361;-5198|4263;-5345|3775;-5327|3675;-5202|2992;-5135|2661;-5156|1827;-5227|1618;-5475|1514;-5675|1710;-5819";3473,00081952436
"ID3444";"Bakou - Tbilissi - Tsaritsyn - Samara - Omsk - Novosibirsk - ID31 - Irkustk - ID32 - ID33 - ID34";"1710;-5819|1514;-5675|1618;-5475|1827;-5227|2661;-5156|2992;-5135|3675;-5202|3775;-5327|4263;-5345|4361;-5198|4496;-5185";3608,62530109019
"ID3445";"ID34 - ID33 - ID32 - Irkustk - ID31 - Novosibirsk - Omsk - Samara - Tsaritsyn - Tbilissi - Bakou";"4496;-5185|4361;-5198|4263;-5345|3775;-5327|3675;-5202|2992;-5135|2661;-5156|1827;-5227|1618;-5475|1514;-5675|1710;-5819";3608,62530109019
"ID3544";"Bakou - Tbilissi - Tsaritsyn - Samara - Omsk - Novosibirsk - ID31 - Irkustk - ID32 - ID33 - ID34 - ID44 - ID35";"1710;-5819|1514;-5675|1618;-5475|1827;-5227|2661;-5156|2992;-5135|3675;-5202|3775;-5327|4263;-5345|4361;-5198|4496;-5185|4616;-5246|4635;-5322";3821,57857170852
"ID3545";"ID35 - ID44 - ID34 - ID33 - ID32 - Irkustk - ID31 - Novosibirsk - Omsk - Samara - Tsaritsyn - Tbilissi - Bakou";"4635;-5322|4616;-5246|4496;-5185|4361;-5198|4263;-5345|3775;-5327|3675;-5202|2992;-5135|2661;-5156|1827;-5227|1618;-5475|1514;-5675|1710;-5819";3821,57857170852
"ID3644";"Bakou - Tbilissi - Tsaritsyn - Samara - Omsk - Novosibirsk - ID31 - Irkustk - ID32 - ID33 - ID34 - ID44 - ID35 - ID36";"1710;-5819|1514;-5675|1618;-5475|1827;-5227|2661;-5156|2992;-5135|3675;-5202|3775;-5327|4263;-5345|4361;-5198|4496;-5185|4616;-5246|4635;-5322|4789;-5479";4041,49901186814
"ID3645";"ID36 - ID35 - ID44 - ID34 - ID33 - ID32 - Irkustk - ID31 - Novosibirsk - Omsk - Samara - Tsaritsyn - Tbilissi - Bakou";"4789;-5479|4635;-5322|4616;-5246|4496;-5185|4361;-5198|4263;-5345|3775;-5327|3675;-5202|2992;-5135|2661;-5156|1827;-5227|1618;-5475|1514;-5675|1710;-5819";4041,49901186814
"Khabarovsk44";"Bakou - Tbilissi - Tsaritsyn - Samara - Omsk - Novosibirsk - ID31 - Irkustk - ID32 - ID33 - ID34 - ID44 - ID35 - ID36 - Khabarovsk";"1710;-5819|1514;-5675|1618;-5475|1827;-5227|2661;-5156|2992;-5135|3675;-5202|3775;-5327|4263;-5345|4361;-5198|4496;-5185|4616;-5246|4635;-5322|4789;-5479|4895;-5447";4152,22389615347
"Khabarovsk45";"Khabarovsk - ID36 - ID35 - ID44 - ID34 - ID33 - ID32 - Irkustk - ID31 - Novosibirsk - Omsk - Samara - Tsaritsyn - Tbilissi - Bakou";"4895;-5447|4789;-5479|4635;-5322|4616;-5246|4496;-5185|4361;-5198|4263;-5345|3775;-5327|3675;-5202|2992;-5135|2661;-5156|1827;-5227|1618;-5475|1514;-5675|1710;-5819";4152,22389615347
"ID3844";"Bakou - Tbilissi - Tsaritsyn - Samara - Omsk - Novosibirsk - ID31 - Irkustk - ID32 - ID33 - ID34 - ID44 - ID35 - ID36 - Khabarovsk - ID38";"1710;-5819|1514;-5675|1618;-5475|1827;-5227|2661;-5156|2992;-5135|3675;-5202|3775;-5327|4263;-5345|4361;-5198|4496;-5185|4616;-5246|4635;-5322|4789;-5479|4895;-5447|4953;-5523";4247,8272433752
"ID3845";"ID38 - Khabarovsk - ID36 - ID35 - ID44 - ID34 - ID33 - ID32 - Irkustk - ID31 - Novosibirsk - Omsk - Samara - Tsaritsyn - Tbilissi - Bakou";"4953;-5523|4895;-5447|4789;-5479|4635;-5322|4616;-5246|4496;-5185|4361;-5198|4263;-5345|3775;-5327|3675;-5202|2992;-5135|2661;-5156|1827;-5227|1618;-5475|1514;-5675|1710;-5819";4247,8272433752
"Vladivostok44";"Bakou - Tbilissi - Tsaritsyn - Samara - Omsk - Novosibirsk - ID31 - Irkustk - ID32 - ID33 - ID34 - ID44 - ID35 - ID36 - Khabarovsk - ID38 - Vladivostok";"1710;-5819|1514;-5675|1618;-5475|1827;-5227|2661;-5156|2992;-5135|3675;-5202|3775;-5327|4263;-5345|4361;-5198|4496;-5185|4616;-5246|4635;-5322|4789;-5479|4895;-5447|4953;-5523|4843;-5751";4500,97542132638
"Vladivostok45";"Vladivostok - ID38 - Khabarovsk - ID36 - ID35 - ID44 - ID34 - ID33 - ID32 - Irkustk - ID31 - Novosibirsk - Omsk - Samara - Tsaritsyn - Tbilissi - Bakou";"4843;-5751|4953;-5523|4895;-5447|4789;-5479|4635;-5322|4616;-5246|4496;-5185|4361;-5198|4263;-5345|3775;-5327|3675;-5202|2992;-5135|2661;-5156|1827;-5227|1618;-5475|1514;-5675|1710;-5819";4500,97542132638
"ID4044";"Bakou - Tbilissi - Tsaritsyn - ID17 - ID18 - Kazan - Perm - ID40";"1710;-5819|1514;-5675|1618;-5475|1485;-5272|1650;-5185|1784;-5076|2111;-4978|2446;-4971";1747,03281411403
"ID4045";"ID40 - Perm - Kazan - ID18 - ID17 - Tsaritsyn - Tbilissi - Bakou";"2446;-4971|2111;-4978|1784;-5076|1650;-5185|1485;-5272|1618;-5475|1514;-5675|1710;-5819";1747,03281411403
"ID4144";"Bakou - Tbilissi - Tsaritsyn - Samara - Omsk - ID41";"1710;-5819|1514;-5675|1618;-5475|1827;-5227|2661;-5156|2583;-5016";1790,23726842148
"ID4145";"ID41 - Omsk - Samara - Tsaritsyn - Tbilissi - Bakou";"2583;-5016|2661;-5156|1827;-5227|1618;-5475|1514;-5675|1710;-5819";1790,23726842148
"ID4244";"Bakou - Tbilissi - Tsaritsyn - ID17 - Moscou - ID3 - Petrograd - ID42";"1710;-5819|1514;-5675|1618;-5475|1485;-5272|1352;-5056|1209;-4843|1089;-4834|1006;-4742";1465,78259078195
"ID4245";"ID42 - Petrograd - ID3 - Moscou - ID17 - Tsaritsyn - Tbilissi - Bakou";"1006;-4742|1089;-4834|1209;-4843|1352;-5056|1485;-5272|1618;-5475|1514;-5675|1710;-5819";1465,78259078195
"ID4344";"Bakou - Tbilissi - Tsaritsyn - ID17 - Moscou - ID3 - Petrograd - ID43";"1710;-5819|1514;-5675|1618;-5475|1485;-5272|1352;-5056|1209;-4843|1089;-4834|1033;-4904";1431,51910674918
"ID4345";"ID43 - Petrograd - ID3 - Moscou - ID17 - Tsaritsyn - Tbilissi - Bakou";"1033;-4904|1089;-4834|1209;-4843|1352;-5056|1485;-5272|1618;-5475|1514;-5675|1710;-5819";1431,51910674918
"ID4444";"Bakou - Tbilissi - Tsaritsyn - Samara - Omsk - Novosibirsk - ID31 - Irkustk - ID32 - ID33 - ID34 - ID44";"1710;-5819|1514;-5675|1618;-5475|1827;-5227|2661;-5156|2992;-5135|3675;-5202|3775;-5327|4263;-5345|4361;-5198|4496;-5185|4616;-5246";3743,23956482178
"ID4445";"ID44 - ID34 - ID33 - ID32 - Irkustk - ID31 - Novosibirsk - Omsk - Samara - Tsaritsyn - Tbilissi - Bakou";"4616;-5246|4496;-5185|4361;-5198|4263;-5345|3775;-5327|3675;-5202|2992;-5135|2661;-5156|1827;-5227|1618;-5475|1514;-5675|1710;-5819";3743,23956482178
"Tashkent46";"ID24 - Tashkent";"2263;-5525|2469;-5875";406,123134036957
"Tashkent47";"Tashkent - ID24";"2469;-5875|2263;-5525";406,123134036957
"Perm46";"ID24 - Samara - ID18 - Kazan - Perm";"2263;-5525|1827;-5227|1650;-5185|1784;-5076|2111;-4978";1224,12785317473
"Perm47";"Perm - Kazan - ID18 - Samara - ID24";"2111;-4978|1784;-5076|1650;-5185|1827;-5227|2263;-5525";1224,12785317473
"Yekaterin...46";"ID24 - Samara - ID18 - Kazan - Perm - Yekaterin...";"2263;-5525|1827;-5227|1650;-5185|1784;-5076|2111;-4978|2238;-5034";1362,92626815127
"Yekaterin...47";"Yekaterin... - Perm - Kazan - ID18 - Samara - ID24";"2238;-5034|2111;-4978|1784;-5076|1650;-5185|1827;-5227|2263;-5525";1362,92626815127
"Omsk46";"ID24 - Samara - Omsk";"2263;-5525|1827;-5227|2661;-5156";1365,12656329713
"Omsk47";"Omsk - Samara - ID24";"2661;-5156|1827;-5227|2263;-5525";1365,12656329713
"Novosibirsk46";"ID24 - Samara - Omsk - Novosibirsk";"2263;-5525|1827;-5227|2661;-5156|2992;-5135";1696,79205743241
"Novosibirsk47";"Novosibirsk - Omsk - Samara - ID24";"2992;-5135|2661;-5156|1827;-5227|2263;-5525";1696,79205743241
"Irkustk46";"ID24 - Samara - Omsk - Novosibirsk - ID31 - Irkustk";"2263;-5525|1827;-5227|2661;-5156|2992;-5135|3675;-5202|3775;-5327";2543,14853254506
"Irkustk47";"Irkustk - ID31 - Novosibirsk - Omsk - Samara - ID24";"3775;-5327|3675;-5202|2992;-5135|2661;-5156|1827;-5227|2263;-5525";2543,14853254506
"ID3147";"ID24 - Samara - Omsk - Novosibirsk - ID31";"2263;-5525|1827;-5227|2661;-5156|2992;-5135|3675;-5202";2383,07042660924
"ID3148";"ID31 - Novosibirsk - Omsk - Samara - ID24";"3675;-5202|2992;-5135|2661;-5156|1827;-5227|2263;-5525";2383,07042660924
"ID3246";"ID24 - Samara - Omsk - Novosibirsk - ID31 - Irkustk - ID32";"2263;-5525|1827;-5227|2661;-5156|2992;-5135|3675;-5202|3775;-5327|4263;-5345";3031,4803869228
"ID3247";"ID32 - Irkustk - ID31 - Novosibirsk - Omsk - Samara - ID24";"4263;-5345|3775;-5327|3675;-5202|2992;-5135|2661;-5156|1827;-5227|2263;-5525";3031,4803869228
"ID3346";"ID24 - Samara - Omsk - Novosibirsk - ID31 - Irkustk - ID32 - ID33";"2263;-5525|1827;-5227|2661;-5156|2992;-5135|3675;-5202|3775;-5327|4263;-5345|4361;-5198";3208,15239942053
"ID3347";"ID33 - ID32 - Irkustk - ID31 - Novosibirsk - Omsk - Samara - ID24";"4361;-5198|4263;-5345|3775;-5327|3675;-5202|2992;-5135|2661;-5156|1827;-5227|2263;-5525";3208,15239942053
"ID3446";"ID24 - Samara - Omsk - Novosibirsk - ID31 - Irkustk - ID32 - ID33 - ID34";"2263;-5525|1827;-5227|2661;-5156|2992;-5135|3675;-5202|3775;-5327|4263;-5345|4361;-5198|4496;-5185";3343,77688098636
"ID3447";"ID34 - ID33 - ID32 - Irkustk - ID31 - Novosibirsk - Omsk - Samara - ID24";"4496;-5185|4361;-5198|4263;-5345|3775;-5327|3675;-5202|2992;-5135|2661;-5156|1827;-5227|2263;-5525";3343,77688098636
"ID3546";"ID24 - Samara - Omsk - Novosibirsk - ID31 - Irkustk - ID32 - ID33 - ID34 - ID44 - ID35";"2263;-5525|1827;-5227|2661;-5156|2992;-5135|3675;-5202|3775;-5327|4263;-5345|4361;-5198|4496;-5185|4616;-5246|4635;-5322";3556,73015160469
"ID3547";"ID35 - ID44 - ID34 - ID33 - ID32 - Irkustk - ID31 - Novosibirsk - Omsk - Samara - ID24";"4635;-5322|4616;-5246|4496;-5185|4361;-5198|4263;-5345|3775;-5327|3675;-5202|2992;-5135|2661;-5156|1827;-5227|2263;-5525";3556,73015160469
"ID3646";"ID24 - Samara - Omsk - Novosibirsk - ID31 - Irkustk - ID32 - ID33 - ID34 - ID44 - ID35 - ID36";"2263;-5525|1827;-5227|2661;-5156|2992;-5135|3675;-5202|3775;-5327|4263;-5345|4361;-5198|4496;-5185|4616;-5246|4635;-5322|4789;-5479";3776,65059176431
"ID3647";"ID36 - ID35 - ID44 - ID34 - ID33 - ID32 - Irkustk - ID31 - Novosibirsk - Omsk - Samara - ID24";"4789;-5479|4635;-5322|4616;-5246|4496;-5185|4361;-5198|4263;-5345|3775;-5327|3675;-5202|2992;-5135|2661;-5156|1827;-5227|2263;-5525";3776,65059176431
"Khabarovsk46";"ID24 - Samara - Omsk - Novosibirsk - ID31 - Irkustk - ID32 - ID33 - ID34 - ID44 - ID35 - ID36 - Khabarovsk";"2263;-5525|1827;-5227|2661;-5156|2992;-5135|3675;-5202|3775;-5327|4263;-5345|4361;-5198|4496;-5185|4616;-5246|4635;-5322|4789;-5479|4895;-5447";3887,37547604964
"Khabarovsk47";"Khabarovsk - ID36 - ID35 - ID44 - ID34 - ID33 - ID32 - Irkustk - ID31 - Novosibirsk - Omsk - Samara - ID24";"4895;-5447|4789;-5479|4635;-5322|4616;-5246|4496;-5185|4361;-5198|4263;-5345|3775;-5327|3675;-5202|2992;-5135|2661;-5156|1827;-5227|2263;-5525";3887,37547604964
"ID3846";"ID24 - Samara - Omsk - Novosibirsk - ID31 - Irkustk - ID32 - ID33 - ID34 - ID44 - ID35 - ID36 - Khabarovsk - ID38";"2263;-5525|1827;-5227|2661;-5156|2992;-5135|3675;-5202|3775;-5327|4263;-5345|4361;-5198|4496;-5185|4616;-5246|4635;-5322|4789;-5479|4895;-5447|4953;-5523";3982,97882327138
"ID3847";"ID38 - Khabarovsk - ID36 - ID35 - ID44 - ID34 - ID33 - ID32 - Irkustk - ID31 - Novosibirsk - Omsk - Samara - ID24";"4953;-5523|4895;-5447|4789;-5479|4635;-5322|4616;-5246|4496;-5185|4361;-5198|4263;-5345|3775;-5327|3675;-5202|2992;-5135|2661;-5156|1827;-5227|2263;-5525";3982,97882327138
"Vladivostok46";"ID24 - Samara - Omsk - Novosibirsk - ID31 - Irkustk - ID32 - ID33 - ID34 - ID44 - ID35 - ID36 - Khabarovsk - ID38 - Vladivostok";"2263;-5525|1827;-5227|2661;-5156|2992;-5135|3675;-5202|3775;-5327|4263;-5345|4361;-5198|4496;-5185|4616;-5246|4635;-5322|4789;-5479|4895;-5447|4953;-5523|4843;-5751";4236,12700122256
"Vladivostok47";"Vladivostok - ID38 - Khabarovsk - ID36 - ID35 - ID44 - ID34 - ID33 - ID32 - Irkustk - ID31 - Novosibirsk - Omsk - Samara - ID24";"4843;-5751|4953;-5523|4895;-5447|4789;-5479|4635;-5322|4616;-5246|4496;-5185|4361;-5198|4263;-5345|3775;-5327|3675;-5202|2992;-5135|2661;-5156|1827;-5227|2263;-5525";4236,12700122256
"ID4046";"ID24 - Samara - ID18 - Kazan - Perm - ID40";"2263;-5525|1827;-5227|1650;-5185|1784;-5076|2111;-4978|2446;-4971";1559,2009795218
"ID4047";"ID40 - Perm - Kazan - ID18 - Samara - ID24";"2446;-4971|2111;-4978|1784;-5076|1650;-5185|1827;-5227|2263;-5525";1559,2009795218
"ID4146";"ID24 - Samara - Omsk - ID41";"2263;-5525|1827;-5227|2661;-5156|2583;-5016";1525,38884831766
"ID4147";"ID41 - Omsk - Samara - ID24";"2583;-5016|2661;-5156|1827;-5227|2263;-5525";1525,38884831766
"ID4246";"ID24 - Samara - ID18 - Moscou - ID3 - Petrograd - ID42";"2263;-5525|1827;-5227|1650;-5185|1352;-5056|1209;-4843|1089;-4834|1006;-4742";1535,54205123235
"ID4247";"ID42 - Petrograd - ID3 - Moscou - ID18 - Samara - ID24";"1006;-4742|1089;-4834|1209;-4843|1352;-5056|1650;-5185|1827;-5227|2263;-5525";1535,54205123235
"ID4346";"ID24 - Samara - ID18 - Moscou - ID3 - Petrograd - ID43";"2263;-5525|1827;-5227|1650;-5185|1352;-5056|1209;-4843|1089;-4834|1033;-4904";1501,27856719958
"ID4347";"ID43 - Petrograd - ID3 - Moscou - ID18 - Samara - ID24";"1033;-4904|1089;-4834|1209;-4843|1352;-5056|1650;-5185|1827;-5227|2263;-5525";1501,27856719958
"ID4446";"ID24 - Samara - Omsk - Novosibirsk - ID31 - Irkustk - ID32 - ID33 - ID34 - ID44";"2263;-5525|1827;-5227|2661;-5156|2992;-5135|3675;-5202|3775;-5327|4263;-5345|4361;-5198|4496;-5185|4616;-5246";3478,39114471796
"ID4447";"ID44 - ID34 - ID33 - ID32 - Irkustk - ID31 - Novosibirsk - Omsk - Samara - ID24";"4616;-5246|4496;-5185|4361;-5198|4263;-5345|3775;-5327|3675;-5202|2992;-5135|2661;-5156|1827;-5227|2263;-5525";3478,39114471796
"Perm48";"Tashkent - ID24 - Samara - ID18 - Kazan - Perm";"2469;-5875|2263;-5525|1827;-5227|1650;-5185|1784;-5076|2111;-4978";1630,25098721169
"Perm49";"Perm - Kazan - ID18 - Samara - ID24 - Tashkent";"2111;-4978|1784;-5076|1650;-5185|1827;-5227|2263;-5525|2469;-5875";1630,25098721169
"Yekaterin...48";"Tashkent - ID24 - Samara - ID18 - Kazan - Perm - Yekaterin...";"2469;-5875|2263;-5525|1827;-5227|1650;-5185|1784;-5076|2111;-4978|2238;-5034";1769,04940218823
"Yekaterin...49";"Yekaterin... - Perm - Kazan - ID18 - Samara - ID24 - Tashkent";"2238;-5034|2111;-4978|1784;-5076|1650;-5185|1827;-5227|2263;-5525|2469;-5875";1769,04940218823
"Omsk48";"Tashkent - ID24 - Samara - Omsk";"2469;-5875|2263;-5525|1827;-5227|2661;-5156";1771,24969733409
"Omsk49";"Omsk - Samara - ID24 - Tashkent";"2661;-5156|1827;-5227|2263;-5525|2469;-5875";1771,24969733409
"Novosibirsk48";"Tashkent - ID24 - Samara - Omsk - Novosibirsk";"2469;-5875|2263;-5525|1827;-5227|2661;-5156|2992;-5135";2102,91519146937
"Novosibirsk49";"Novosibirsk - Omsk - Samara - ID24 - Tashkent";"2992;-5135|2661;-5156|1827;-5227|2263;-5525|2469;-5875";2102,91519146937
"Irkustk48";"Tashkent - ID24 - Samara - Omsk - Novosibirsk - ID31 - Irkustk";"2469;-5875|2263;-5525|1827;-5227|2661;-5156|2992;-5135|3675;-5202|3775;-5327";2949,27166658202
"Irkustk49";"Irkustk - ID31 - Novosibirsk - Omsk - Samara - ID24 - Tashkent";"3775;-5327|3675;-5202|2992;-5135|2661;-5156|1827;-5227|2263;-5525|2469;-5875";2949,27166658202
"ID3149";"Tashkent - ID24 - Samara - Omsk - Novosibirsk - ID31";"2469;-5875|2263;-5525|1827;-5227|2661;-5156|2992;-5135|3675;-5202";2789,19356064619
"ID3150";"ID31 - Novosibirsk - Omsk - Samara - ID24 - Tashkent";"3675;-5202|2992;-5135|2661;-5156|1827;-5227|2263;-5525|2469;-5875";2789,19356064619
"ID3248";"Tashkent - ID24 - Samara - Omsk - Novosibirsk - ID31 - Irkustk - ID32";"2469;-5875|2263;-5525|1827;-5227|2661;-5156|2992;-5135|3675;-5202|3775;-5327|4263;-5345";3437,60352095975
"ID3249";"ID32 - Irkustk - ID31 - Novosibirsk - Omsk - Samara - ID24 - Tashkent";"4263;-5345|3775;-5327|3675;-5202|2992;-5135|2661;-5156|1827;-5227|2263;-5525|2469;-5875";3437,60352095975
"ID3348";"Tashkent - ID24 - Samara - Omsk - Novosibirsk - ID31 - Irkustk - ID32 - ID33";"2469;-5875|2263;-5525|1827;-5227|2661;-5156|2992;-5135|3675;-5202|3775;-5327|4263;-5345|4361;-5198";3614,27553345749
"ID3349";"ID33 - ID32 - Irkustk - ID31 - Novosibirsk - Omsk - Samara - ID24 - Tashkent";"4361;-5198|4263;-5345|3775;-5327|3675;-5202|2992;-5135|2661;-5156|1827;-5227|2263;-5525|2469;-5875";3614,27553345749
"ID3448";"Tashkent - ID24 - Samara - Omsk - Novosibirsk - ID31 - Irkustk - ID32 - ID33 - ID34";"2469;-5875|2263;-5525|1827;-5227|2661;-5156|2992;-5135|3675;-5202|3775;-5327|4263;-5345|4361;-5198|4496;-5185";3749,90001502332
"ID3449";"ID34 - ID33 - ID32 - Irkustk - ID31 - Novosibirsk - Omsk - Samara - ID24 - Tashkent";"4496;-5185|4361;-5198|4263;-5345|3775;-5327|3675;-5202|2992;-5135|2661;-5156|1827;-5227|2263;-5525|2469;-5875";3749,90001502332
"ID3548";"Tashkent - ID24 - Samara - Omsk - Novosibirsk - ID31 - Irkustk - ID32 - ID33 - ID34 - ID44 - ID35";"2469;-5875|2263;-5525|1827;-5227|2661;-5156|2992;-5135|3675;-5202|3775;-5327|4263;-5345|4361;-5198|4496;-5185|4616;-5246|4635;-5322";3962,85328564165
"ID3549";"ID35 - ID44 - ID34 - ID33 - ID32 - Irkustk - ID31 - Novosibirsk - Omsk - Samara - ID24 - Tashkent";"4635;-5322|4616;-5246|4496;-5185|4361;-5198|4263;-5345|3775;-5327|3675;-5202|2992;-5135|2661;-5156|1827;-5227|2263;-5525|2469;-5875";3962,85328564165
"ID3648";"Tashkent - ID24 - Samara - Omsk - Novosibirsk - ID31 - Irkustk - ID32 - ID33 - ID34 - ID44 - ID35 - ID36";"2469;-5875|2263;-5525|1827;-5227|2661;-5156|2992;-5135|3675;-5202|3775;-5327|4263;-5345|4361;-5198|4496;-5185|4616;-5246|4635;-5322|4789;-5479";4182,77372580127
"ID3649";"ID36 - ID35 - ID44 - ID34 - ID33 - ID32 - Irkustk - ID31 - Novosibirsk - Omsk - Samara - ID24 - Tashkent";"4789;-5479|4635;-5322|4616;-5246|4496;-5185|4361;-5198|4263;-5345|3775;-5327|3675;-5202|2992;-5135|2661;-5156|1827;-5227|2263;-5525|2469;-5875";4182,77372580127
"Khabarovsk48";"Tashkent - ID24 - Samara - Omsk - Novosibirsk - ID31 - Irkustk - ID32 - ID33 - ID34 - ID44 - ID35 - ID36 - Khabarovsk";"2469;-5875|2263;-5525|1827;-5227|2661;-5156|2992;-5135|3675;-5202|3775;-5327|4263;-5345|4361;-5198|4496;-5185|4616;-5246|4635;-5322|4789;-5479|4895;-5447";4293,4986100866
"Khabarovsk49";"Khabarovsk - ID36 - ID35 - ID44 - ID34 - ID33 - ID32 - Irkustk - ID31 - Novosibirsk - Omsk - Samara - ID24 - Tashkent";"4895;-5447|4789;-5479|4635;-5322|4616;-5246|4496;-5185|4361;-5198|4263;-5345|3775;-5327|3675;-5202|2992;-5135|2661;-5156|1827;-5227|2263;-5525|2469;-5875";4293,4986100866
"ID3848";"Tashkent - ID24 - Samara - Omsk - Novosibirsk - ID31 - Irkustk - ID32 - ID33 - ID34 - ID44 - ID35 - ID36 - Khabarovsk - ID38";"2469;-5875|2263;-5525|1827;-5227|2661;-5156|2992;-5135|3675;-5202|3775;-5327|4263;-5345|4361;-5198|4496;-5185|4616;-5246|4635;-5322|4789;-5479|4895;-5447|4953;-5523";4389,10195730834
"ID3849";"ID38 - Khabarovsk - ID36 - ID35 - ID44 - ID34 - ID33 - ID32 - Irkustk - ID31 - Novosibirsk - Omsk - Samara - ID24 - Tashkent";"4953;-5523|4895;-5447|4789;-5479|4635;-5322|4616;-5246|4496;-5185|4361;-5198|4263;-5345|3775;-5327|3675;-5202|2992;-5135|2661;-5156|1827;-5227|2263;-5525|2469;-5875";4389,10195730834
"Vladivostok48";"Tashkent - ID24 - Samara - Omsk - Novosibirsk - ID31 - Irkustk - ID32 - ID33 - ID34 - ID44 - ID35 - ID36 - Khabarovsk - ID38 - Vladivostok";"2469;-5875|2263;-5525|1827;-5227|2661;-5156|2992;-5135|3675;-5202|3775;-5327|4263;-5345|4361;-5198|4496;-5185|4616;-5246|4635;-5322|4789;-5479|4895;-5447|4953;-5523|4843;-5751";4642,25013525951
"Vladivostok49";"Vladivostok - ID38 - Khabarovsk - ID36 - ID35 - ID44 - ID34 - ID33 - ID32 - Irkustk - ID31 - Novosibirsk - Omsk - Samara - ID24 - Tashkent";"4843;-5751|4953;-5523|4895;-5447|4789;-5479|4635;-5322|4616;-5246|4496;-5185|4361;-5198|4263;-5345|3775;-5327|3675;-5202|2992;-5135|2661;-5156|1827;-5227|2263;-5525|2469;-5875";4642,25013525951
"ID4048";"Tashkent - ID24 - Samara - ID18 - Kazan - Perm - ID40";"2469;-5875|2263;-5525|1827;-5227|1650;-5185|1784;-5076|2111;-4978|2446;-4971";1965,32411355876
"ID4049";"ID40 - Perm - Kazan - ID18 - Samara - ID24 - Tashkent";"2446;-4971|2111;-4978|1784;-5076|1650;-5185|1827;-5227|2263;-5525|2469;-5875";1965,32411355876
"ID4148";"Tashkent - ID24 - Samara - Omsk - ID41";"2469;-5875|2263;-5525|1827;-5227|2661;-5156|2583;-5016";1931,51198235462
"ID4149";"ID41 - Omsk - Samara - ID24 - Tashkent";"2583;-5016|2661;-5156|1827;-5227|2263;-5525|2469;-5875";1931,51198235462
"ID4248";"Tashkent - ID24 - Samara - ID18 - Moscou - ID3 - Petrograd - ID42";"2469;-5875|2263;-5525|1827;-5227|1650;-5185|1352;-5056|1209;-4843|1089;-4834|1006;-4742";1941,66518526931
"ID4249";"ID42 - Petrograd - ID3 - Moscou - ID18 - Samara - ID24 - Tashkent";"1006;-4742|1089;-4834|1209;-4843|1352;-5056|1650;-5185|1827;-5227|2263;-5525|2469;-5875";1941,66518526931
"ID4348";"Tashkent - ID24 - Samara - ID18 - Moscou - ID3 - Petrograd - ID43";"2469;-5875|2263;-5525|1827;-5227|1650;-5185|1352;-5056|1209;-4843|1089;-4834|1033;-4904";1907,40170123654
"ID4349";"ID43 - Petrograd - ID3 - Moscou - ID18 - Samara - ID24 - Tashkent";"1033;-4904|1089;-4834|1209;-4843|1352;-5056|1650;-5185|1827;-5227|2263;-5525|2469;-5875";1907,40170123654
"ID4448";"Tashkent - ID24 - Samara - Omsk - Novosibirsk - ID31 - Irkustk - ID32 - ID33 - ID34 - ID44";"2469;-5875|2263;-5525|1827;-5227|2661;-5156|2992;-5135|3675;-5202|3775;-5327|4263;-5345|4361;-5198|4496;-5185|4616;-5246";3884,51427875492
"ID4449";"ID44 - ID34 - ID33 - ID32 - Irkustk - ID31 - Novosibirsk - Omsk - Samara - ID24 - Tashkent";"4616;-5246|4496;-5185|4361;-5198|4263;-5345|3775;-5327|3675;-5202|2992;-5135|2661;-5156|1827;-5227|2263;-5525|2469;-5875";3884,51427875492
"Yekaterin...50";"Perm - Yekaterin...";"2111;-4978|2238;-5034";138,798414976541
"Yekaterin...51";"Yekaterin... - Perm";"2238;-5034|2111;-4978";138,798414976541
"Omsk50";"Perm - ID40 - ID41 - Omsk";"2111;-4978|2446;-4971|2583;-5016|2661;-5156";639,53665962849
"Omsk51";"Omsk - ID41 - ID40 - Perm";"2661;-5156|2583;-5016|2446;-4971|2111;-4978";639,53665962849
"Novosibirsk50";"Perm - ID40 - ID41 - Omsk - Novosibirsk";"2111;-4978|2446;-4971|2583;-5016|2661;-5156|2992;-5135";971,202153763771
"Novosibirsk51";"Novosibirsk - Omsk - ID41 - ID40 - Perm";"2992;-5135|2661;-5156|2583;-5016|2446;-4971|2111;-4978";971,202153763771
"Irkustk50";"Perm - ID40 - ID41 - Omsk - Novosibirsk - ID31 - Irkustk";"2111;-4978|2446;-4971|2583;-5016|2661;-5156|2992;-5135|3675;-5202|3775;-5327";1817,55862887642
"Irkustk51";"Irkustk - ID31 - Novosibirsk - Omsk - ID41 - ID40 - Perm";"3775;-5327|3675;-5202|2992;-5135|2661;-5156|2583;-5016|2446;-4971|2111;-4978";1817,55862887642
"ID3151";"Perm - ID40 - ID41 - Omsk - Novosibirsk - ID31";"2111;-4978|2446;-4971|2583;-5016|2661;-5156|2992;-5135|3675;-5202";1657,48052294059
"ID3152";"ID31 - Novosibirsk - Omsk - ID41 - ID40 - Perm";"3675;-5202|2992;-5135|2661;-5156|2583;-5016|2446;-4971|2111;-4978";1657,48052294059
"ID3250";"Perm - ID40 - ID41 - Omsk - Novosibirsk - ID31 - Irkustk - ID32";"2111;-4978|2446;-4971|2583;-5016|2661;-5156|2992;-5135|3675;-5202|3775;-5327|4263;-5345";2305,89048325415
"ID3251";"ID32 - Irkustk - ID31 - Novosibirsk - Omsk - ID41 - ID40 - Perm";"4263;-5345|3775;-5327|3675;-5202|2992;-5135|2661;-5156|2583;-5016|2446;-4971|2111;-4978";2305,89048325415
"ID3350";"Perm - ID40 - ID41 - Omsk - Novosibirsk - ID31 - Irkustk - ID32 - ID33";"2111;-4978|2446;-4971|2583;-5016|2661;-5156|2992;-5135|3675;-5202|3775;-5327|4263;-5345|4361;-5198";2482,56249575189
"ID3351";"ID33 - ID32 - Irkustk - ID31 - Novosibirsk - Omsk - ID41 - ID40 - Perm";"4361;-5198|4263;-5345|3775;-5327|3675;-5202|2992;-5135|2661;-5156|2583;-5016|2446;-4971|2111;-4978";2482,56249575189
"ID3450";"Perm - ID40 - ID41 - Omsk - Novosibirsk - ID31 - Irkustk - ID32 - ID33 - ID34";"2111;-4978|2446;-4971|2583;-5016|2661;-5156|2992;-5135|3675;-5202|3775;-5327|4263;-5345|4361;-5198|4496;-5185";2618,18697731772
"ID3451";"ID34 - ID33 - ID32 - Irkustk - ID31 - Novosibirsk - Omsk - ID41 - ID40 - Perm";"4496;-5185|4361;-5198|4263;-5345|3775;-5327|3675;-5202|2992;-5135|2661;-5156|2583;-5016|2446;-4971|2111;-4978";2618,18697731772
"ID3550";"Perm - ID40 - ID41 - Omsk - Novosibirsk - ID31 - Irkustk - ID32 - ID33 - ID34 - ID44 - ID35";"2111;-4978|2446;-4971|2583;-5016|2661;-5156|2992;-5135|3675;-5202|3775;-5327|4263;-5345|4361;-5198|4496;-5185|4616;-5246|4635;-5322";2831,14024793605
"ID3551";"ID35 - ID44 - ID34 - ID33 - ID32 - Irkustk - ID31 - Novosibirsk - Omsk - ID41 - ID40 - Perm";"4635;-5322|4616;-5246|4496;-5185|4361;-5198|4263;-5345|3775;-5327|3675;-5202|2992;-5135|2661;-5156|2583;-5016|2446;-4971|2111;-4978";2831,14024793605
"ID3650";"Perm - ID40 - ID41 - Omsk - Novosibirsk - ID31 - Irkustk - ID32 - ID33 - ID34 - ID44 - ID35 - ID36";"2111;-4978|2446;-4971|2583;-5016|2661;-5156|2992;-5135|3675;-5202|3775;-5327|4263;-5345|4361;-5198|4496;-5185|4616;-5246|4635;-5322|4789;-5479";3051,06068809567
"ID3651";"ID36 - ID35 - ID44 - ID34 - ID33 - ID32 - Irkustk - ID31 - Novosibirsk - Omsk - ID41 - ID40 - Perm";"4789;-5479|4635;-5322|4616;-5246|4496;-5185|4361;-5198|4263;-5345|3775;-5327|3675;-5202|2992;-5135|2661;-5156|2583;-5016|2446;-4971|2111;-4978";3051,06068809567
"Khabarovsk50";"Perm - ID40 - ID41 - Omsk - Novosibirsk - ID31 - Irkustk - ID32 - ID33 - ID34 - ID44 - ID35 - ID36 - Khabarovsk";"2111;-4978|2446;-4971|2583;-5016|2661;-5156|2992;-5135|3675;-5202|3775;-5327|4263;-5345|4361;-5198|4496;-5185|4616;-5246|4635;-5322|4789;-5479|4895;-5447";3161,785572381
"Khabarovsk51";"Khabarovsk - ID36 - ID35 - ID44 - ID34 - ID33 - ID32 - Irkustk - ID31 - Novosibirsk - Omsk - ID41 - ID40 - Perm";"4895;-5447|4789;-5479|4635;-5322|4616;-5246|4496;-5185|4361;-5198|4263;-5345|3775;-5327|3675;-5202|2992;-5135|2661;-5156|2583;-5016|2446;-4971|2111;-4978";3161,785572381
"ID3850";"Perm - ID40 - ID41 - Omsk - Novosibirsk - ID31 - Irkustk - ID32 - ID33 - ID34 - ID44 - ID35 - ID36 - Khabarovsk - ID38";"2111;-4978|2446;-4971|2583;-5016|2661;-5156|2992;-5135|3675;-5202|3775;-5327|4263;-5345|4361;-5198|4496;-5185|4616;-5246|4635;-5322|4789;-5479|4895;-5447|4953;-5523";3257,38891960274
"ID3851";"ID38 - Khabarovsk - ID36 - ID35 - ID44 - ID34 - ID33 - ID32 - Irkustk - ID31 - Novosibirsk - Omsk - ID41 - ID40 - Perm";"4953;-5523|4895;-5447|4789;-5479|4635;-5322|4616;-5246|4496;-5185|4361;-5198|4263;-5345|3775;-5327|3675;-5202|2992;-5135|2661;-5156|2583;-5016|2446;-4971|2111;-4978";3257,38891960274
"Vladivostok50";"Perm - ID40 - ID41 - Omsk - Novosibirsk - ID31 - Irkustk - ID32 - ID33 - ID34 - ID44 - ID35 - ID36 - Khabarovsk - ID38 - Vladivostok";"2111;-4978|2446;-4971|2583;-5016|2661;-5156|2992;-5135|3675;-5202|3775;-5327|4263;-5345|4361;-5198|4496;-5185|4616;-5246|4635;-5322|4789;-5479|4895;-5447|4953;-5523|4843;-5751";3510,53709755391
"Vladivostok51";"Vladivostok - ID38 - Khabarovsk - ID36 - ID35 - ID44 - ID34 - ID33 - ID32 - Irkustk - ID31 - Novosibirsk - Omsk - ID41 - ID40 - Perm";"4843;-5751|4953;-5523|4895;-5447|4789;-5479|4635;-5322|4616;-5246|4496;-5185|4361;-5198|4263;-5345|3775;-5327|3675;-5202|2992;-5135|2661;-5156|2583;-5016|2446;-4971|2111;-4978";3510,53709755391
"ID4050";"Perm - ID40";"2111;-4978|2446;-4971";335,073126347071
"ID4051";"ID40 - Perm";"2446;-4971|2111;-4978";335,073126347071
"ID4150";"Perm - ID40 - ID41";"2111;-4978|2446;-4971|2583;-5016";479,274374607965
"ID4151";"ID41 - ID40 - Perm";"2583;-5016|2446;-4971|2111;-4978";479,274374607965
"ID4250";"Perm - Kazan - Moscou - ID3 - Petrograd - ID42";"2111;-4978|1784;-5076|1352;-5056|1209;-4843|1089;-4834|1006;-4742";1274,62645674521
"ID4251";"ID42 - Petrograd - ID3 - Moscou - Kazan - Perm";"1006;-4742|1089;-4834|1209;-4843|1352;-5056|1784;-5076|2111;-4978";1274,62645674521
"ID4350";"Perm - Kazan - Moscou - ID3 - Petrograd - ID43";"2111;-4978|1784;-5076|1352;-5056|1209;-4843|1089;-4834|1033;-4904";1240,36297271244
"ID4351";"ID43 - Petrograd - ID3 - Moscou - Kazan - Perm";"1033;-4904|1089;-4834|1209;-4843|1352;-5056|1784;-5076|2111;-4978";1240,36297271244
"ID4450";"Perm - ID40 - ID41 - Omsk - Novosibirsk - ID31 - Irkustk - ID32 - ID33 - ID34 - ID44";"2111;-4978|2446;-4971|2583;-5016|2661;-5156|2992;-5135|3675;-5202|3775;-5327|4263;-5345|4361;-5198|4496;-5185|4616;-5246";2752,80124104931
"ID4451";"ID44 - ID34 - ID33 - ID32 - Irkustk - ID31 - Novosibirsk - Omsk - ID41 - ID40 - Perm";"4616;-5246|4496;-5185|4361;-5198|4263;-5345|3775;-5327|3675;-5202|2992;-5135|2661;-5156|2583;-5016|2446;-4971|2111;-4978";2752,80124104931
"Omsk52";"Yekaterin... - ID40 - ID41 - Omsk";"2238;-5034|2446;-4971|2583;-5016|2661;-5156";521,795077241333
"Omsk53";"Omsk - ID41 - ID40 - Yekaterin...";"2661;-5156|2583;-5016|2446;-4971|2238;-5034";521,795077241333
"Novosibirsk52";"Yekaterin... - ID40 - ID41 - Omsk - Novosibirsk";"2238;-5034|2446;-4971|2583;-5016|2661;-5156|2992;-5135";853,460571376614
"Novosibirsk53";"Novosibirsk - Omsk - ID41 - ID40 - Yekaterin...";"2992;-5135|2661;-5156|2583;-5016|2446;-4971|2238;-5034";853,460571376614
"Irkustk52";"Yekaterin... - ID40 - ID41 - Omsk - Novosibirsk - ID31 - Irkustk";"2238;-5034|2446;-4971|2583;-5016|2661;-5156|2992;-5135|3675;-5202|3775;-5327";1699,81704648926
"Irkustk53";"Irkustk - ID31 - Novosibirsk - Omsk - ID41 - ID40 - Yekaterin...";"3775;-5327|3675;-5202|2992;-5135|2661;-5156|2583;-5016|2446;-4971|2238;-5034";1699,81704648926
"ID3153";"Yekaterin... - ID40 - ID41 - Omsk - Novosibirsk - ID31";"2238;-5034|2446;-4971|2583;-5016|2661;-5156|2992;-5135|3675;-5202";1539,73894055344
"ID3154";"ID31 - Novosibirsk - Omsk - ID41 - ID40 - Yekaterin...";"3675;-5202|2992;-5135|2661;-5156|2583;-5016|2446;-4971|2238;-5034";1539,73894055344
"ID3252";"Yekaterin... - ID40 - ID41 - Omsk - Novosibirsk - ID31 - Irkustk - ID32";"2238;-5034|2446;-4971|2583;-5016|2661;-5156|2992;-5135|3675;-5202|3775;-5327|4263;-5345";2188,148900867
"ID3253";"ID32 - Irkustk - ID31 - Novosibirsk - Omsk - ID41 - ID40 - Yekaterin...";"4263;-5345|3775;-5327|3675;-5202|2992;-5135|2661;-5156|2583;-5016|2446;-4971|2238;-5034";2188,148900867
"ID3352";"Yekaterin... - ID40 - ID41 - Omsk - Novosibirsk - ID31 - Irkustk - ID32 - ID33";"2238;-5034|2446;-4971|2583;-5016|2661;-5156|2992;-5135|3675;-5202|3775;-5327|4263;-5345|4361;-5198";2364,82091336473
"ID3353";"ID33 - ID32 - Irkustk - ID31 - Novosibirsk - Omsk - ID41 - ID40 - Yekaterin...";"4361;-5198|4263;-5345|3775;-5327|3675;-5202|2992;-5135|2661;-5156|2583;-5016|2446;-4971|2238;-5034";2364,82091336473
"ID3452";"Yekaterin... - ID40 - ID41 - Omsk - Novosibirsk - ID31 - Irkustk - ID32 - ID33 - ID34";"2238;-5034|2446;-4971|2583;-5016|2661;-5156|2992;-5135|3675;-5202|3775;-5327|4263;-5345|4361;-5198|4496;-5185";2500,44539493056
"ID3453";"ID34 - ID33 - ID32 - Irkustk - ID31 - Novosibirsk - Omsk - ID41 - ID40 - Yekaterin...";"4496;-5185|4361;-5198|4263;-5345|3775;-5327|3675;-5202|2992;-5135|2661;-5156|2583;-5016|2446;-4971|2238;-5034";2500,44539493056
"ID3552";"Yekaterin... - ID40 - ID41 - Omsk - Novosibirsk - ID31 - Irkustk - ID32 - ID33 - ID34 - ID44 - ID35";"2238;-5034|2446;-4971|2583;-5016|2661;-5156|2992;-5135|3675;-5202|3775;-5327|4263;-5345|4361;-5198|4496;-5185|4616;-5246|4635;-5322";2713,39866554889
"ID3553";"ID35 - ID44 - ID34 - ID33 - ID32 - Irkustk - ID31 - Novosibirsk - Omsk - ID41 - ID40 - Yekaterin...";"4635;-5322|4616;-5246|4496;-5185|4361;-5198|4263;-5345|3775;-5327|3675;-5202|2992;-5135|2661;-5156|2583;-5016|2446;-4971|2238;-5034";2713,39866554889
"ID3652";"Yekaterin... - ID40 - ID41 - Omsk - Novosibirsk - ID31 - Irkustk - ID32 - ID33 - ID34 - ID44 - ID35 - ID36";"2238;-5034|2446;-4971|2583;-5016|2661;-5156|2992;-5135|3675;-5202|3775;-5327|4263;-5345|4361;-5198|4496;-5185|4616;-5246|4635;-5322|4789;-5479";2933,31910570851
"ID3653";"ID36 - ID35 - ID44 - ID34 - ID33 - ID32 - Irkustk - ID31 - Novosibirsk - Omsk - ID41 - ID40 - Yekaterin...";"4789;-5479|4635;-5322|4616;-5246|4496;-5185|4361;-5198|4263;-5345|3775;-5327|3675;-5202|2992;-5135|2661;-5156|2583;-5016|2446;-4971|2238;-5034";2933,31910570851
"Khabarovsk52";"Yekaterin... - ID40 - ID41 - Omsk - Novosibirsk - ID31 - Irkustk - ID32 - ID33 - ID34 - ID44 - ID35 - ID36 - Khabarovsk";"2238;-5034|2446;-4971|2583;-5016|2661;-5156|2992;-5135|3675;-5202|3775;-5327|4263;-5345|4361;-5198|4496;-5185|4616;-5246|4635;-5322|4789;-5479|4895;-5447";3044,04398999384
"Khabarovsk53";"Khabarovsk - ID36 - ID35 - ID44 - ID34 - ID33 - ID32 - Irkustk - ID31 - Novosibirsk - Omsk - ID41 - ID40 - Yekaterin...";"4895;-5447|4789;-5479|4635;-5322|4616;-5246|4496;-5185|4361;-5198|4263;-5345|3775;-5327|3675;-5202|2992;-5135|2661;-5156|2583;-5016|2446;-4971|2238;-5034";3044,04398999384
"ID3852";"Yekaterin... - ID40 - ID41 - Omsk - Novosibirsk - ID31 - Irkustk - ID32 - ID33 - ID34 - ID44 - ID35 - ID36 - Khabarovsk - ID38";"2238;-5034|2446;-4971|2583;-5016|2661;-5156|2992;-5135|3675;-5202|3775;-5327|4263;-5345|4361;-5198|4496;-5185|4616;-5246|4635;-5322|4789;-5479|4895;-5447|4953;-5523";3139,64733721558
"ID3853";"ID38 - Khabarovsk - ID36 - ID35 - ID44 - ID34 - ID33 - ID32 - Irkustk - ID31 - Novosibirsk - Omsk - ID41 - ID40 - Yekaterin...";"4953;-5523|4895;-5447|4789;-5479|4635;-5322|4616;-5246|4496;-5185|4361;-5198|4263;-5345|3775;-5327|3675;-5202|2992;-5135|2661;-5156|2583;-5016|2446;-4971|2238;-5034";3139,64733721558
"Vladivostok52";"Yekaterin... - ID40 - ID41 - Omsk - Novosibirsk - ID31 - Irkustk - ID32 - ID33 - ID34 - ID44 - ID35 - ID36 - Khabarovsk - ID38 - Vladivostok";"2238;-5034|2446;-4971|2583;-5016|2661;-5156|2992;-5135|3675;-5202|3775;-5327|4263;-5345|4361;-5198|4496;-5185|4616;-5246|4635;-5322|4789;-5479|4895;-5447|4953;-5523|4843;-5751";3392,79551516675
"Vladivostok53";"Vladivostok - ID38 - Khabarovsk - ID36 - ID35 - ID44 - ID34 - ID33 - ID32 - Irkustk - ID31 - Novosibirsk - Omsk - ID41 - ID40 - Yekaterin...";"4843;-5751|4953;-5523|4895;-5447|4789;-5479|4635;-5322|4616;-5246|4496;-5185|4361;-5198|4263;-5345|3775;-5327|3675;-5202|2992;-5135|2661;-5156|2583;-5016|2446;-4971|2238;-5034";3392,79551516675
"ID4052";"Yekaterin... - ID40";"2238;-5034|2446;-4971";217,331543959914
"ID4053";"ID40 - Yekaterin...";"2446;-4971|2238;-5034";217,331543959914
"ID4152";"Yekaterin... - ID40 - ID41";"2238;-5034|2446;-4971|2583;-5016";361,532792220808
"ID4153";"ID41 - ID40 - Yekaterin...";"2583;-5016|2446;-4971|2238;-5034";361,532792220808
"ID4252";"Yekaterin... - Perm - Kazan - Moscou - ID3 - Petrograd - ID42";"2238;-5034|2111;-4978|1784;-5076|1352;-5056|1209;-4843|1089;-4834|1006;-4742";1413,42487172175
"ID4253";"ID42 - Petrograd - ID3 - Moscou - Kazan - Perm - Yekaterin...";"1006;-4742|1089;-4834|1209;-4843|1352;-5056|1784;-5076|2111;-4978|2238;-5034";1413,42487172175
"ID4352";"Yekaterin... - Perm - Kazan - Moscou - ID3 - Petrograd - ID43";"2238;-5034|2111;-4978|1784;-5076|1352;-5056|1209;-4843|1089;-4834|1033;-4904";1379,16138768898
"ID4353";"ID43 - Petrograd - ID3 - Moscou - Kazan - Perm - Yekaterin...";"1033;-4904|1089;-4834|1209;-4843|1352;-5056|1784;-5076|2111;-4978|2238;-5034";1379,16138768898
"ID4452";"Yekaterin... - ID40 - ID41 - Omsk - Novosibirsk - ID31 - Irkustk - ID32 - ID33 - ID34 - ID44";"2238;-5034|2446;-4971|2583;-5016|2661;-5156|2992;-5135|3675;-5202|3775;-5327|4263;-5345|4361;-5198|4496;-5185|4616;-5246";2635,05965866216
"ID4453";"ID44 - ID34 - ID33 - ID32 - Irkustk - ID31 - Novosibirsk - Omsk - ID41 - ID40 - Yekaterin...";"4616;-5246|4496;-5185|4361;-5198|4263;-5345|3775;-5327|3675;-5202|2992;-5135|2661;-5156|2583;-5016|2446;-4971|2238;-5034";2635,05965866216
"Novosibirsk54";"Omsk - Novosibirsk";"2661;-5156|2992;-5135";331,665494135281
"Novosibirsk55";"Novosibirsk - Omsk";"2992;-5135|2661;-5156";331,665494135281
"Irkustk54";"Omsk - Novosibirsk - ID31 - Irkustk";"2661;-5156|2992;-5135|3675;-5202|3775;-5327";1178,02196924793
"Irkustk55";"Irkustk - ID31 - Novosibirsk - Omsk";"3775;-5327|3675;-5202|2992;-5135|2661;-5156";1178,02196924793
"ID3155";"Omsk - Novosibirsk - ID31";"2661;-5156|2992;-5135|3675;-5202";1017,9438633121
"ID3156";"ID31 - Novosibirsk - Omsk";"3675;-5202|2992;-5135|2661;-5156";1017,9438633121
"ID3254";"Omsk - Novosibirsk - ID31 - Irkustk - ID32";"2661;-5156|2992;-5135|3675;-5202|3775;-5327|4263;-5345";1666,35382362566
"ID3255";"ID32 - Irkustk - ID31 - Novosibirsk - Omsk";"4263;-5345|3775;-5327|3675;-5202|2992;-5135|2661;-5156";1666,35382362566
"ID3354";"Omsk - Novosibirsk - ID31 - Irkustk - ID32 - ID33";"2661;-5156|2992;-5135|3675;-5202|3775;-5327|4263;-5345|4361;-5198";1843,0258361234
"ID3355";"ID33 - ID32 - Irkustk - ID31 - Novosibirsk - Omsk";"4361;-5198|4263;-5345|3775;-5327|3675;-5202|2992;-5135|2661;-5156";1843,0258361234
"ID3454";"Omsk - Novosibirsk - ID31 - Irkustk - ID32 - ID33 - ID34";"2661;-5156|2992;-5135|3675;-5202|3775;-5327|4263;-5345|4361;-5198|4496;-5185";1978,65031768923
"ID3455";"ID34 - ID33 - ID32 - Irkustk - ID31 - Novosibirsk - Omsk";"4496;-5185|4361;-5198|4263;-5345|3775;-5327|3675;-5202|2992;-5135|2661;-5156";1978,65031768923
"ID3554";"Omsk - Novosibirsk - ID31 - Irkustk - ID32 - ID33 - ID34 - ID44 - ID35";"2661;-5156|2992;-5135|3675;-5202|3775;-5327|4263;-5345|4361;-5198|4496;-5185|4616;-5246|4635;-5322";2191,60358830756
"ID3555";"ID35 - ID44 - ID34 - ID33 - ID32 - Irkustk - ID31 - Novosibirsk - Omsk";"4635;-5322|4616;-5246|4496;-5185|4361;-5198|4263;-5345|3775;-5327|3675;-5202|2992;-5135|2661;-5156";2191,60358830756
"ID3654";"Omsk - Novosibirsk - ID31 - Irkustk - ID32 - ID33 - ID34 - ID44 - ID35 - ID36";"2661;-5156|2992;-5135|3675;-5202|3775;-5327|4263;-5345|4361;-5198|4496;-5185|4616;-5246|4635;-5322|4789;-5479";2411,52402846718
"ID3655";"ID36 - ID35 - ID44 - ID34 - ID33 - ID32 - Irkustk - ID31 - Novosibirsk - Omsk";"4789;-5479|4635;-5322|4616;-5246|4496;-5185|4361;-5198|4263;-5345|3775;-5327|3675;-5202|2992;-5135|2661;-5156";2411,52402846718
"Khabarovsk54";"Omsk - Novosibirsk - ID31 - Irkustk - ID32 - ID33 - ID34 - ID44 - ID35 - ID36 - Khabarovsk";"2661;-5156|2992;-5135|3675;-5202|3775;-5327|4263;-5345|4361;-5198|4496;-5185|4616;-5246|4635;-5322|4789;-5479|4895;-5447";2522,24891275251
"Khabarovsk55";"Khabarovsk - ID36 - ID35 - ID44 - ID34 - ID33 - ID32 - Irkustk - ID31 - Novosibirsk - Omsk";"4895;-5447|4789;-5479|4635;-5322|4616;-5246|4496;-5185|4361;-5198|4263;-5345|3775;-5327|3675;-5202|2992;-5135|2661;-5156";2522,24891275251
"ID3854";"Omsk - Novosibirsk - ID31 - Irkustk - ID32 - ID33 - ID34 - ID44 - ID35 - ID36 - Khabarovsk - ID38";"2661;-5156|2992;-5135|3675;-5202|3775;-5327|4263;-5345|4361;-5198|4496;-5185|4616;-5246|4635;-5322|4789;-5479|4895;-5447|4953;-5523";2617,85225997425
"ID3855";"ID38 - Khabarovsk - ID36 - ID35 - ID44 - ID34 - ID33 - ID32 - Irkustk - ID31 - Novosibirsk - Omsk";"4953;-5523|4895;-5447|4789;-5479|4635;-5322|4616;-5246|4496;-5185|4361;-5198|4263;-5345|3775;-5327|3675;-5202|2992;-5135|2661;-5156";2617,85225997425
"Vladivostok54";"Omsk - Novosibirsk - ID31 - Irkustk - ID32 - ID33 - ID34 - ID44 - ID35 - ID36 - Khabarovsk - ID38 - Vladivostok";"2661;-5156|2992;-5135|3675;-5202|3775;-5327|4263;-5345|4361;-5198|4496;-5185|4616;-5246|4635;-5322|4789;-5479|4895;-5447|4953;-5523|4843;-5751";2871,00043792542
"Vladivostok55";"Vladivostok - ID38 - Khabarovsk - ID36 - ID35 - ID44 - ID34 - ID33 - ID32 - Irkustk - ID31 - Novosibirsk - Omsk";"4843;-5751|4953;-5523|4895;-5447|4789;-5479|4635;-5322|4616;-5246|4496;-5185|4361;-5198|4263;-5345|3775;-5327|3675;-5202|2992;-5135|2661;-5156";2871,00043792542
"ID4054";"Omsk - ID41 - ID40";"2661;-5156|2583;-5016|2446;-4971";304,463533281419
"ID4055";"ID40 - ID41 - Omsk";"2446;-4971|2583;-5016|2661;-5156";304,463533281419
"ID4154";"Omsk - ID41";"2661;-5156|2583;-5016";160,262285020525
"ID4155";"ID41 - Omsk";"2583;-5016|2661;-5156";160,262285020525
"ID4254";"Omsk - Samara - ID18 - Moscou - ID3 - Petrograd - ID42";"2661;-5156|1827;-5227|1650;-5185|1352;-5056|1209;-4843|1089;-4834|1006;-4742";1844,44894040862
"ID4255";"ID42 - Petrograd - ID3 - Moscou - ID18 - Samara - Omsk";"1006;-4742|1089;-4834|1209;-4843|1352;-5056|1650;-5185|1827;-5227|2661;-5156";1844,44894040862
"ID4354";"Omsk - Samara - ID18 - Moscou - ID3 - Petrograd - ID43";"2661;-5156|1827;-5227|1650;-5185|1352;-5056|1209;-4843|1089;-4834|1033;-4904";1810,18545637584
"ID4355";"ID43 - Petrograd - ID3 - Moscou - ID18 - Samara - Omsk";"1033;-4904|1089;-4834|1209;-4843|1352;-5056|1650;-5185|1827;-5227|2661;-5156";1810,18545637584
"ID4454";"Omsk - Novosibirsk - ID31 - Irkustk - ID32 - ID33 - ID34 - ID44";"2661;-5156|2992;-5135|3675;-5202|3775;-5327|4263;-5345|4361;-5198|4496;-5185|4616;-5246";2113,26458142082
"ID4455";"ID44 - ID34 - ID33 - ID32 - Irkustk - ID31 - Novosibirsk - Omsk";"4616;-5246|4496;-5185|4361;-5198|4263;-5345|3775;-5327|3675;-5202|2992;-5135|2661;-5156";2113,26458142082
"Irkustk56";"Novosibirsk - ID31 - Irkustk";"2992;-5135|3675;-5202|3775;-5327";846,356475112644
"Irkustk57";"Irkustk - ID31 - Novosibirsk";"3775;-5327|3675;-5202|2992;-5135";846,356475112644
"ID3157";"Novosibirsk - ID31";"2992;-5135|3675;-5202";686,278369176823
"ID3158";"ID31 - Novosibirsk";"3675;-5202|2992;-5135";686,278369176823
"ID3256";"Novosibirsk - ID31 - Irkustk - ID32";"2992;-5135|3675;-5202|3775;-5327|4263;-5345";1334,68832949038
"ID3257";"ID32 - Irkustk - ID31 - Novosibirsk";"4263;-5345|3775;-5327|3675;-5202|2992;-5135";1334,68832949038
"ID3356";"Novosibirsk - ID31 - Irkustk - ID32 - ID33";"2992;-5135|3675;-5202|3775;-5327|4263;-5345|4361;-5198";1511,36034198812
"ID3357";"ID33 - ID32 - Irkustk - ID31 - Novosibirsk";"4361;-5198|4263;-5345|3775;-5327|3675;-5202|2992;-5135";1511,36034198812
"ID3456";"Novosibirsk - ID31 - Irkustk - ID32 - ID33 - ID34";"2992;-5135|3675;-5202|3775;-5327|4263;-5345|4361;-5198|4496;-5185";1646,98482355395
"ID3457";"ID34 - ID33 - ID32 - Irkustk - ID31 - Novosibirsk";"4496;-5185|4361;-5198|4263;-5345|3775;-5327|3675;-5202|2992;-5135";1646,98482355395
"ID3556";"Novosibirsk - ID31 - Irkustk - ID32 - ID33 - ID34 - ID44 - ID35";"2992;-5135|3675;-5202|3775;-5327|4263;-5345|4361;-5198|4496;-5185|4616;-5246|4635;-5322";1859,93809417228
"ID3557";"ID35 - ID44 - ID34 - ID33 - ID32 - Irkustk - ID31 - Novosibirsk";"4635;-5322|4616;-5246|4496;-5185|4361;-5198|4263;-5345|3775;-5327|3675;-5202|2992;-5135";1859,93809417228
"ID3656";"Novosibirsk - ID31 - Irkustk - ID32 - ID33 - ID34 - ID44 - ID35 - ID36";"2992;-5135|3675;-5202|3775;-5327|4263;-5345|4361;-5198|4496;-5185|4616;-5246|4635;-5322|4789;-5479";2079,8585343319
"ID3657";"ID36 - ID35 - ID44 - ID34 - ID33 - ID32 - Irkustk - ID31 - Novosibirsk";"4789;-5479|4635;-5322|4616;-5246|4496;-5185|4361;-5198|4263;-5345|3775;-5327|3675;-5202|2992;-5135";2079,8585343319
"Khabarovsk56";"Novosibirsk - ID31 - Irkustk - ID32 - ID33 - ID34 - ID44 - ID35 - ID36 - Khabarovsk";"2992;-5135|3675;-5202|3775;-5327|4263;-5345|4361;-5198|4496;-5185|4616;-5246|4635;-5322|4789;-5479|4895;-5447";2190,58341861723
"Khabarovsk57";"Khabarovsk - ID36 - ID35 - ID44 - ID34 - ID33 - ID32 - Irkustk - ID31 - Novosibirsk";"4895;-5447|4789;-5479|4635;-5322|4616;-5246|4496;-5185|4361;-5198|4263;-5345|3775;-5327|3675;-5202|2992;-5135";2190,58341861723
"ID3856";"Novosibirsk - ID31 - Irkustk - ID32 - ID33 - ID34 - ID44 - ID35 - ID36 - Khabarovsk - ID38";"2992;-5135|3675;-5202|3775;-5327|4263;-5345|4361;-5198|4496;-5185|4616;-5246|4635;-5322|4789;-5479|4895;-5447|4953;-5523";2286,18676583897
"ID3857";"ID38 - Khabarovsk - ID36 - ID35 - ID44 - ID34 - ID33 - ID32 - Irkustk - ID31 - Novosibirsk";"4953;-5523|4895;-5447|4789;-5479|4635;-5322|4616;-5246|4496;-5185|4361;-5198|4263;-5345|3775;-5327|3675;-5202|2992;-5135";2286,18676583897
"Vladivostok56";"Novosibirsk - ID31 - Irkustk - ID32 - ID33 - ID34 - ID44 - ID35 - ID36 - Khabarovsk - ID38 - Vladivostok";"2992;-5135|3675;-5202|3775;-5327|4263;-5345|4361;-5198|4496;-5185|4616;-5246|4635;-5322|4789;-5479|4895;-5447|4953;-5523|4843;-5751";2539,33494379014
"Vladivostok57";"Vladivostok - ID38 - Khabarovsk - ID36 - ID35 - ID44 - ID34 - ID33 - ID32 - Irkustk - ID31 - Novosibirsk";"4843;-5751|4953;-5523|4895;-5447|4789;-5479|4635;-5322|4616;-5246|4496;-5185|4361;-5198|4263;-5345|3775;-5327|3675;-5202|2992;-5135";2539,33494379014
"ID4056";"Novosibirsk - Omsk - ID41 - ID40";"2992;-5135|2661;-5156|2583;-5016|2446;-4971";636,1290274167
"ID4057";"ID40 - ID41 - Omsk - Novosibirsk";"2446;-4971|2583;-5016|2661;-5156|2992;-5135";636,1290274167
"ID4156";"Novosibirsk - Omsk - ID41";"2992;-5135|2661;-5156|2583;-5016";491,927779155806
"ID4157";"ID41 - Omsk - Novosibirsk";"2583;-5016|2661;-5156|2992;-5135";491,927779155806
"ID4256";"Novosibirsk - Omsk - Samara - ID18 - Moscou - ID3 - Petrograd - ID42";"2992;-5135|2661;-5156|1827;-5227|1650;-5185|1352;-5056|1209;-4843|1089;-4834|1006;-4742";2176,1144345439
"ID4257";"ID42 - Petrograd - ID3 - Moscou - ID18 - Samara - Omsk - Novosibirsk";"1006;-4742|1089;-4834|1209;-4843|1352;-5056|1650;-5185|1827;-5227|2661;-5156|2992;-5135";2176,1144345439
"ID4356";"Novosibirsk - Omsk - Samara - ID18 - Moscou - ID3 - Petrograd - ID43";"2992;-5135|2661;-5156|1827;-5227|1650;-5185|1352;-5056|1209;-4843|1089;-4834|1033;-4904";2141,85095051112
"ID4357";"ID43 - Petrograd - ID3 - Moscou - ID18 - Samara - Omsk - Novosibirsk";"1033;-4904|1089;-4834|1209;-4843|1352;-5056|1650;-5185|1827;-5227|2661;-5156|2992;-5135";2141,85095051112
"ID4456";"Novosibirsk - ID31 - Irkustk - ID32 - ID33 - ID34 - ID44";"2992;-5135|3675;-5202|3775;-5327|4263;-5345|4361;-5198|4496;-5185|4616;-5246";1781,59908728554
"ID4457";"ID44 - ID34 - ID33 - ID32 - Irkustk - ID31 - Novosibirsk";"4616;-5246|4496;-5185|4361;-5198|4263;-5345|3775;-5327|3675;-5202|2992;-5135";1781,59908728554
"ID3159";"Irkustk - ID31";"3775;-5327|3675;-5202";160,078105935821
"ID3160";"ID31 - Irkustk";"3675;-5202|3775;-5327";160,078105935821
"ID3258";"Irkustk - ID32";"3775;-5327|4263;-5345";488,331854377738
"ID3259";"ID32 - Irkustk";"4263;-5345|3775;-5327";488,331854377738
"ID3358";"Irkustk - ID32 - ID33";"3775;-5327|4263;-5345|4361;-5198";665,003866875473
"ID3359";"ID33 - ID32 - Irkustk";"4361;-5198|4263;-5345|3775;-5327";665,003866875473
"ID3458";"Irkustk - ID32 - ID33 - ID34";"3775;-5327|4263;-5345|4361;-5198|4496;-5185";800,628348441302
"ID3459";"ID34 - ID33 - ID32 - Irkustk";"4496;-5185|4361;-5198|4263;-5345|3775;-5327";800,628348441302
"ID3558";"Irkustk - ID32 - ID33 - ID34 - ID44 - ID35";"3775;-5327|4263;-5345|4361;-5198|4496;-5185|4616;-5246|4635;-5322";1013,58161905964
"ID3559";"ID35 - ID44 - ID34 - ID33 - ID32 - Irkustk";"4635;-5322|4616;-5246|4496;-5185|4361;-5198|4263;-5345|3775;-5327";1013,58161905964
"ID3658";"Irkustk - ID32 - ID33 - ID34 - ID44 - ID35 - ID36";"3775;-5327|4263;-5345|4361;-5198|4496;-5185|4616;-5246|4635;-5322|4789;-5479";1233,50205921925
"ID3659";"ID36 - ID35 - ID44 - ID34 - ID33 - ID32 - Irkustk";"4789;-5479|4635;-5322|4616;-5246|4496;-5185|4361;-5198|4263;-5345|3775;-5327";1233,50205921925
"Khabarovsk58";"Irkustk - ID32 - ID33 - ID34 - ID44 - ID35 - ID36 - Khabarovsk";"3775;-5327|4263;-5345|4361;-5198|4496;-5185|4616;-5246|4635;-5322|4789;-5479|4895;-5447";1344,22694350458
"Khabarovsk59";"Khabarovsk - ID36 - ID35 - ID44 - ID34 - ID33 - ID32 - Irkustk";"4895;-5447|4789;-5479|4635;-5322|4616;-5246|4496;-5185|4361;-5198|4263;-5345|3775;-5327";1344,22694350458
"ID3858";"Irkustk - ID32 - ID33 - ID34 - ID44 - ID35 - ID36 - Khabarovsk - ID38";"3775;-5327|4263;-5345|4361;-5198|4496;-5185|4616;-5246|4635;-5322|4789;-5479|4895;-5447|4953;-5523";1439,83029072632
"ID3859";"ID38 - Khabarovsk - ID36 - ID35 - ID44 - ID34 - ID33 - ID32 - Irkustk";"4953;-5523|4895;-5447|4789;-5479|4635;-5322|4616;-5246|4496;-5185|4361;-5198|4263;-5345|3775;-5327";1439,83029072632
"Vladivostok58";"Irkustk - ID32 - ID33 - ID34 - ID44 - ID35 - ID36 - Khabarovsk - ID38 - Vladivostok";"3775;-5327|4263;-5345|4361;-5198|4496;-5185|4616;-5246|4635;-5322|4789;-5479|4895;-5447|4953;-5523|4843;-5751";1692,9784686775
"Vladivostok59";"Vladivostok - ID38 - Khabarovsk - ID36 - ID35 - ID44 - ID34 - ID33 - ID32 - Irkustk";"4843;-5751|4953;-5523|4895;-5447|4789;-5479|4635;-5322|4616;-5246|4496;-5185|4361;-5198|4263;-5345|3775;-5327";1692,9784686775
"ID4058";"Irkustk - ID31 - Novosibirsk - Omsk - ID41 - ID40";"3775;-5327|3675;-5202|2992;-5135|2661;-5156|2583;-5016|2446;-4971";1482,48550252934
"ID4059";"ID40 - ID41 - Omsk - Novosibirsk - ID31 - Irkustk";"2446;-4971|2583;-5016|2661;-5156|2992;-5135|3675;-5202|3775;-5327";1482,48550252934
"ID4158";"Irkustk - ID31 - Novosibirsk - Omsk - ID41";"3775;-5327|3675;-5202|2992;-5135|2661;-5156|2583;-5016";1338,28425426845
"ID4159";"ID41 - Omsk - Novosibirsk - ID31 - Irkustk";"2583;-5016|2661;-5156|2992;-5135|3675;-5202|3775;-5327";1338,28425426845
"ID4258";"Irkustk - ID31 - Novosibirsk - Omsk - Samara - ID18 - Moscou - ID3 - Petrograd - ID42";"3775;-5327|3675;-5202|2992;-5135|2661;-5156|1827;-5227|1650;-5185|1352;-5056|1209;-4843|1089;-4834|1006;-4742";3022,47090965654
"ID4259";"ID42 - Petrograd - ID3 - Moscou - ID18 - Samara - Omsk - Novosibirsk - ID31 - Irkustk";"1006;-4742|1089;-4834|1209;-4843|1352;-5056|1650;-5185|1827;-5227|2661;-5156|2992;-5135|3675;-5202|3775;-5327";3022,47090965654
"ID4358";"Irkustk - ID31 - Novosibirsk - Omsk - Samara - ID18 - Moscou - ID3 - Petrograd - ID43";"3775;-5327|3675;-5202|2992;-5135|2661;-5156|1827;-5227|1650;-5185|1352;-5056|1209;-4843|1089;-4834|1033;-4904";2988,20742562377
"ID4359";"ID43 - Petrograd - ID3 - Moscou - ID18 - Samara - Omsk - Novosibirsk - ID31 - Irkustk";"1033;-4904|1089;-4834|1209;-4843|1352;-5056|1650;-5185|1827;-5227|2661;-5156|2992;-5135|3675;-5202|3775;-5327";2988,20742562377
"ID4458";"Irkustk - ID32 - ID33 - ID34 - ID44";"3775;-5327|4263;-5345|4361;-5198|4496;-5185|4616;-5246";935,2426121729
"ID4459";"ID44 - ID34 - ID33 - ID32 - Irkustk";"4616;-5246|4496;-5185|4361;-5198|4263;-5345|3775;-5327";935,2426121729
"ID3260";"ID31 - Irkustk - ID32";"3675;-5202|3775;-5327|4263;-5345";648,409960313559
"ID3261";"ID32 - Irkustk - ID31";"4263;-5345|3775;-5327|3675;-5202";648,409960313559
"ID3360";"ID31 - Irkustk - ID32 - ID33";"3675;-5202|3775;-5327|4263;-5345|4361;-5198";825,081972811294
"ID3361";"ID33 - ID32 - Irkustk - ID31";"4361;-5198|4263;-5345|3775;-5327|3675;-5202";825,081972811294
"ID3460";"ID31 - Irkustk - ID32 - ID33 - ID34";"3675;-5202|3775;-5327|4263;-5345|4361;-5198|4496;-5185";960,706454377124
"ID3461";"ID34 - ID33 - ID32 - Irkustk - ID31";"4496;-5185|4361;-5198|4263;-5345|3775;-5327|3675;-5202";960,706454377124
"ID3560";"ID31 - Irkustk - ID32 - ID33 - ID34 - ID44 - ID35";"3675;-5202|3775;-5327|4263;-5345|4361;-5198|4496;-5185|4616;-5246|4635;-5322";1173,65972499546
"ID3561";"ID35 - ID44 - ID34 - ID33 - ID32 - Irkustk - ID31";"4635;-5322|4616;-5246|4496;-5185|4361;-5198|4263;-5345|3775;-5327|3675;-5202";1173,65972499546
"ID3660";"ID31 - Irkustk - ID32 - ID33 - ID34 - ID44 - ID35 - ID36";"3675;-5202|3775;-5327|4263;-5345|4361;-5198|4496;-5185|4616;-5246|4635;-5322|4789;-5479";1393,58016515507
"ID3661";"ID36 - ID35 - ID44 - ID34 - ID33 - ID32 - Irkustk - ID31";"4789;-5479|4635;-5322|4616;-5246|4496;-5185|4361;-5198|4263;-5345|3775;-5327|3675;-5202";1393,58016515507
"Khabarovsk60";"ID31 - Irkustk - ID32 - ID33 - ID34 - ID44 - ID35 - ID36 - Khabarovsk";"3675;-5202|3775;-5327|4263;-5345|4361;-5198|4496;-5185|4616;-5246|4635;-5322|4789;-5479|4895;-5447";1504,30504944041
"Khabarovsk61";"Khabarovsk - ID36 - ID35 - ID44 - ID34 - ID33 - ID32 - Irkustk - ID31";"4895;-5447|4789;-5479|4635;-5322|4616;-5246|4496;-5185|4361;-5198|4263;-5345|3775;-5327|3675;-5202";1504,30504944041
"ID3860";"ID31 - Irkustk - ID32 - ID33 - ID34 - ID44 - ID35 - ID36 - Khabarovsk - ID38";"3675;-5202|3775;-5327|4263;-5345|4361;-5198|4496;-5185|4616;-5246|4635;-5322|4789;-5479|4895;-5447|4953;-5523";1599,90839666214
"ID3861";"ID38 - Khabarovsk - ID36 - ID35 - ID44 - ID34 - ID33 - ID32 - Irkustk - ID31";"4953;-5523|4895;-5447|4789;-5479|4635;-5322|4616;-5246|4496;-5185|4361;-5198|4263;-5345|3775;-5327|3675;-5202";1599,90839666214
"Vladivostok60";"ID31 - Irkustk - ID32 - ID33 - ID34 - ID44 - ID35 - ID36 - Khabarovsk - ID38 - Vladivostok";"3675;-5202|3775;-5327|4263;-5345|4361;-5198|4496;-5185|4616;-5246|4635;-5322|4789;-5479|4895;-5447|4953;-5523|4843;-5751";1853,05657461332
"Vladivostok61";"Vladivostok - ID38 - Khabarovsk - ID36 - ID35 - ID44 - ID34 - ID33 - ID32 - Irkustk - ID31";"4843;-5751|4953;-5523|4895;-5447|4789;-5479|4635;-5322|4616;-5246|4496;-5185|4361;-5198|4263;-5345|3775;-5327|3675;-5202";1853,05657461332
"ID4060";"ID31 - Novosibirsk - Omsk - ID41 - ID40";"3675;-5202|2992;-5135|2661;-5156|2583;-5016|2446;-4971";1322,40739659352
"ID4061";"ID40 - ID41 - Omsk - Novosibirsk - ID31";"2446;-4971|2583;-5016|2661;-5156|2992;-5135|3675;-5202";1322,40739659352
"ID4160";"ID31 - Novosibirsk - Omsk - ID41";"3675;-5202|2992;-5135|2661;-5156|2583;-5016";1178,20614833263
"ID4161";"ID41 - Omsk - Novosibirsk - ID31";"2583;-5016|2661;-5156|2992;-5135|3675;-5202";1178,20614833263
"ID4260";"ID31 - Novosibirsk - Omsk - Samara - ID18 - Moscou - ID3 - Petrograd - ID42";"3675;-5202|2992;-5135|2661;-5156|1827;-5227|1650;-5185|1352;-5056|1209;-4843|1089;-4834|1006;-4742";2862,39280372072
"ID4261";"ID42 - Petrograd - ID3 - Moscou - ID18 - Samara - Omsk - Novosibirsk - ID31";"1006;-4742|1089;-4834|1209;-4843|1352;-5056|1650;-5185|1827;-5227|2661;-5156|2992;-5135|3675;-5202";2862,39280372072
"ID4360";"ID31 - Novosibirsk - Omsk - Samara - ID18 - Moscou - ID3 - Petrograd - ID43";"3675;-5202|2992;-5135|2661;-5156|1827;-5227|1650;-5185|1352;-5056|1209;-4843|1089;-4834|1033;-4904";2828,12931968795
"ID4361";"ID43 - Petrograd - ID3 - Moscou - ID18 - Samara - Omsk - Novosibirsk - ID31";"1033;-4904|1089;-4834|1209;-4843|1352;-5056|1650;-5185|1827;-5227|2661;-5156|2992;-5135|3675;-5202";2828,12931968795
"ID4460";"ID31 - Irkustk - ID32 - ID33 - ID34 - ID44";"3675;-5202|3775;-5327|4263;-5345|4361;-5198|4496;-5185|4616;-5246";1095,32071810872
"ID4461";"ID44 - ID34 - ID33 - ID32 - Irkustk - ID31";"4616;-5246|4496;-5185|4361;-5198|4263;-5345|3775;-5327|3675;-5202";1095,32071810872
"ID3362";"ID32 - ID33";"4263;-5345|4361;-5198";176,672012497735
"ID3363";"ID33 - ID32";"4361;-5198|4263;-5345";176,672012497735
"ID3462";"ID32 - ID33 - ID34";"4263;-5345|4361;-5198|4496;-5185";312,296494063565
"ID3463";"ID34 - ID33 - ID32";"4496;-5185|4361;-5198|4263;-5345";312,296494063565
"ID3562";"ID32 - ID33 - ID34 - ID44 - ID35";"4263;-5345|4361;-5198|4496;-5185|4616;-5246|4635;-5322";525,249764681898
"ID3563";"ID35 - ID44 - ID34 - ID33 - ID32";"4635;-5322|4616;-5246|4496;-5185|4361;-5198|4263;-5345";525,249764681898
"ID3662";"ID32 - ID33 - ID34 - ID44 - ID35 - ID36";"4263;-5345|4361;-5198|4496;-5185|4616;-5246|4635;-5322|4789;-5479";745,170204841515
"ID3663";"ID36 - ID35 - ID44 - ID34 - ID33 - ID32";"4789;-5479|4635;-5322|4616;-5246|4496;-5185|4361;-5198|4263;-5345";745,170204841515
"Khabarovsk62";"ID32 - ID33 - ID34 - ID44 - ID35 - ID36 - Khabarovsk";"4263;-5345|4361;-5198|4496;-5185|4616;-5246|4635;-5322|4789;-5479|4895;-5447";855,895089126847
"Khabarovsk63";"Khabarovsk - ID36 - ID35 - ID44 - ID34 - ID33 - ID32";"4895;-5447|4789;-5479|4635;-5322|4616;-5246|4496;-5185|4361;-5198|4263;-5345";855,895089126847
"ID3862";"ID32 - ID33 - ID34 - ID44 - ID35 - ID36 - Khabarovsk - ID38";"4263;-5345|4361;-5198|4496;-5185|4616;-5246|4635;-5322|4789;-5479|4895;-5447|4953;-5523";951,498436348584
"ID3863";"ID38 - Khabarovsk - ID36 - ID35 - ID44 - ID34 - ID33 - ID32";"4953;-5523|4895;-5447|4789;-5479|4635;-5322|4616;-5246|4496;-5185|4361;-5198|4263;-5345";951,498436348584
"Vladivostok62";"ID32 - ID33 - ID34 - ID44 - ID35 - ID36 - Khabarovsk - ID38 - Vladivostok";"4263;-5345|4361;-5198|4496;-5185|4616;-5246|4635;-5322|4789;-5479|4895;-5447|4953;-5523|4843;-5751";1204,64661429976
"Vladivostok63";"Vladivostok - ID38 - Khabarovsk - ID36 - ID35 - ID44 - ID34 - ID33 - ID32";"4843;-5751|4953;-5523|4895;-5447|4789;-5479|4635;-5322|4616;-5246|4496;-5185|4361;-5198|4263;-5345";1204,64661429976
"ID4062";"ID32 - Irkustk - ID31 - Novosibirsk - Omsk - ID41 - ID40";"4263;-5345|3775;-5327|3675;-5202|2992;-5135|2661;-5156|2583;-5016|2446;-4971";1970,81735690708
"ID4063";"ID40 - ID41 - Omsk - Novosibirsk - ID31 - Irkustk - ID32";"2446;-4971|2583;-5016|2661;-5156|2992;-5135|3675;-5202|3775;-5327|4263;-5345";1970,81735690708
"ID4162";"ID32 - Irkustk - ID31 - Novosibirsk - Omsk - ID41";"4263;-5345|3775;-5327|3675;-5202|2992;-5135|2661;-5156|2583;-5016";1826,61610864619
"ID4163";"ID41 - Omsk - Novosibirsk - ID31 - Irkustk - ID32";"2583;-5016|2661;-5156|2992;-5135|3675;-5202|3775;-5327|4263;-5345";1826,61610864619
"ID4262";"ID32 - Irkustk - ID31 - Novosibirsk - Omsk - Samara - ID18 - Moscou - ID3 - Petrograd - ID42";"4263;-5345|3775;-5327|3675;-5202|2992;-5135|2661;-5156|1827;-5227|1650;-5185|1352;-5056|1209;-4843|1089;-4834|1006;-4742";3510,80276403428
"ID4263";"ID42 - Petrograd - ID3 - Moscou - ID18 - Samara - Omsk - Novosibirsk - ID31 - Irkustk - ID32";"1006;-4742|1089;-4834|1209;-4843|1352;-5056|1650;-5185|1827;-5227|2661;-5156|2992;-5135|3675;-5202|3775;-5327|4263;-5345";3510,80276403428
"ID4362";"ID32 - Irkustk - ID31 - Novosibirsk - Omsk - Samara - ID18 - Moscou - ID3 - Petrograd - ID43";"4263;-5345|3775;-5327|3675;-5202|2992;-5135|2661;-5156|1827;-5227|1650;-5185|1352;-5056|1209;-4843|1089;-4834|1033;-4904";3476,53928000151
"ID4363";"ID43 - Petrograd - ID3 - Moscou - ID18 - Samara - Omsk - Novosibirsk - ID31 - Irkustk - ID32";"1033;-4904|1089;-4834|1209;-4843|1352;-5056|1650;-5185|1827;-5227|2661;-5156|2992;-5135|3675;-5202|3775;-5327|4263;-5345";3476,53928000151
"ID4462";"ID32 - ID33 - ID34 - ID44";"4263;-5345|4361;-5198|4496;-5185|4616;-5246";446,910757795162
"ID4463";"ID44 - ID34 - ID33 - ID32";"4616;-5246|4496;-5185|4361;-5198|4263;-5345";446,910757795162
"ID3464";"ID33 - ID34";"4361;-5198|4496;-5185";135,624481565829
"ID3465";"ID34 - ID33";"4496;-5185|4361;-5198";135,624481565829
"ID3564";"ID33 - ID34 - ID44 - ID35";"4361;-5198|4496;-5185|4616;-5246|4635;-5322";348,577752184162
"ID3565";"ID35 - ID44 - ID34 - ID33";"4635;-5322|4616;-5246|4496;-5185|4361;-5198";348,577752184162
"ID3664";"ID33 - ID34 - ID44 - ID35 - ID36";"4361;-5198|4496;-5185|4616;-5246|4635;-5322|4789;-5479";568,49819234378
"ID3665";"ID36 - ID35 - ID44 - ID34 - ID33";"4789;-5479|4635;-5322|4616;-5246|4496;-5185|4361;-5198";568,49819234378
"Khabarovsk64";"ID33 - ID34 - ID44 - ID35 - ID36 - Khabarovsk";"4361;-5198|4496;-5185|4616;-5246|4635;-5322|4789;-5479|4895;-5447";679,223076629111
"Khabarovsk65";"Khabarovsk - ID36 - ID35 - ID44 - ID34 - ID33";"4895;-5447|4789;-5479|4635;-5322|4616;-5246|4496;-5185|4361;-5198";679,223076629111
"ID3864";"ID33 - ID34 - ID44 - ID35 - ID36 - Khabarovsk - ID38";"4361;-5198|4496;-5185|4616;-5246|4635;-5322|4789;-5479|4895;-5447|4953;-5523";774,826423850848
"ID3865";"ID38 - Khabarovsk - ID36 - ID35 - ID44 - ID34 - ID33";"4953;-5523|4895;-5447|4789;-5479|4635;-5322|4616;-5246|4496;-5185|4361;-5198";774,826423850848
"Vladivostok64";"ID33 - ID34 - ID44 - ID35 - ID36 - Khabarovsk - ID38 - Vladivostok";"4361;-5198|4496;-5185|4616;-5246|4635;-5322|4789;-5479|4895;-5447|4953;-5523|4843;-5751";1027,97460180202
"Vladivostok65";"Vladivostok - ID38 - Khabarovsk - ID36 - ID35 - ID44 - ID34 - ID33";"4843;-5751|4953;-5523|4895;-5447|4789;-5479|4635;-5322|4616;-5246|4496;-5185|4361;-5198";1027,97460180202
"ID4064";"ID33 - ID32 - Irkustk - ID31 - Novosibirsk - Omsk - ID41 - ID40";"4361;-5198|4263;-5345|3775;-5327|3675;-5202|2992;-5135|2661;-5156|2583;-5016|2446;-4971";2147,48936940482
"ID4065";"ID40 - ID41 - Omsk - Novosibirsk - ID31 - Irkustk - ID32 - ID33";"2446;-4971|2583;-5016|2661;-5156|2992;-5135|3675;-5202|3775;-5327|4263;-5345|4361;-5198";2147,48936940482
"ID4164";"ID33 - ID32 - Irkustk - ID31 - Novosibirsk - Omsk - ID41";"4361;-5198|4263;-5345|3775;-5327|3675;-5202|2992;-5135|2661;-5156|2583;-5016";2003,28812114392
"ID4165";"ID41 - Omsk - Novosibirsk - ID31 - Irkustk - ID32 - ID33";"2583;-5016|2661;-5156|2992;-5135|3675;-5202|3775;-5327|4263;-5345|4361;-5198";2003,28812114392
"ID4264";"ID33 - ID32 - Irkustk - ID31 - Novosibirsk - Omsk - Samara - ID18 - Moscou - ID3 - Petrograd - ID42";"4361;-5198|4263;-5345|3775;-5327|3675;-5202|2992;-5135|2661;-5156|1827;-5227|1650;-5185|1352;-5056|1209;-4843|1089;-4834|1006;-4742";3687,47477653201
"ID4265";"ID42 - Petrograd - ID3 - Moscou - ID18 - Samara - Omsk - Novosibirsk - ID31 - Irkustk - ID32 - ID33";"1006;-4742|1089;-4834|1209;-4843|1352;-5056|1650;-5185|1827;-5227|2661;-5156|2992;-5135|3675;-5202|3775;-5327|4263;-5345|4361;-5198";3687,47477653201
"ID4364";"ID33 - ID32 - Irkustk - ID31 - Novosibirsk - Omsk - Samara - ID18 - Moscou - ID3 - Petrograd - ID43";"4361;-5198|4263;-5345|3775;-5327|3675;-5202|2992;-5135|2661;-5156|1827;-5227|1650;-5185|1352;-5056|1209;-4843|1089;-4834|1033;-4904";3653,21129249924
"ID4365";"ID43 - Petrograd - ID3 - Moscou - ID18 - Samara - Omsk - Novosibirsk - ID31 - Irkustk - ID32 - ID33";"1033;-4904|1089;-4834|1209;-4843|1352;-5056|1650;-5185|1827;-5227|2661;-5156|2992;-5135|3675;-5202|3775;-5327|4263;-5345|4361;-5198";3653,21129249924
"ID4464";"ID33 - ID34 - ID44";"4361;-5198|4496;-5185|4616;-5246";270,238745297427
"ID4465";"ID44 - ID34 - ID33";"4616;-5246|4496;-5185|4361;-5198";270,238745297427
"ID3566";"ID34 - ID44 - ID35";"4496;-5185|4616;-5246|4635;-5322";212,953270618333
"ID3567";"ID35 - ID44 - ID34";"4635;-5322|4616;-5246|4496;-5185";212,953270618333
"ID3666";"ID34 - ID44 - ID35 - ID36";"4496;-5185|4616;-5246|4635;-5322|4789;-5479";432,87371077795
"ID3667";"ID36 - ID35 - ID44 - ID34";"4789;-5479|4635;-5322|4616;-5246|4496;-5185";432,87371077795
"Khabarovsk66";"ID34 - ID44 - ID35 - ID36 - Khabarovsk";"4496;-5185|4616;-5246|4635;-5322|4789;-5479|4895;-5447";543,598595063282
"Khabarovsk67";"Khabarovsk - ID36 - ID35 - ID44 - ID34";"4895;-5447|4789;-5479|4635;-5322|4616;-5246|4496;-5185";543,598595063282
"ID3866";"ID34 - ID44 - ID35 - ID36 - Khabarovsk - ID38";"4496;-5185|4616;-5246|4635;-5322|4789;-5479|4895;-5447|4953;-5523";639,201942285019
"ID3867";"ID38 - Khabarovsk - ID36 - ID35 - ID44 - ID34";"4953;-5523|4895;-5447|4789;-5479|4635;-5322|4616;-5246|4496;-5185";639,201942285019
"Vladivostok66";"ID34 - ID44 - ID35 - ID36 - Khabarovsk - ID38 - Vladivostok";"4496;-5185|4616;-5246|4635;-5322|4789;-5479|4895;-5447|4953;-5523|4843;-5751";892,350120236194
"Vladivostok67";"Vladivostok - ID38 - Khabarovsk - ID36 - ID35 - ID44 - ID34";"4843;-5751|4953;-5523|4895;-5447|4789;-5479|4635;-5322|4616;-5246|4496;-5185";892,350120236194
"ID4066";"ID34 - ID33 - ID32 - Irkustk - ID31 - Novosibirsk - Omsk - ID41 - ID40";"4496;-5185|4361;-5198|4263;-5345|3775;-5327|3675;-5202|2992;-5135|2661;-5156|2583;-5016|2446;-4971";2283,11385097065
"ID4067";"ID40 - ID41 - Omsk - Novosibirsk - ID31 - Irkustk - ID32 - ID33 - ID34";"2446;-4971|2583;-5016|2661;-5156|2992;-5135|3675;-5202|3775;-5327|4263;-5345|4361;-5198|4496;-5185";2283,11385097065
"ID4166";"ID34 - ID33 - ID32 - Irkustk - ID31 - Novosibirsk - Omsk - ID41";"4496;-5185|4361;-5198|4263;-5345|3775;-5327|3675;-5202|2992;-5135|2661;-5156|2583;-5016";2138,91260270975
"ID4167";"ID41 - Omsk - Novosibirsk - ID31 - Irkustk - ID32 - ID33 - ID34";"2583;-5016|2661;-5156|2992;-5135|3675;-5202|3775;-5327|4263;-5345|4361;-5198|4496;-5185";2138,91260270975
"ID4266";"ID34 - ID33 - ID32 - Irkustk - ID31 - Novosibirsk - Omsk - Samara - ID18 - Moscou - ID3 - Petrograd - ID42";"4496;-5185|4361;-5198|4263;-5345|3775;-5327|3675;-5202|2992;-5135|2661;-5156|1827;-5227|1650;-5185|1352;-5056|1209;-4843|1089;-4834|1006;-4742";3823,09925809784
"ID4267";"ID42 - Petrograd - ID3 - Moscou - ID18 - Samara - Omsk - Novosibirsk - ID31 - Irkustk - ID32 - ID33 - ID34";"1006;-4742|1089;-4834|1209;-4843|1352;-5056|1650;-5185|1827;-5227|2661;-5156|2992;-5135|3675;-5202|3775;-5327|4263;-5345|4361;-5198|4496;-5185";3823,09925809784
"ID4366";"ID34 - ID33 - ID32 - Irkustk - ID31 - Novosibirsk - Omsk - Samara - ID18 - Moscou - ID3 - Petrograd - ID43";"4496;-5185|4361;-5198|4263;-5345|3775;-5327|3675;-5202|2992;-5135|2661;-5156|1827;-5227|1650;-5185|1352;-5056|1209;-4843|1089;-4834|1033;-4904";3788,83577406507
"ID4367";"ID43 - Petrograd - ID3 - Moscou - ID18 - Samara - Omsk - Novosibirsk - ID31 - Irkustk - ID32 - ID33 - ID34";"1033;-4904|1089;-4834|1209;-4843|1352;-5056|1650;-5185|1827;-5227|2661;-5156|2992;-5135|3675;-5202|3775;-5327|4263;-5345|4361;-5198|4496;-5185";3788,83577406507
"ID4466";"ID34 - ID44";"4496;-5185|4616;-5246";134,614263731597
"ID4467";"ID44 - ID34";"4616;-5246|4496;-5185";134,614263731597
"ID3668";"ID35 - ID36";"4635;-5322|4789;-5479";219,920440159618
"ID3669";"ID36 - ID35";"4789;-5479|4635;-5322";219,920440159618
"Khabarovsk68";"ID35 - ID36 - Khabarovsk";"4635;-5322|4789;-5479|4895;-5447";330,645324444949
"Khabarovsk69";"Khabarovsk - ID36 - ID35";"4895;-5447|4789;-5479|4635;-5322";330,645324444949
"ID3868";"ID35 - ID36 - Khabarovsk - ID38";"4635;-5322|4789;-5479|4895;-5447|4953;-5523";426,248671666686
"ID3869";"ID38 - Khabarovsk - ID36 - ID35";"4953;-5523|4895;-5447|4789;-5479|4635;-5322";426,248671666686
"Vladivostok68";"ID35 - ID36 - Khabarovsk - ID38 - Vladivostok";"4635;-5322|4789;-5479|4895;-5447|4953;-5523|4843;-5751";679,396849617861
"Vladivostok69";"Vladivostok - ID38 - Khabarovsk - ID36 - ID35";"4843;-5751|4953;-5523|4895;-5447|4789;-5479|4635;-5322";679,396849617861
"ID4068";"ID35 - ID44 - ID34 - ID33 - ID32 - Irkustk - ID31 - Novosibirsk - Omsk - ID41 - ID40";"4635;-5322|4616;-5246|4496;-5185|4361;-5198|4263;-5345|3775;-5327|3675;-5202|2992;-5135|2661;-5156|2583;-5016|2446;-4971";2496,06712158898
"ID4069";"ID40 - ID41 - Omsk - Novosibirsk - ID31 - Irkustk - ID32 - ID33 - ID34 - ID44 - ID35";"2446;-4971|2583;-5016|2661;-5156|2992;-5135|3675;-5202|3775;-5327|4263;-5345|4361;-5198|4496;-5185|4616;-5246|4635;-5322";2496,06712158898
"ID4168";"ID35 - ID44 - ID34 - ID33 - ID32 - Irkustk - ID31 - Novosibirsk - Omsk - ID41";"4635;-5322|4616;-5246|4496;-5185|4361;-5198|4263;-5345|3775;-5327|3675;-5202|2992;-5135|2661;-5156|2583;-5016";2351,86587332809
"ID4169";"ID41 - Omsk - Novosibirsk - ID31 - Irkustk - ID32 - ID33 - ID34 - ID44 - ID35";"2583;-5016|2661;-5156|2992;-5135|3675;-5202|3775;-5327|4263;-5345|4361;-5198|4496;-5185|4616;-5246|4635;-5322";2351,86587332809
"ID4268";"ID35 - ID44 - ID34 - ID33 - ID32 - Irkustk - ID31 - Novosibirsk - Omsk - Samara - ID18 - Moscou - ID3 - Petrograd - ID42";"4635;-5322|4616;-5246|4496;-5185|4361;-5198|4263;-5345|3775;-5327|3675;-5202|2992;-5135|2661;-5156|1827;-5227|1650;-5185|1352;-5056|1209;-4843|1089;-4834|1006;-4742";4036,05252871618
"ID4269";"ID42 - Petrograd - ID3 - Moscou - ID18 - Samara - Omsk - Novosibirsk - ID31 - Irkustk - ID32 - ID33 - ID34 - ID44 - ID35";"1006;-4742|1089;-4834|1209;-4843|1352;-5056|1650;-5185|1827;-5227|2661;-5156|2992;-5135|3675;-5202|3775;-5327|4263;-5345|4361;-5198|4496;-5185|4616;-5246|4635;-5322";4036,05252871618
"ID4368";"ID35 - ID44 - ID34 - ID33 - ID32 - Irkustk - ID31 - Novosibirsk - Omsk - Samara - ID18 - Moscou - ID3 - Petrograd - ID43";"4635;-5322|4616;-5246|4496;-5185|4361;-5198|4263;-5345|3775;-5327|3675;-5202|2992;-5135|2661;-5156|1827;-5227|1650;-5185|1352;-5056|1209;-4843|1089;-4834|1033;-4904";4001,7890446834
"ID4369";"ID43 - Petrograd - ID3 - Moscou - ID18 - Samara - Omsk - Novosibirsk - ID31 - Irkustk - ID32 - ID33 - ID34 - ID44 - ID35";"1033;-4904|1089;-4834|1209;-4843|1352;-5056|1650;-5185|1827;-5227|2661;-5156|2992;-5135|3675;-5202|3775;-5327|4263;-5345|4361;-5198|4496;-5185|4616;-5246|4635;-5322";4001,7890446834
"ID4468";"ID35 - ID44";"4635;-5322|4616;-5246";78,3390068867355
"ID4469";"ID44 - ID35";"4616;-5246|4635;-5322";78,3390068867355
"Khabarovsk70";"ID36 - Khabarovsk";"4789;-5479|4895;-5447";110,724884285331
"Khabarovsk71";"Khabarovsk - ID36";"4895;-5447|4789;-5479";110,724884285331
"ID3870";"ID36 - Khabarovsk - ID38";"4789;-5479|4895;-5447|4953;-5523";206,328231507068
"ID3871";"ID38 - Khabarovsk - ID36";"4953;-5523|4895;-5447|4789;-5479";206,328231507068
"Vladivostok70";"ID36 - Khabarovsk - ID38 - Vladivostok";"4789;-5479|4895;-5447|4953;-5523|4843;-5751";459,476409458244
"Vladivostok71";"Vladivostok - ID38 - Khabarovsk - ID36";"4843;-5751|4953;-5523|4895;-5447|4789;-5479";459,476409458244
"ID4070";"ID36 - ID35 - ID44 - ID34 - ID33 - ID32 - Irkustk - ID31 - Novosibirsk - Omsk - ID41 - ID40";"4789;-5479|4635;-5322|4616;-5246|4496;-5185|4361;-5198|4263;-5345|3775;-5327|3675;-5202|2992;-5135|2661;-5156|2583;-5016|2446;-4971";2715,9875617486
"ID4071";"ID40 - ID41 - Omsk - Novosibirsk - ID31 - Irkustk - ID32 - ID33 - ID34 - ID44 - ID35 - ID36";"2446;-4971|2583;-5016|2661;-5156|2992;-5135|3675;-5202|3775;-5327|4263;-5345|4361;-5198|4496;-5185|4616;-5246|4635;-5322|4789;-5479";2715,9875617486
"ID4170";"ID36 - ID35 - ID44 - ID34 - ID33 - ID32 - Irkustk - ID31 - Novosibirsk - Omsk - ID41";"4789;-5479|4635;-5322|4616;-5246|4496;-5185|4361;-5198|4263;-5345|3775;-5327|3675;-5202|2992;-5135|2661;-5156|2583;-5016";2571,7863134877
"ID4171";"ID41 - Omsk - Novosibirsk - ID31 - Irkustk - ID32 - ID33 - ID34 - ID44 - ID35 - ID36";"2583;-5016|2661;-5156|2992;-5135|3675;-5202|3775;-5327|4263;-5345|4361;-5198|4496;-5185|4616;-5246|4635;-5322|4789;-5479";2571,7863134877
"ID4270";"ID36 - ID35 - ID44 - ID34 - ID33 - ID32 - Irkustk - ID31 - Novosibirsk - Omsk - Samara - ID18 - Moscou - ID3 - Petrograd - ID42";"4789;-5479|4635;-5322|4616;-5246|4496;-5185|4361;-5198|4263;-5345|3775;-5327|3675;-5202|2992;-5135|2661;-5156|1827;-5227|1650;-5185|1352;-5056|1209;-4843|1089;-4834|1006;-4742";4255,97296887579
"ID4271";"ID42 - Petrograd - ID3 - Moscou - ID18 - Samara - Omsk - Novosibirsk - ID31 - Irkustk - ID32 - ID33 - ID34 - ID44 - ID35 - ID36";"1006;-4742|1089;-4834|1209;-4843|1352;-5056|1650;-5185|1827;-5227|2661;-5156|2992;-5135|3675;-5202|3775;-5327|4263;-5345|4361;-5198|4496;-5185|4616;-5246|4635;-5322|4789;-5479";4255,97296887579
"ID4370";"ID36 - ID35 - ID44 - ID34 - ID33 - ID32 - Irkustk - ID31 - Novosibirsk - Omsk - Samara - ID18 - Moscou - ID3 - Petrograd - ID43";"4789;-5479|4635;-5322|4616;-5246|4496;-5185|4361;-5198|4263;-5345|3775;-5327|3675;-5202|2992;-5135|2661;-5156|1827;-5227|1650;-5185|1352;-5056|1209;-4843|1089;-4834|1033;-4904";4221,70948484302
"ID4371";"ID43 - Petrograd - ID3 - Moscou - ID18 - Samara - Omsk - Novosibirsk - ID31 - Irkustk - ID32 - ID33 - ID34 - ID44 - ID35 - ID36";"1033;-4904|1089;-4834|1209;-4843|1352;-5056|1650;-5185|1827;-5227|2661;-5156|2992;-5135|3675;-5202|3775;-5327|4263;-5345|4361;-5198|4496;-5185|4616;-5246|4635;-5322|4789;-5479";4221,70948484302
"ID4470";"ID36 - ID35 - ID44";"4789;-5479|4635;-5322|4616;-5246";298,259447046353
"ID4471";"ID44 - ID35 - ID36";"4616;-5246|4635;-5322|4789;-5479";298,259447046353
"ID3872";"Khabarovsk - ID38";"4895;-5447|4953;-5523";95,603347221737
"ID3873";"ID38 - Khabarovsk";"4953;-5523|4895;-5447";95,603347221737
"Vladivostok72";"Khabarovsk - ID38 - Vladivostok";"4895;-5447|4953;-5523|4843;-5751";348,751525172912
"Vladivostok73";"Vladivostok - ID38 - Khabarovsk";"4843;-5751|4953;-5523|4895;-5447";348,751525172912
"ID4072";"Khabarovsk - ID36 - ID35 - ID44 - ID34 - ID33 - ID32 - Irkustk - ID31 - Novosibirsk - Omsk - ID41 - ID40";"4895;-5447|4789;-5479|4635;-5322|4616;-5246|4496;-5185|4361;-5198|4263;-5345|3775;-5327|3675;-5202|2992;-5135|2661;-5156|2583;-5016|2446;-4971";2826,71244603393
"ID4073";"ID40 - ID41 - Omsk - Novosibirsk - ID31 - Irkustk - ID32 - ID33 - ID34 - ID44 - ID35 - ID36 - Khabarovsk";"2446;-4971|2583;-5016|2661;-5156|2992;-5135|3675;-5202|3775;-5327|4263;-5345|4361;-5198|4496;-5185|4616;-5246|4635;-5322|4789;-5479|4895;-5447";2826,71244603393
"ID4172";"Khabarovsk - ID36 - ID35 - ID44 - ID34 - ID33 - ID32 - Irkustk - ID31 - Novosibirsk - Omsk - ID41";"4895;-5447|4789;-5479|4635;-5322|4616;-5246|4496;-5185|4361;-5198|4263;-5345|3775;-5327|3675;-5202|2992;-5135|2661;-5156|2583;-5016";2682,51119777303
"ID4173";"ID41 - Omsk - Novosibirsk - ID31 - Irkustk - ID32 - ID33 - ID34 - ID44 - ID35 - ID36 - Khabarovsk";"2583;-5016|2661;-5156|2992;-5135|3675;-5202|3775;-5327|4263;-5345|4361;-5198|4496;-5185|4616;-5246|4635;-5322|4789;-5479|4895;-5447";2682,51119777303
"ID4272";"Khabarovsk - ID36 - ID35 - ID44 - ID34 - ID33 - ID32 - Irkustk - ID31 - Novosibirsk - Omsk - Samara - ID18 - Moscou - ID3 - Petrograd - ID42";"4895;-5447|4789;-5479|4635;-5322|4616;-5246|4496;-5185|4361;-5198|4263;-5345|3775;-5327|3675;-5202|2992;-5135|2661;-5156|1827;-5227|1650;-5185|1352;-5056|1209;-4843|1089;-4834|1006;-4742";4366,69785316112
"ID4273";"ID42 - Petrograd - ID3 - Moscou - ID18 - Samara - Omsk - Novosibirsk - ID31 - Irkustk - ID32 - ID33 - ID34 - ID44 - ID35 - ID36 - Khabarovsk";"1006;-4742|1089;-4834|1209;-4843|1352;-5056|1650;-5185|1827;-5227|2661;-5156|2992;-5135|3675;-5202|3775;-5327|4263;-5345|4361;-5198|4496;-5185|4616;-5246|4635;-5322|4789;-5479|4895;-5447";4366,69785316112
"ID4372";"Khabarovsk - ID36 - ID35 - ID44 - ID34 - ID33 - ID32 - Irkustk - ID31 - Novosibirsk - Omsk - Samara - ID18 - Moscou - ID3 - Petrograd - ID43";"4895;-5447|4789;-5479|4635;-5322|4616;-5246|4496;-5185|4361;-5198|4263;-5345|3775;-5327|3675;-5202|2992;-5135|2661;-5156|1827;-5227|1650;-5185|1352;-5056|1209;-4843|1089;-4834|1033;-4904";4332,43436912835
"ID4373";"ID43 - Petrograd - ID3 - Moscou - ID18 - Samara - Omsk - Novosibirsk - ID31 - Irkustk - ID32 - ID33 - ID34 - ID44 - ID35 - ID36 - Khabarovsk";"1033;-4904|1089;-4834|1209;-4843|1352;-5056|1650;-5185|1827;-5227|2661;-5156|2992;-5135|3675;-5202|3775;-5327|4263;-5345|4361;-5198|4496;-5185|4616;-5246|4635;-5322|4789;-5479|4895;-5447";4332,43436912835
"ID4472";"Khabarovsk - ID36 - ID35 - ID44";"4895;-5447|4789;-5479|4635;-5322|4616;-5246";408,984331331685
"ID4473";"ID44 - ID35 - ID36 - Khabarovsk";"4616;-5246|4635;-5322|4789;-5479|4895;-5447";408,984331331685
"Vladivostok74";"ID38 - Vladivostok";"4953;-5523|4843;-5751";253,148177951175
"Vladivostok75";"Vladivostok - ID38";"4843;-5751|4953;-5523";253,148177951175
"ID4074";"ID38 - Khabarovsk - ID36 - ID35 - ID44 - ID34 - ID33 - ID32 - Irkustk - ID31 - Novosibirsk - Omsk - ID41 - ID40";"4953;-5523|4895;-5447|4789;-5479|4635;-5322|4616;-5246|4496;-5185|4361;-5198|4263;-5345|3775;-5327|3675;-5202|2992;-5135|2661;-5156|2583;-5016|2446;-4971";2922,31579325567
"ID4075";"ID40 - ID41 - Omsk - Novosibirsk - ID31 - Irkustk - ID32 - ID33 - ID34 - ID44 - ID35 - ID36 - Khabarovsk - ID38";"2446;-4971|2583;-5016|2661;-5156|2992;-5135|3675;-5202|3775;-5327|4263;-5345|4361;-5198|4496;-5185|4616;-5246|4635;-5322|4789;-5479|4895;-5447|4953;-5523";2922,31579325567
"ID4174";"ID38 - Khabarovsk - ID36 - ID35 - ID44 - ID34 - ID33 - ID32 - Irkustk - ID31 - Novosibirsk - Omsk - ID41";"4953;-5523|4895;-5447|4789;-5479|4635;-5322|4616;-5246|4496;-5185|4361;-5198|4263;-5345|3775;-5327|3675;-5202|2992;-5135|2661;-5156|2583;-5016";2778,11454499477
"ID4175";"ID41 - Omsk - Novosibirsk - ID31 - Irkustk - ID32 - ID33 - ID34 - ID44 - ID35 - ID36 - Khabarovsk - ID38";"2583;-5016|2661;-5156|2992;-5135|3675;-5202|3775;-5327|4263;-5345|4361;-5198|4496;-5185|4616;-5246|4635;-5322|4789;-5479|4895;-5447|4953;-5523";2778,11454499477
"ID4274";"ID38 - Khabarovsk - ID36 - ID35 - ID44 - ID34 - ID33 - ID32 - Irkustk - ID31 - Novosibirsk - Omsk - Samara - ID18 - Moscou - ID3 - Petrograd - ID42";"4953;-5523|4895;-5447|4789;-5479|4635;-5322|4616;-5246|4496;-5185|4361;-5198|4263;-5345|3775;-5327|3675;-5202|2992;-5135|2661;-5156|1827;-5227|1650;-5185|1352;-5056|1209;-4843|1089;-4834|1006;-4742";4462,30120038286
"ID4275";"ID42 - Petrograd - ID3 - Moscou - ID18 - Samara - Omsk - Novosibirsk - ID31 - Irkustk - ID32 - ID33 - ID34 - ID44 - ID35 - ID36 - Khabarovsk - ID38";"1006;-4742|1089;-4834|1209;-4843|1352;-5056|1650;-5185|1827;-5227|2661;-5156|2992;-5135|3675;-5202|3775;-5327|4263;-5345|4361;-5198|4496;-5185|4616;-5246|4635;-5322|4789;-5479|4895;-5447|4953;-5523";4462,30120038286
"ID4374";"ID38 - Khabarovsk - ID36 - ID35 - ID44 - ID34 - ID33 - ID32 - Irkustk - ID31 - Novosibirsk - Omsk - Samara - ID18 - Moscou - ID3 - Petrograd - ID43";"4953;-5523|4895;-5447|4789;-5479|4635;-5322|4616;-5246|4496;-5185|4361;-5198|4263;-5345|3775;-5327|3675;-5202|2992;-5135|2661;-5156|1827;-5227|1650;-5185|1352;-5056|1209;-4843|1089;-4834|1033;-4904";4428,03771635009
"ID4375";"ID43 - Petrograd - ID3 - Moscou - ID18 - Samara - Omsk - Novosibirsk - ID31 - Irkustk - ID32 - ID33 - ID34 - ID44 - ID35 - ID36 - Khabarovsk - ID38";"1033;-4904|1089;-4834|1209;-4843|1352;-5056|1650;-5185|1827;-5227|2661;-5156|2992;-5135|3675;-5202|3775;-5327|4263;-5345|4361;-5198|4496;-5185|4616;-5246|4635;-5322|4789;-5479|4895;-5447|4953;-5523";4428,03771635009
"ID4474";"ID38 - Khabarovsk - ID36 - ID35 - ID44";"4953;-5523|4895;-5447|4789;-5479|4635;-5322|4616;-5246";504,587678553421
"ID4475";"ID44 - ID35 - ID36 - Khabarovsk - ID38";"4616;-5246|4635;-5322|4789;-5479|4895;-5447|4953;-5523";504,587678553421
"ID4076";"Vladivostok - ID38 - Khabarovsk - ID36 - ID35 - ID44 - ID34 - ID33 - ID32 - Irkustk - ID31 - Novosibirsk - Omsk - ID41 - ID40";"4843;-5751|4953;-5523|4895;-5447|4789;-5479|4635;-5322|4616;-5246|4496;-5185|4361;-5198|4263;-5345|3775;-5327|3675;-5202|2992;-5135|2661;-5156|2583;-5016|2446;-4971";3175,46397120684
"ID4077";"ID40 - ID41 - Omsk - Novosibirsk - ID31 - Irkustk - ID32 - ID33 - ID34 - ID44 - ID35 - ID36 - Khabarovsk - ID38 - Vladivostok";"2446;-4971|2583;-5016|2661;-5156|2992;-5135|3675;-5202|3775;-5327|4263;-5345|4361;-5198|4496;-5185|4616;-5246|4635;-5322|4789;-5479|4895;-5447|4953;-5523|4843;-5751";3175,46397120684
"ID4176";"Vladivostok - ID38 - Khabarovsk - ID36 - ID35 - ID44 - ID34 - ID33 - ID32 - Irkustk - ID31 - Novosibirsk - Omsk - ID41";"4843;-5751|4953;-5523|4895;-5447|4789;-5479|4635;-5322|4616;-5246|4496;-5185|4361;-5198|4263;-5345|3775;-5327|3675;-5202|2992;-5135|2661;-5156|2583;-5016";3031,26272294595
"ID4177";"ID41 - Omsk - Novosibirsk - ID31 - Irkustk - ID32 - ID33 - ID34 - ID44 - ID35 - ID36 - Khabarovsk - ID38 - Vladivostok";"2583;-5016|2661;-5156|2992;-5135|3675;-5202|3775;-5327|4263;-5345|4361;-5198|4496;-5185|4616;-5246|4635;-5322|4789;-5479|4895;-5447|4953;-5523|4843;-5751";3031,26272294595
"ID4276";"Vladivostok - ID38 - Khabarovsk - ID36 - ID35 - ID44 - ID34 - ID33 - ID32 - Irkustk - ID31 - Novosibirsk - Omsk - Samara - ID18 - Moscou - ID3 - Petrograd - ID42";"4843;-5751|4953;-5523|4895;-5447|4789;-5479|4635;-5322|4616;-5246|4496;-5185|4361;-5198|4263;-5345|3775;-5327|3675;-5202|2992;-5135|2661;-5156|1827;-5227|1650;-5185|1352;-5056|1209;-4843|1089;-4834|1006;-4742";4715,44937833404
"ID4277";"ID42 - Petrograd - ID3 - Moscou - ID18 - Samara - Omsk - Novosibirsk - ID31 - Irkustk - ID32 - ID33 - ID34 - ID44 - ID35 - ID36 - Khabarovsk - ID38 - Vladivostok";"1006;-4742|1089;-4834|1209;-4843|1352;-5056|1650;-5185|1827;-5227|2661;-5156|2992;-5135|3675;-5202|3775;-5327|4263;-5345|4361;-5198|4496;-5185|4616;-5246|4635;-5322|4789;-5479|4895;-5447|4953;-5523|4843;-5751";4715,44937833404
"ID4376";"Vladivostok - ID38 - Khabarovsk - ID36 - ID35 - ID44 - ID34 - ID33 - ID32 - Irkustk - ID31 - Novosibirsk - Omsk - Samara - ID18 - Moscou - ID3 - Petrograd - ID43";"4843;-5751|4953;-5523|4895;-5447|4789;-5479|4635;-5322|4616;-5246|4496;-5185|4361;-5198|4263;-5345|3775;-5327|3675;-5202|2992;-5135|2661;-5156|1827;-5227|1650;-5185|1352;-5056|1209;-4843|1089;-4834|1033;-4904";4681,18589430126
"ID4377";"ID43 - Petrograd - ID3 - Moscou - ID18 - Samara - Omsk - Novosibirsk - ID31 - Irkustk - ID32 - ID33 - ID34 - ID44 - ID35 - ID36 - Khabarovsk - ID38 - Vladivostok";"1033;-4904|1089;-4834|1209;-4843|1352;-5056|1650;-5185|1827;-5227|2661;-5156|2992;-5135|3675;-5202|3775;-5327|4263;-5345|4361;-5198|4496;-5185|4616;-5246|4635;-5322|4789;-5479|4895;-5447|4953;-5523|4843;-5751";4681,18589430126
"ID4476";"Vladivostok - ID38 - Khabarovsk - ID36 - ID35 - ID44";"4843;-5751|4953;-5523|4895;-5447|4789;-5479|4635;-5322|4616;-5246";757,735856504597
"ID4477";"ID44 - ID35 - ID36 - Khabarovsk - ID38 - Vladivostok";"4616;-5246|4635;-5322|4789;-5479|4895;-5447|4953;-5523|4843;-5751";757,735856504597
"ID4178";"ID40 - ID41";"2446;-4971|2583;-5016";144,201248260894
"ID4179";"ID41 - ID40";"2583;-5016|2446;-4971";144,201248260894
"ID4278";"ID40 - Perm - Kazan - Moscou - ID3 - Petrograd - ID42";"2446;-4971|2111;-4978|1784;-5076|1352;-5056|1209;-4843|1089;-4834|1006;-4742";1609,69958309228
"ID4279";"ID42 - Petrograd - ID3 - Moscou - Kazan - Perm - ID40";"1006;-4742|1089;-4834|1209;-4843|1352;-5056|1784;-5076|2111;-4978|2446;-4971";1609,69958309228
"ID4378";"ID40 - Perm - Kazan - Moscou - ID3 - Petrograd - ID43";"2446;-4971|2111;-4978|1784;-5076|1352;-5056|1209;-4843|1089;-4834|1033;-4904";1575,43609905951
"ID4379";"ID43 - Petrograd - ID3 - Moscou - Kazan - Perm - ID40";"1033;-4904|1089;-4834|1209;-4843|1352;-5056|1784;-5076|2111;-4978|2446;-4971";1575,43609905951
"ID4478";"ID40 - ID41 - Omsk - Novosibirsk - ID31 - Irkustk - ID32 - ID33 - ID34 - ID44";"2446;-4971|2583;-5016|2661;-5156|2992;-5135|3675;-5202|3775;-5327|4263;-5345|4361;-5198|4496;-5185|4616;-5246";2417,72811470224
"ID4479";"ID44 - ID34 - ID33 - ID32 - Irkustk - ID31 - Novosibirsk - Omsk - ID41 - ID40";"4616;-5246|4496;-5185|4361;-5198|4263;-5345|3775;-5327|3675;-5202|2992;-5135|2661;-5156|2583;-5016|2446;-4971";2417,72811470224
"ID4280";"ID41 - ID40 - Perm - Kazan - Moscou - ID3 - Petrograd - ID42";"2583;-5016|2446;-4971|2111;-4978|1784;-5076|1352;-5056|1209;-4843|1089;-4834|1006;-4742";1753,90083135318
"ID4281";"ID42 - Petrograd - ID3 - Moscou - Kazan - Perm - ID40 - ID41";"1006;-4742|1089;-4834|1209;-4843|1352;-5056|1784;-5076|2111;-4978|2446;-4971|2583;-5016";1753,90083135318
"ID4380";"ID41 - ID40 - Perm - Kazan - Moscou - ID3 - Petrograd - ID43";"2583;-5016|2446;-4971|2111;-4978|1784;-5076|1352;-5056|1209;-4843|1089;-4834|1033;-4904";1719,6373473204
"ID4381";"ID43 - Petrograd - ID3 - Moscou - Kazan - Perm - ID40 - ID41";"1033;-4904|1089;-4834|1209;-4843|1352;-5056|1784;-5076|2111;-4978|2446;-4971|2583;-5016";1719,6373473204
"ID4480";"ID41 - Omsk - Novosibirsk - ID31 - Irkustk - ID32 - ID33 - ID34 - ID44";"2583;-5016|2661;-5156|2992;-5135|3675;-5202|3775;-5327|4263;-5345|4361;-5198|4496;-5185|4616;-5246";2273,52686644135
"ID4481";"ID44 - ID34 - ID33 - ID32 - Irkustk - ID31 - Novosibirsk - Omsk - ID41";"4616;-5246|4496;-5185|4361;-5198|4263;-5345|3775;-5327|3675;-5202|2992;-5135|2661;-5156|2583;-5016";2273,52686644135
"ID4382";"ID42 - Petrograd - ID43";"1006;-4742|1089;-4834|1033;-4904";213,550962680892
"ID4383";"ID43 - Petrograd - ID42";"1033;-4904|1089;-4834|1006;-4742";213,550962680892
"ID4482";"ID42 - Petrograd - ID3 - Moscou - ID18 - Samara - Omsk - Novosibirsk - ID31 - Irkustk - ID32 - ID33 - ID34 - ID44";"1006;-4742|1089;-4834|1209;-4843|1352;-5056|1650;-5185|1827;-5227|2661;-5156|2992;-5135|3675;-5202|3775;-5327|4263;-5345|4361;-5198|4496;-5185|4616;-5246";3957,71352182944
"ID4483";"ID44 - ID34 - ID33 - ID32 - Irkustk - ID31 - Novosibirsk - Omsk - Samara - ID18 - Moscou - ID3 - Petrograd - ID42";"4616;-5246|4496;-5185|4361;-5198|4263;-5345|3775;-5327|3675;-5202|2992;-5135|2661;-5156|1827;-5227|1650;-5185|1352;-5056|1209;-4843|1089;-4834|1006;-4742";3957,71352182944
"ID4484";"ID43 - Petrograd - ID3 - Moscou - ID18 - Samara - Omsk - Novosibirsk - ID31 - Irkustk - ID32 - ID33 - ID34 - ID44";"1033;-4904|1089;-4834|1209;-4843|1352;-5056|1650;-5185|1827;-5227|2661;-5156|2992;-5135|3675;-5202|3775;-5327|4263;-5345|4361;-5198|4496;-5185|4616;-5246";3923,45003779667
"ID4485";"ID44 - ID34 - ID33 - ID32 - Irkustk - ID31 - Novosibirsk - Omsk - Samara - ID18 - Moscou - ID3 - Petrograd - ID43";"4616;-5246|4496;-5185|4361;-5198|4263;-5345|3775;-5327|3675;-5202|2992;-5135|2661;-5156|1827;-5227|1650;-5185|1352;-5056|1209;-4843|1089;-4834|1033;-4904";3923,45003779667
